house_code,pen_code,category_code,report_date,opening_head,in_head,out_head,internal_out_head,sold_head,dead_head,excel_closing,owner_transfer_head,weaned_out_head,recurred_head,aborted_head,infertile_head,entry_date,birth_date_avg,entry_weight,sex_mix,note
BUNMAN1,1-1,FARROW_WAIT,2026-08-06,5,0,0,3,0,0,2,0,0,0,0,0,2026-08-12,,,,
BUNMAN1,1-1,LACT_SOW,2026-08-06,7,3,0,0,0,0,10,0,0,0,0,0,2026-08-12,,,,
BUNMAN1,1-1,SUCK,2026-08-06,99,37,0,0,0,1,135,0,0,0,0,0,2026-08-12,,,,
BUNMAN1,1-10,LACT_SOW,2026-08-06,9,0,6,0,0,0,3,0,0,0,0,0,,,,,
BUNMAN1,1-10,SUCK,2026-08-06,117,0,77,0,0,1,39,0,77,0,0,0,,,,,
BUNMAN1,1-11,FARROW_WAIT,2026-08-06,12,0,0,0,0,1,11,0,0,0,0,0,2026-08-02,,,,
BUNMAN1,1-2,FARROW_WAIT,2026-08-06,8,0,0,5,0,0,3,0,0,0,0,0,,,,,
BUNMAN1,1-2,LACT_SOW,2026-08-06,4,5,0,0,0,0,9,0,0,0,0,0,,,,,
BUNMAN1,1-2,SUCK,2026-08-06,31,60,0,0,0,0,91,0,0,0,0,0,,,,,
BUNMAN1,1-3,FARROW_WAIT,2026-08-06,12,0,0,6,0,0,6,0,0,0,0,0,,,,,
BUNMAN1,1-3,LACT_SOW,2026-08-06,0,6,0,0,0,0,6,0,0,0,0,0,,,,,
BUNMAN1,1-3,SUCK,2026-08-06,0,63,0,0,0,0,63,0,0,0,0,0,,,,,
BUNMAN1,1-4,FARROW_WAIT,2026-08-06,11,0,0,3,0,0,8,0,0,0,0,0,,,,,
BUNMAN1,1-4,LACT_SOW,2026-08-06,1,3,0,0,0,0,4,0,0,0,0,0,,,,,
BUNMAN1,1-4,SUCK,2026-08-06,11,33,0,0,0,1,43,0,0,0,0,0,,,,,
BUNMAN1,1-5,FARROW_WAIT,2026-08-06,6,0,0,1,0,0,5,0,0,0,0,0,,,,,
BUNMAN1,1-5,LACT_SOW,2026-08-06,0,1,0,0,0,0,1,0,0,0,0,0,,,,,
BUNMAN1,1-5,SUCK,2026-08-06,0,12,0,0,0,0,12,0,0,0,0,0,,,,,
BUNMAN1,1-6,LACT_SOW,2026-08-06,12,0,12,0,0,0,0,0,0,0,0,0,2026-07-09,,,,
BUNMAN1,1-6,SUCK,2026-08-06,157,0,157,0,0,0,0,0,157,0,0,0,2026-07-09,,,,
BUNMAN1,1-7,LACT_SOW,2026-08-06,12,0,12,0,0,0,0,0,0,0,0,0,2026-07-12,,,,
BUNMAN1,1-7,SUCK,2026-08-06,149,0,149,0,0,0,0,0,149,0,0,0,2026-07-12,,,,
BUNMAN1,1-8,LACT_SOW,2026-08-06,12,0,12,0,0,0,0,0,0,0,0,0,,,,,
BUNMAN1,1-8,SUCK,2026-08-06,140,0,140,0,0,0,0,0,140,0,0,0,,,,,
BUNMAN1,1-9,LACT_SOW,2026-08-06,12,0,12,0,0,0,0,0,0,0,0,0,,,,,
BUNMAN1,1-9,SUCK,2026-08-06,139,0,139,0,0,0,0,0,139,0,0,0,,,,,
BUNMAN2,2-1,LACT_SOW,2026-08-06,12,0,0,0,0,0,12,0,0,0,0,0,2026-07-19,,,,
BUNMAN2,2-1,SUCK,2026-08-06,136,0,0,0,0,0,136,0,0,0,0,0,2026-07-19,,,,
BUNMAN2,2-10,LACT_SOW,2026-08-06,12,0,0,0,0,0,12,0,0,0,0,0,,,,,
BUNMAN2,2-10,SUCK,2026-08-06,131,0,0,0,0,1,130,0,0,0,0,0,,,,,
BUNMAN2,2-11,FARROW_WAIT,2026-08-06,12,0,0,0,0,0,12,0,0,0,0,0,2026-08-02,,,,
BUNMAN2,2-2,LACT_SOW,2026-08-06,12,0,0,0,0,0,12,0,0,0,0,0,2026-07-12,,,,
BUNMAN2,2-2,SUCK,2026-08-06,152,0,0,0,0,0,152,0,0,0,0,0,2026-07-12,,,,
BUNMAN2,2-3,LACT_SOW,2026-08-06,12,0,0,0,0,0,12,0,0,0,0,0,2026-07-19,,,,
BUNMAN2,2-3,SUCK,2026-08-06,136,0,0,0,0,0,136,0,0,0,0,0,2026-07-19,,,,
BUNMAN2,2-4,LACT_SOW,2026-08-06,10,0,0,0,0,0,10,0,0,0,0,0,,,,,
BUNMAN2,2-4,SUCK,2026-08-06,110,0,0,0,0,0,110,0,0,0,0,0,,,,,
BUNMAN2,2-5,LACT_SOW,2026-08-06,12,0,0,0,0,0,12,0,0,0,0,0,2026-07-12,,,,
BUNMAN2,2-5,SUCK,2026-08-06,127,0,0,0,0,0,127,0,0,0,0,0,2026-07-12,,,,
BUNMAN2,2-6,LACT_SOW,2026-08-06,12,0,0,0,0,0,12,0,0,0,0,0,2026-07-26,,,,
BUNMAN2,2-6,SUCK,2026-08-06,133,0,0,0,0,1,132,0,0,0,0,0,2026-07-26,,,,
BUNMAN2,2-7,LACT_SOW,2026-08-06,12,0,0,0,0,0,12,0,0,0,0,0,,,,,
BUNMAN2,2-7,SUCK,2026-08-06,123,0,0,0,0,0,123,0,0,0,0,0,,,,,
BUNMAN2,2-8,LACT_SOW,2026-08-06,10,0,0,0,0,0,10,0,0,0,0,0,,,,,
BUNMAN2,2-8,SUCK,2026-08-06,129,0,0,0,0,0,129,0,0,0,0,0,,,,,
BUNMAN2,2-9,LACT_SOW,2026-08-06,12,0,0,0,0,0,12,0,0,0,0,0,,,,,
BUNMAN2,2-9,SUCK,2026-08-06,122,0,0,0,0,1,121,0,0,0,0,0,,,,,
IMSIN1,,CAND_F,2026-08-06,0,0,0,0,0,0,0,0,0,0,0,0,,,,,
IMSIN1,,PREG,2026-08-06,317,0,0,0,0,0,317,0,0,0,0,0,,,,,
IMSIN1,,STAY_S,2026-08-06,0,0,0,0,0,0,0,0,0,0,0,0,,,,,
IMSIN2,,CAND_F,2026-08-06,0,0,0,0,0,0,0,0,0,0,0,0,,,,,
IMSIN2,,PREG,2026-08-06,359,0,0,0,0,0,359,0,0,0,0,0,,,,,
IMSIN2,,STAY_S,2026-08-06,0,0,0,0,0,0,0,0,0,0,0,0,,,,,
JADON,1-1,,2026-08-06,131,0,0,0,0,0,131,0,0,0,0,0,7-23,2026-07-02,5,암,
JADON,1-10,,2026-08-06,0,221,0,0,0,0,221,0,0,0,0,0,/,,,암,
JADON,1-11,,2026-08-06,141,0,0,0,0,0,141,0,0,0,0,0,7-12,2026-06-11,5,수,
JADON,1-12,,2026-08-06,122,0,0,0,0,0,122,0,0,0,0,0,/,,,암수,암55
JADON,1-13,,2026-08-06,144,0,0,0,0,0,144,0,0,0,0,0,/,,,임,
JADON,1-14,,2026-08-06,140,0,0,0,0,1,139,0,0,0,0,0,/,,,수,
JADON,1-2,,2026-08-06,130,0,0,0,0,0,130,0,0,0,0,0,/,,,수,
JADON,1-3,,2026-08-06,220,0,0,80,0,0,140,0,0,0,0,0,7-30,2026-07-09,4.8,수,
JADON,1-4,,2026-08-06,227,0,0,87,0,0,140,0,0,0,0,0,/,,,암수,수44
JADON,1-5,,2026-08-06,236,0,0,96,0,0,140,0,0,0,0,0,/,,,암,
JADON,1-6,,2026-08-06,0,132,0,0,0,0,132,0,0,0,0,0,/,,,암,
JADON,1-7,,2026-08-06,0,131,0,0,0,0,131,0,0,0,0,0,/,,,수,
JADON,1-8,,2026-08-06,0,221,0,0,0,0,221,0,0,0,0,0,8-6,2026-07-16,4.9,수,
JADON,1-9,,2026-08-06,0,220,0,0,0,0,220,0,0,0,0,0,/,,,암수,암85
JADON,2-1,,2026-08-06,144,0,0,0,0,0,144,0,0,0,0,0,/,,,암,
JADON,2-10,,2026-08-06,139,0,0,0,0,0,139,0,0,0,0,0,/,,,암,
JADON,2-11,,2026-08-06,140,0,0,0,0,0,140,0,0,0,0,0,/,,,수,
JADON,2-12,,2026-08-06,132,0,0,0,0,0,132,0,0,0,0,0,7-23,2026-07-23,5,암,
JADON,2-13,,2026-08-06,132,0,0,0,0,0,132,0,0,0,0,0,/,,,암,암68
JADON,2-14,,2026-08-06,132,0,0,0,0,0,132,0,0,0,0,0,/,,,암,
JADON,2-2,,2026-08-06,140,0,0,0,0,0,140,0,0,0,0,0,7-9,2026-06-18,5,암,
JADON,2-3,,2026-08-06,125,0,0,0,0,0,125,0,0,0,0,0,/,,,암수,암57
JADON,2-4,,2026-08-06,139,0,0,0,0,0,139,0,0,0,0,0,/,,,수,
JADON,2-5,,2026-08-06,140,0,0,0,0,1,139,0,0,0,0,0,/,,,암,
JADON,2-6,,2026-08-06,140,0,0,0,0,0,140,0,0,0,0,0,/,,,수,
JADON,2-7,,2026-08-06,140,0,0,0,0,0,140,0,0,0,0,0,7-16,2026-06-25,5.4,암,
JADON,2-8,,2026-08-06,132,0,0,0,0,1,131,0,0,0,0,0,/,,,암수,암68
JADON,2-9,,2026-08-06,140,0,0,0,0,0,140,0,0,0,0,0,/,,,수,
JONGBU,,BOAR,2026-08-06,0,0,0,0,0,0,0,0,0,0,0,0,,,,,
JONGBU,,CAND_F,2026-08-06,14,0,0,0,0,0,14,0,0,0,0,0,,,,,
JONGBU,,PREG,2026-08-06,266,0,0,0,0,0,266,0,0,0,0,0,,,,,
JONGBU,,STAY_L,2026-08-06,0,0,0,0,0,0,0,0,0,0,0,0,,,,,
JONGBU,,STAY_S,2026-08-06,0,0,0,0,0,0,0,0,0,0,0,0,,,,,
JONGBU,,WEAN_PIG,2026-08-06,4,0,0,0,0,0,4,0,0,0,0,0,,,,,
SUNCHI,,CAND_F,2026-08-06,191,0,0,0,0,0,191,0,0,0,0,0,,,,,
SUNCHI,,CAND_M,2026-08-06,11,0,0,0,0,0,11,0,0,0,0,0,,,,,
SUNCHI,,PREG,2026-08-06,0,0,0,0,0,0,0,0,0,0,0,0,,,,,
SUNCHI,,STAY,2026-08-06,5,0,0,0,0,0,5,0,0,0,0,0,,,,,
SUNCHI,,WEAN_SOW,2026-08-06,0,54,0,0,0,0,54,0,0,0,0,0,,,,,
BUNMAN1,1-1,FARROW_WAIT,2026-08-07,2,0,0,2,0,0,0,0,0,0,0,0,2026-08-12,,,,
BUNMAN1,1-1,LACT_SOW,2026-08-07,10,2,0,0,0,0,12,0,0,0,0,0,2026-08-12,,,,
BUNMAN1,1-1,SUCK,2026-08-07,135,25,0,0,0,0,160,0,0,0,0,0,2026-08-12,,,,
BUNMAN1,1-10,LACT_SOW,2026-08-07,3,0,3,0,0,0,0,0,0,0,0,0,,,,,
BUNMAN1,1-10,SUCK,2026-08-07,39,0,39,0,0,0,0,0,39,0,0,0,,,,,
BUNMAN1,1-11,FARROW_WAIT,2026-08-07,11,0,0,0,0,0,11,0,0,0,0,0,2026-08-02,,,,
BUNMAN1,1-2,FARROW_WAIT,2026-08-07,3,0,0,3,0,0,0,0,0,0,0,0,,,,,
BUNMAN1,1-2,LACT_SOW,2026-08-07,9,3,0,0,0,0,12,0,0,0,0,0,,,,,
BUNMAN1,1-2,SUCK,2026-08-07,91,22,0,0,0,2,111,0,0,0,0,0,,,,,
BUNMAN1,1-3,FARROW_WAIT,2026-08-07,6,0,0,6,0,0,0,0,0,0,0,0,,,,,
BUNMAN1,1-3,LACT_SOW,2026-08-07,6,6,0,0,0,0,12,0,0,0,0,0,,,,,
BUNMAN1,1-3,SUCK,2026-08-07,63,63,0,0,0,1,125,0,0,0,0,0,,,,,
BUNMAN1,1-4,FARROW_WAIT,2026-08-07,8,0,0,6,0,0,2,0,0,0,0,0,,,,,
BUNMAN1,1-4,LACT_SOW,2026-08-07,4,6,0,0,0,0,10,0,0,0,0,0,,,,,
BUNMAN1,1-4,SUCK,2026-08-07,43,67,0,0,0,0,110,0,0,0,0,0,,,,,
BUNMAN1,1-5,FARROW_WAIT,2026-08-07,5,0,0,1,0,0,4,0,0,0,0,0,,,,,
BUNMAN1,1-5,LACT_SOW,2026-08-07,1,1,0,0,0,0,2,0,0,0,0,0,,,,,
BUNMAN1,1-5,SUCK,2026-08-07,12,17,0,0,0,0,29,0,0,0,0,0,,,,,
BUNMAN2,2-1,LACT_SOW,2026-08-07,12,0,0,0,0,0,12,0,0,0,0,0,2026-07-19,,,,
BUNMAN2,2-1,SUCK,2026-08-07,136,0,0,0,0,0,136,0,0,0,0,0,2026-07-19,,,,
BUNMAN2,2-10,LACT_SOW,2026-08-07,12,0,0,0,0,0,12,0,0,0,0,0,,,,,
BUNMAN2,2-10,SUCK,2026-08-07,130,0,0,0,0,0,130,0,0,0,0,0,,,,,
BUNMAN2,2-11,FARROW_WAIT,2026-08-07,12,0,0,1,0,0,11,0,0,0,0,0,2026-08-02,,,,
BUNMAN2,2-11,LACT_SOW,2026-08-07,0,1,0,0,0,0,1,0,0,0,0,0,2026-08-02,,,,
BUNMAN2,2-2,LACT_SOW,2026-08-07,12,0,0,0,0,0,12,0,0,0,0,0,2026-07-12,,,,
BUNMAN2,2-2,SUCK,2026-08-07,152,0,0,0,0,2,150,0,0,0,0,0,2026-07-12,,,,
BUNMAN2,2-3,LACT_SOW,2026-08-07,12,0,0,0,0,0,12,0,0,0,0,0,2026-07-19,,,,
BUNMAN2,2-3,SUCK,2026-08-07,136,0,0,0,0,0,136,0,0,0,0,0,2026-07-19,,,,
BUNMAN2,2-4,LACT_SOW,2026-08-07,10,2,0,0,0,0,12,0,0,0,0,0,,,,,
BUNMAN2,2-4,SUCK,2026-08-07,110,26,0,0,0,1,135,0,0,0,0,0,,,,,
BUNMAN2,2-5,LACT_SOW,2026-08-07,12,0,0,0,0,0,12,0,0,0,0,0,2026-07-12,,,,
BUNMAN2,2-5,SUCK,2026-08-07,127,0,0,0,0,1,126,0,0,0,0,0,2026-07-12,,,,
BUNMAN2,2-6,LACT_SOW,2026-08-07,12,0,0,0,0,0,12,0,0,0,0,0,2026-07-26,,,,
BUNMAN2,2-6,SUCK,2026-08-07,132,0,0,0,0,1,131,0,0,0,0,0,2026-07-26,,,,
BUNMAN2,2-7,LACT_SOW,2026-08-07,12,0,0,0,0,0,12,0,0,0,0,0,,,,,
BUNMAN2,2-7,SUCK,2026-08-07,123,0,0,0,0,0,123,0,0,0,0,0,,,,,
BUNMAN2,2-8,LACT_SOW,2026-08-07,10,1,0,0,0,0,11,0,0,0,0,0,,,,,
BUNMAN2,2-8,SUCK,2026-08-07,129,13,0,0,0,1,141,0,0,0,0,0,,,,,
BUNMAN2,2-9,LACT_SOW,2026-08-07,12,0,0,0,0,0,12,0,0,0,0,0,,,,,
BUNMAN2,2-9,SUCK,2026-08-07,121,0,0,0,0,1,120,0,0,0,0,0,,,,,
IMSIN1,,CAND_F,2026-08-07,0,0,0,0,0,0,0,0,0,0,0,0,,,,,
IMSIN1,,PREG,2026-08-07,317,0,0,0,0,1,316,0,0,0,0,0,,,,,
IMSIN1,,STAY_S,2026-08-07,0,0,0,0,0,0,0,0,0,0,0,0,,,,,
IMSIN2,,CAND_F,2026-08-07,0,0,0,0,0,0,0,0,0,0,0,0,,,,,
IMSIN2,,PREG,2026-08-07,359,0,0,0,0,0,359,0,0,0,0,0,,,,,
IMSIN2,,STAY_S,2026-08-07,0,0,0,0,0,0,0,0,0,0,0,0,,,,,
JADON,1-1,,2026-08-07,131,0,0,0,0,0,131,0,0,0,0,0,2026-07-23,2026-07-02,5,암,
JADON,1-10,,2026-08-07,221,0,0,0,0,0,221,0,0,0,0,0,/,,,암,
JADON,1-11,,2026-08-07,141,0,0,0,0,0,141,0,0,0,0,0,7-12,2026-06-11,5,수,
JADON,1-12,,2026-08-07,122,0,0,0,0,0,122,0,0,0,0,0,/,,,암수,암55
JADON,1-13,,2026-08-07,144,0,0,0,0,1,143,0,0,0,0,0,/,,,임,
JADON,1-14,,2026-08-07,139,0,0,0,0,0,139,0,0,0,0,0,/,,,수,
JADON,1-2,,2026-08-07,130,0,0,0,0,0,130,0,0,0,0,0,/,,,수,
JADON,1-3,,2026-08-07,140,0,0,0,0,0,140,0,0,0,0,0,7-30,2026-07-09,4.8,수,
JADON,1-4,,2026-08-07,140,0,0,0,0,0,140,0,0,0,0,0,/,,,암수,수44
JADON,1-5,,2026-08-07,140,0,0,0,0,0,140,0,0,0,0,0,/,,,암,
JADON,1-6,,2026-08-07,132,0,0,0,0,0,132,0,0,0,0,0,/,,,암,
JADON,1-7,,2026-08-07,131,0,0,0,0,0,131,0,0,0,0,0,/,,,수,
JADON,1-8,,2026-08-07,221,0,0,0,0,0,221,0,0,0,0,0,8-6,2026-07-16,4.9,수,
JADON,1-9,,2026-08-07,220,0,0,0,0,0,220,0,0,0,0,0,/,,,암수,암85
JADON,2-1,,2026-08-07,144,0,0,0,0,0,144,0,0,0,0,0,/,,,암,
JADON,2-10,,2026-08-07,139,0,0,0,0,0,139,0,0,0,0,0,/,,,암,
JADON,2-11,,2026-08-07,140,0,0,0,0,0,140,0,0,0,0,0,/,,,수,
JADON,2-12,,2026-08-07,132,0,0,0,0,0,132,0,0,0,0,0,7-23,2026-07-23,5,암,
JADON,2-13,,2026-08-07,132,0,0,0,0,0,132,0,0,0,0,0,/,,,암,암68
JADON,2-14,,2026-08-07,132,0,0,0,0,0,132,0,0,0,0,0,/,,,암,
JADON,2-2,,2026-08-07,140,0,0,0,0,0,140,0,0,0,0,0,7-9,2026-06-18,5,암,
JADON,2-3,,2026-08-07,125,0,0,0,0,0,125,0,0,0,0,0,/,,,암수,암57
JADON,2-4,,2026-08-07,139,0,0,0,0,0,139,0,0,0,0,0,/,,,수,
JADON,2-5,,2026-08-07,139,0,0,0,0,0,139,0,0,0,0,0,/,,,암,
JADON,2-6,,2026-08-07,140,0,0,0,0,0,140,0,0,0,0,0,/,,,수,
JADON,2-7,,2026-08-07,140,0,0,0,0,0,140,0,0,0,0,0,7-16,2026-06-25,5.4,암,
JADON,2-8,,2026-08-07,131,0,0,0,0,0,131,0,0,0,0,0,/,,,암수,암68
JADON,2-9,,2026-08-07,140,0,0,0,0,0,140,0,0,0,0,0,/,,,수,
JONGBU,,BOAR,2026-08-07,0,0,0,0,0,0,0,0,0,0,0,0,,,,,
JONGBU,,CAND_F,2026-08-07,14,0,0,0,0,0,14,0,0,0,0,0,,,,,
JONGBU,,PREG,2026-08-07,266,0,0,0,0,0,266,0,0,0,0,0,,,,,
JONGBU,,STAY_L,2026-08-07,0,0,0,0,0,0,0,0,0,0,0,0,,,,,
JONGBU,,STAY_S,2026-08-07,0,0,0,0,0,0,0,0,0,0,0,0,,,,,
JONGBU,,WEAN_PIG,2026-08-07,4,0,0,0,0,0,4,0,0,0,0,0,,,,,
SUNCHI,,CAND_F,2026-08-07,191,0,2,0,0,0,189,0,0,0,0,0,,,,,
SUNCHI,,CAND_M,2026-08-07,11,0,0,0,0,0,11,0,0,0,0,0,,,,,
SUNCHI,,PREG,2026-08-07,0,0,0,0,0,0,0,0,0,0,0,0,,,,,
SUNCHI,,STAY,2026-08-07,5,0,0,0,0,0,5,0,0,0,0,0,,,,,
SUNCHI,,WEAN_SOW,2026-08-07,54,0,0,0,0,0,54,0,0,0,0,0,,,,,
BUNMAN1,1-1,LACT_SOW,2026-08-08,12,0,0,0,0,0,12,0,0,0,0,0,2026-08-12,,,,
BUNMAN1,1-1,SUCK,2026-08-08,160,0,10,0,0,0,150,0,0,0,0,0,2026-08-12,,,,
BUNMAN1,1-11,FARROW_WAIT,2026-08-08,11,0,0,0,0,0,11,0,0,0,0,0,2026-08-02,,,,
BUNMAN1,1-2,LACT_SOW,2026-08-08,12,0,0,0,0,0,12,0,0,0,0,0,,,,,
BUNMAN1,1-2,SUCK,2026-08-08,111,10,0,0,0,0,121,0,0,0,0,0,,,,,
BUNMAN1,1-3,LACT_SOW,2026-08-08,12,0,0,0,0,0,12,0,0,0,0,0,,,,,
BUNMAN1,1-3,SUCK,2026-08-08,125,0,0,0,0,0,125,0,0,0,0,0,,,,,
BUNMAN1,1-4,FARROW_WAIT,2026-08-08,2,0,0,2,0,0,0,0,0,0,0,0,,,,,
BUNMAN1,1-4,LACT_SOW,2026-08-08,10,2,0,0,0,0,12,0,0,0,0,0,,,,,
BUNMAN1,1-4,SUCK,2026-08-08,110,21,0,0,0,4,127,0,0,0,0,0,,,,,
BUNMAN1,1-5,FARROW_WAIT,2026-08-08,4,0,0,3,0,0,1,0,0,0,0,0,,,,,
BUNMAN1,1-5,LACT_SOW,2026-08-08,2,4,0,0,0,0,6,0,0,0,0,0,,,,,
BUNMAN1,1-5,SUCK,2026-08-08,29,35,0,0,0,0,64,0,0,0,0,0,,,,,
BUNMAN1,1-7,FARROW_WAIT,2026-08-08,0,11,0,0,0,0,11,0,0,0,0,0,2026-07-12,,,,
BUNMAN2,2-1,LACT_SOW,2026-08-08,12,0,0,0,0,0,12,0,0,0,0,0,2026-07-19,,,,
BUNMAN2,2-1,SUCK,2026-08-08,136,0,0,0,0,0,136,0,0,0,0,0,2026-07-19,,,,
BUNMAN2,2-10,LACT_SOW,2026-08-08,12,0,0,0,0,0,12,0,0,0,0,0,,,,,
BUNMAN2,2-10,SUCK,2026-08-08,130,0,0,0,0,1,129,0,0,0,0,0,,,,,
BUNMAN2,2-11,FARROW_WAIT,2026-08-08,11,0,11,0,0,0,0,0,0,0,0,0,2026-08-02,,,,
BUNMAN2,2-11,LACT_SOW,2026-08-08,1,0,1,0,0,0,0,0,0,0,0,0,2026-08-02,,,,
BUNMAN2,2-2,LACT_SOW,2026-08-08,12,0,0,0,0,0,12,0,0,0,0,0,2026-07-12,,,,
BUNMAN2,2-2,SUCK,2026-08-08,150,0,0,0,0,0,150,0,0,0,0,0,2026-07-12,,,,
BUNMAN2,2-3,LACT_SOW,2026-08-08,12,0,0,0,0,0,12,0,0,0,0,0,2026-07-19,,,,
BUNMAN2,2-3,SUCK,2026-08-08,136,0,0,0,0,0,136,0,0,0,0,0,2026-07-19,,,,
BUNMAN2,2-4,LACT_SOW,2026-08-08,12,0,0,0,0,0,12,0,0,0,0,0,,,,,
BUNMAN2,2-4,SUCK,2026-08-08,135,0,0,0,0,0,135,0,0,0,0,0,,,,,
BUNMAN2,2-5,LACT_SOW,2026-08-08,12,0,0,0,0,0,12,0,0,0,0,0,2026-07-12,,,,
BUNMAN2,2-5,SUCK,2026-08-08,126,0,0,0,0,0,126,0,0,0,0,0,2026-07-12,,,,
BUNMAN2,2-6,LACT_SOW,2026-08-08,12,0,0,0,0,0,12,0,0,0,0,0,2026-07-26,,,,
BUNMAN2,2-6,SUCK,2026-08-08,131,0,0,0,0,0,131,0,0,0,0,0,2026-07-26,,,,
BUNMAN2,2-7,LACT_SOW,2026-08-08,12,0,0,0,0,0,12,0,0,0,0,0,,,,,
BUNMAN2,2-7,SUCK,2026-08-08,123,0,0,0,0,0,123,0,0,0,0,0,,,,,
BUNMAN2,2-8,LACT_SOW,2026-08-08,11,0,0,0,0,0,11,0,0,0,0,0,,,,,
BUNMAN2,2-8,SUCK,2026-08-08,141,0,0,0,0,0,141,0,0,0,0,0,,,,,
BUNMAN2,2-9,LACT_SOW,2026-08-08,12,0,0,0,0,0,12,0,0,0,0,0,,,,,
BUNMAN2,2-9,SUCK,2026-08-08,120,0,0,0,0,0,120,0,0,0,0,0,,,,,
IMSIN1,,CAND_F,2026-08-08,0,0,0,0,0,0,0,0,0,0,0,0,,,,,
IMSIN1,,PREG,2026-08-08,316,0,0,0,0,0,316,0,0,0,0,0,,,,,
IMSIN1,,STAY_S,2026-08-08,0,0,0,0,0,0,0,0,0,0,0,0,,,,,
IMSIN2,,CAND_F,2026-08-08,0,0,0,0,0,0,0,0,0,0,0,0,,,,,
IMSIN2,,PREG,2026-08-08,359,0,0,0,0,0,359,0,0,0,0,0,,,,,
IMSIN2,,STAY_S,2026-08-08,0,0,0,0,0,0,0,0,0,0,0,0,,,,,
JADON,1-1,,2026-08-08,131,0,0,0,0,0,131,0,0,0,0,0,2026-07-23,2026-07-02,5,암,
JADON,1-10,,2026-08-08,221,0,0,0,0,0,221,0,0,0,0,0,/,,,암,
JADON,1-11,,2026-08-08,141,0,0,0,0,0,141,0,0,0,0,0,7-12,2026-06-11,5,수,
JADON,1-12,,2026-08-08,122,0,0,0,0,2,120,0,0,0,0,0,/,,,암수,암55
JADON,1-13,,2026-08-08,143,0,0,0,0,0,143,0,0,0,0,0,/,,,임,
JADON,1-14,,2026-08-08,139,0,0,0,0,0,139,0,0,0,0,0,/,,,수,
JADON,1-2,,2026-08-08,130,0,0,0,0,0,130,0,0,0,0,0,/,,,수,
JADON,1-3,,2026-08-08,140,0,0,0,0,0,140,0,0,0,0,0,7-30,2026-07-09,4.8,수,
JADON,1-4,,2026-08-08,140,0,0,0,0,0,140,0,0,0,0,0,/,,,암수,수44
JADON,1-5,,2026-08-08,140,0,0,0,0,0,140,0,0,0,0,0,/,,,암,
JADON,1-6,,2026-08-08,132,0,0,0,0,0,132,0,0,0,0,0,/,,,암,
JADON,1-7,,2026-08-08,131,0,0,0,0,0,131,0,0,0,0,0,/,,,수,
JADON,1-8,,2026-08-08,221,0,0,0,0,0,221,0,0,0,0,0,8-6,2026-07-16,4.9,수,
JADON,1-9,,2026-08-08,220,0,0,0,0,0,220,0,0,0,0,0,/,,,암수,암85
JADON,2-1,,2026-08-08,144,0,0,0,0,0,144,0,0,0,0,0,/,,,암,
JADON,2-10,,2026-08-08,139,0,0,0,0,0,139,0,0,0,0,0,/,,,암,
JADON,2-11,,2026-08-08,140,0,0,0,0,0,140,0,0,0,0,0,/,,,수,
JADON,2-12,,2026-08-08,132,0,0,0,0,0,132,0,0,0,0,0,7-23,2026-07-23,5,암,
JADON,2-13,,2026-08-08,132,0,0,0,0,0,132,0,0,0,0,0,/,,,암,암68
JADON,2-14,,2026-08-08,132,0,0,0,0,0,132,0,0,0,0,0,/,,,암,
JADON,2-2,,2026-08-08,140,0,0,0,0,0,140,0,0,0,0,0,7-9,2026-06-18,5,암,
JADON,2-3,,2026-08-08,125,0,0,0,0,0,125,0,0,0,0,0,/,,,암수,암57
JADON,2-4,,2026-08-08,139,0,0,0,0,0,139,0,0,0,0,0,/,,,수,
JADON,2-5,,2026-08-08,139,0,0,0,0,0,139,0,0,0,0,0,/,,,암,
JADON,2-6,,2026-08-08,140,0,0,0,0,0,140,0,0,0,0,0,/,,,수,
JADON,2-7,,2026-08-08,140,0,0,0,0,0,140,0,0,0,0,0,7-16,2026-06-25,5.4,암,
JADON,2-8,,2026-08-08,131,0,0,0,0,0,131,0,0,0,0,0,/,,,암수,암68
JADON,2-9,,2026-08-08,140,0,0,0,0,0,140,0,0,0,0,0,/,,,수,
JONGBU,,BOAR,2026-08-08,0,0,0,0,0,0,0,0,0,0,0,0,,,,,
JONGBU,,CAND_F,2026-08-08,14,9,0,0,0,0,23,0,0,0,0,0,,,,,
JONGBU,,PREG,2026-08-08,266,0,0,0,0,0,266,0,0,0,0,0,,,,,
JONGBU,,STAY_L,2026-08-08,0,0,0,0,0,0,0,0,0,0,0,0,,,,,
JONGBU,,STAY_S,2026-08-08,0,0,0,0,0,0,0,0,0,0,0,0,,,,,
JONGBU,,WEAN_PIG,2026-08-08,4,0,4,0,0,0,0,0,0,0,0,0,,,,,
SUNCHI,,CAND_F,2026-08-08,189,0,9,0,0,0,180,0,0,0,0,0,,,,,
SUNCHI,,CAND_M,2026-08-08,11,0,0,0,0,0,11,0,0,0,0,0,,,,,
SUNCHI,,PREG,2026-08-08,0,0,0,0,0,0,0,0,0,0,0,0,,,,,
SUNCHI,,STAY,2026-08-08,5,4,0,0,0,0,9,0,0,0,0,0,,,,,
SUNCHI,,WEAN_SOW,2026-08-08,54,0,0,0,0,0,54,0,0,0,0,0,,,,,
BUNMAN1,1-1,LACT_SOW,2026-08-09,12,0,0,0,0,0,12,0,0,0,0,0,2026-08-12,,,,
BUNMAN1,1-1,SUCK,2026-08-09,150,0,0,0,0,3,147,0,0,0,0,0,2026-08-12,,,,
BUNMAN1,1-10,FARROW_WAIT,2026-08-09,0,9,0,0,0,0,9,0,0,0,0,0,,,,,
BUNMAN1,1-11,FARROW_WAIT,2026-08-09,11,0,11,0,0,0,0,0,0,0,0,0,2026-08-02,,,,
BUNMAN1,1-2,LACT_SOW,2026-08-09,12,0,0,0,0,0,12,0,0,0,0,0,,,,,
BUNMAN1,1-2,SUCK,2026-08-09,121,0,0,0,0,1,120,0,0,0,0,0,,,,,
BUNMAN1,1-3,LACT_SOW,2026-08-09,12,0,0,0,0,0,12,0,0,0,0,0,,,,,
BUNMAN1,1-3,SUCK,2026-08-09,125,0,0,0,0,0,125,0,0,0,0,0,,,,,
BUNMAN1,1-4,LACT_SOW,2026-08-09,12,0,0,0,0,0,12,0,0,0,0,0,,,,,
BUNMAN1,1-4,SUCK,2026-08-09,127,0,0,0,0,3,124,0,0,0,0,0,,,,,
BUNMAN1,1-5,FARROW_WAIT,2026-08-09,1,0,0,0,0,0,1,0,0,0,0,0,,,,,
BUNMAN1,1-5,LACT_SOW,2026-08-09,6,0,0,0,0,0,6,0,0,0,0,0,,,,,
BUNMAN1,1-5,SUCK,2026-08-09,64,0,0,0,0,0,64,0,0,0,0,0,,,,,
BUNMAN1,1-6,FARROW_WAIT,2026-08-09,0,12,0,0,0,0,12,0,0,0,0,0,2026-07-09,,,,
BUNMAN1,1-7,FARROW_WAIT,2026-08-09,11,1,0,0,0,0,12,0,0,0,0,0,2026-07-12,,,,
BUNMAN1,1-8,FARROW_WAIT,2026-08-09,0,12,0,0,0,0,12,0,0,0,0,0,,,,,
BUNMAN1,1-9,FARROW_WAIT,2026-08-09,0,12,0,0,0,0,12,0,0,0,0,0,,,,,
BUNMAN2,2-1,LACT_SOW,2026-08-09,12,0,0,0,0,0,12,0,0,0,0,0,2026-07-19,,,,
BUNMAN2,2-1,SUCK,2026-08-09,136,0,0,0,0,0,136,0,0,0,0,0,2026-07-19,,,,
BUNMAN2,2-10,LACT_SOW,2026-08-09,12,0,0,0,0,0,12,0,0,0,0,0,,,,,
BUNMAN2,2-10,SUCK,2026-08-09,129,0,0,0,0,0,129,0,0,0,0,0,,,,,
BUNMAN2,2-2,LACT_SOW,2026-08-09,12,0,0,0,0,0,12,0,0,0,0,0,2026-07-12,,,,
BUNMAN2,2-2,SUCK,2026-08-09,150,0,0,0,0,0,150,0,0,0,0,0,2026-07-12,,,,
BUNMAN2,2-3,LACT_SOW,2026-08-09,12,0,0,0,0,0,12,0,0,0,0,0,2026-07-19,,,,
BUNMAN2,2-3,SUCK,2026-08-09,136,0,0,0,0,1,135,0,0,0,0,0,2026-07-19,,,,
BUNMAN2,2-4,LACT_SOW,2026-08-09,12,0,0,0,0,0,12,0,0,0,0,0,,,,,
BUNMAN2,2-4,SUCK,2026-08-09,135,0,0,0,0,0,135,0,0,0,0,0,,,,,
BUNMAN2,2-5,LACT_SOW,2026-08-09,12,0,0,0,0,0,12,0,0,0,0,0,2026-07-12,,,,
BUNMAN2,2-5,SUCK,2026-08-09,126,0,0,0,0,0,126,0,0,0,0,0,2026-07-12,,,,
BUNMAN2,2-6,LACT_SOW,2026-08-09,12,0,0,0,0,0,12,0,0,0,0,0,2026-07-26,,,,
BUNMAN2,2-6,SUCK,2026-08-09,131,0,0,0,0,2,129,0,0,0,0,0,2026-07-26,,,,
BUNMAN2,2-7,LACT_SOW,2026-08-09,12,0,0,0,0,0,12,0,0,0,0,0,,,,,
BUNMAN2,2-7,SUCK,2026-08-09,123,0,0,0,0,0,123,0,0,0,0,0,,,,,
BUNMAN2,2-8,LACT_SOW,2026-08-09,11,0,0,0,0,0,11,0,0,0,0,0,,,,,
BUNMAN2,2-8,SUCK,2026-08-09,141,0,0,0,0,0,141,0,0,0,0,0,,,,,
BUNMAN2,2-9,LACT_SOW,2026-08-09,12,0,0,0,0,0,12,0,0,0,0,0,,,,,
BUNMAN2,2-9,SUCK,2026-08-09,120,0,0,0,0,0,120,0,0,0,0,0,,,,,
IMSIN1,,CAND_F,2026-08-09,0,0,0,0,0,0,0,0,0,0,0,0,,,,,
IMSIN1,,PREG,2026-08-09,316,55,35,0,0,0,336,0,0,0,0,0,,,,,
IMSIN1,,STAY_S,2026-08-09,0,0,0,0,0,0,0,0,0,0,0,0,,,,,
IMSIN2,,CAND_F,2026-08-09,0,0,0,0,0,0,0,0,0,0,0,0,,,,,
IMSIN2,,PREG,2026-08-09,359,0,0,0,0,0,359,0,0,0,0,0,,,,,
IMSIN2,,STAY_S,2026-08-09,0,0,0,0,0,0,0,0,0,0,0,0,,,,,
JADON,1-1,,2026-08-09,131,0,0,0,0,0,131,0,0,0,0,0,2026-07-23,2026-07-02,5,암,
JADON,1-10,,2026-08-09,221,0,0,0,0,0,221,0,0,0,0,0,/,,,암,
JADON,1-11,,2026-08-09,141,0,0,0,0,0,141,0,0,0,0,0,7-12,2026-06-11,5,수,
JADON,1-12,,2026-08-09,120,0,0,0,0,0,120,0,0,0,0,0,/,,,암수,암55
JADON,1-13,,2026-08-09,143,0,0,0,0,0,143,0,0,0,0,0,/,,,임,
JADON,1-14,,2026-08-09,139,0,0,0,0,0,139,0,0,0,0,0,/,,,수,
JADON,1-2,,2026-08-09,130,0,0,0,0,0,130,0,0,0,0,0,/,,,수,
JADON,1-3,,2026-08-09,140,0,0,0,0,0,140,0,0,0,0,0,7-30,2026-07-09,4.8,수,
JADON,1-4,,2026-08-09,140,0,0,0,0,0,140,0,0,0,0,0,/,,,암수,수44
JADON,1-5,,2026-08-09,140,0,0,0,0,0,140,0,0,0,0,0,/,,,암,
JADON,1-6,,2026-08-09,132,0,0,0,0,0,132,0,0,0,0,0,/,,,암,
JADON,1-7,,2026-08-09,131,0,0,0,0,0,131,0,0,0,0,0,/,,,수,
JADON,1-8,,2026-08-09,221,0,0,0,0,0,221,0,0,0,0,0,8-6,2026-07-16,4.9,수,
JADON,1-9,,2026-08-09,220,0,0,0,0,0,220,0,0,0,0,0,/,,,암수,암85
JADON,2-1,,2026-08-09,144,0,0,0,0,0,144,0,0,0,0,0,/,,,암,
JADON,2-10,,2026-08-09,139,0,0,0,0,0,139,0,0,0,0,0,/,,,암,
JADON,2-11,,2026-08-09,140,0,0,0,0,0,140,0,0,0,0,0,/,,,수,
JADON,2-12,,2026-08-09,132,0,0,0,0,0,132,0,0,0,0,0,7-23,2026-07-23,5,암,
JADON,2-13,,2026-08-09,132,0,0,0,0,0,132,0,0,0,0,0,/,,,암,암68
JADON,2-14,,2026-08-09,132,0,0,0,0,0,132,0,0,0,0,0,/,,,암,
JADON,2-2,,2026-08-09,140,0,0,0,0,0,140,0,0,0,0,0,7-9,2026-06-18,5,암,
JADON,2-3,,2026-08-09,125,0,0,0,0,0,125,0,0,0,0,0,/,,,암수,암57
JADON,2-4,,2026-08-09,139,0,0,0,0,0,139,0,0,0,0,0,/,,,수,
JADON,2-5,,2026-08-09,139,0,0,0,0,0,139,0,0,0,0,0,/,,,암,
JADON,2-6,,2026-08-09,140,0,0,0,0,0,140,0,0,0,0,0,/,,,수,
JADON,2-7,,2026-08-09,140,0,0,0,0,0,140,0,0,0,0,0,7-16,2026-06-25,5.4,암,
JADON,2-8,,2026-08-09,131,0,0,0,0,0,131,0,0,0,0,0,/,,,암수,암68
JADON,2-9,,2026-08-09,140,0,0,0,0,0,140,0,0,0,0,0,/,,,수,
JONGBU,,BOAR,2026-08-09,0,0,0,0,0,0,0,0,0,0,0,0,,,,,
JONGBU,,CAND_F,2026-08-09,23,0,0,0,0,0,23,0,0,0,0,0,,,,,
JONGBU,,PREG,2026-08-09,266,2,55,2,0,0,211,0,0,0,2,0,,,,,
JONGBU,,STAY_L,2026-08-09,0,0,0,0,0,0,0,0,0,0,0,0,,,,,
JONGBU,,STAY_S,2026-08-09,0,0,0,0,0,0,0,0,0,0,0,0,,,,,
JONGBU,,WEAN_PIG,2026-08-09,0,54,0,0,0,0,54,0,0,0,0,0,,,,,
SUNCHI,,CAND_F,2026-08-09,180,0,0,0,0,0,180,0,0,0,0,0,,,,,
SUNCHI,,CAND_M,2026-08-09,11,0,0,0,0,0,11,0,0,0,0,0,,,,,
SUNCHI,,PREG,2026-08-09,0,0,0,0,0,0,0,0,0,0,0,0,,,,,
SUNCHI,,STAY,2026-08-09,9,2,2,0,0,0,9,0,0,0,0,0,,,,,
SUNCHI,,WEAN_SOW,2026-08-09,54,0,54,0,0,0,0,0,0,0,0,0,,,,,
BUNMAN1,1-1,LACT_SOW,2026-08-10,12,0,0,0,0,0,12,0,0,0,0,0,2026-08-12,,,,
BUNMAN1,1-1,SUCK,2026-08-10,147,0,0,0,0,0,147,0,0,0,0,0,2026-08-12,,,,
BUNMAN1,1-10,FARROW_WAIT,2026-08-10,9,0,0,0,0,0,9,0,0,0,0,0,,,,,
BUNMAN1,1-2,LACT_SOW,2026-08-10,12,0,0,0,0,0,12,0,0,0,0,0,,,,,
BUNMAN1,1-2,SUCK,2026-08-10,120,0,0,0,0,1,119,0,0,0,0,0,,,,,
BUNMAN1,1-3,LACT_SOW,2026-08-10,12,0,0,0,0,0,12,0,0,0,0,0,,,,,
BUNMAN1,1-3,SUCK,2026-08-10,125,0,0,0,0,0,125,0,0,0,0,0,,,,,
BUNMAN1,1-4,LACT_SOW,2026-08-10,12,0,0,0,0,0,12,0,0,0,0,0,,,,,
BUNMAN1,1-4,SUCK,2026-08-10,124,0,0,0,0,2,122,0,0,0,0,0,,,,,
BUNMAN1,1-5,FARROW_WAIT,2026-08-10,1,0,0,0,0,0,1,0,0,0,0,0,,,,,
BUNMAN1,1-5,LACT_SOW,2026-08-10,6,0,0,0,0,0,6,0,0,0,0,0,,,,,
BUNMAN1,1-5,SUCK,2026-08-10,64,0,0,0,0,2,62,0,0,0,0,0,,,,,
BUNMAN1,1-6,FARROW_WAIT,2026-08-10,12,0,0,0,0,0,12,0,0,0,0,0,2026-07-09,,,,
BUNMAN1,1-7,FARROW_WAIT,2026-08-10,12,0,0,0,0,0,12,0,0,0,0,0,2026-07-12,,,,
BUNMAN1,1-8,FARROW_WAIT,2026-08-10,12,0,0,0,0,0,12,0,0,0,0,0,,,,,
BUNMAN1,1-9,FARROW_WAIT,2026-08-10,12,0,0,0,0,0,12,0,0,0,0,0,,,,,
BUNMAN2,2-1,LACT_SOW,2026-08-10,12,0,0,0,0,0,12,0,0,0,0,0,2026-07-19,,,,
BUNMAN2,2-1,SUCK,2026-08-10,136,0,0,0,0,0,136,0,0,0,0,0,2026-07-19,,,,
BUNMAN2,2-10,LACT_SOW,2026-08-10,12,0,0,0,0,0,12,0,0,0,0,0,,,,,
BUNMAN2,2-10,SUCK,2026-08-10,129,0,0,0,0,1,128,0,0,0,0,0,,,,,
BUNMAN2,2-2,LACT_SOW,2026-08-10,12,0,0,0,0,0,12,0,0,0,0,0,2026-07-12,,,,
BUNMAN2,2-2,SUCK,2026-08-10,150,0,0,0,0,0,150,0,0,0,0,0,2026-07-12,,,,
BUNMAN2,2-3,LACT_SOW,2026-08-10,12,0,0,0,0,0,12,0,0,0,0,0,2026-07-19,,,,
BUNMAN2,2-3,SUCK,2026-08-10,135,0,0,0,0,0,135,0,0,0,0,0,2026-07-19,,,,
BUNMAN2,2-4,LACT_SOW,2026-08-10,12,0,0,0,0,0,12,0,0,0,0,0,,,,,
BUNMAN2,2-4,SUCK,2026-08-10,135,0,0,0,0,0,135,0,0,0,0,0,,,,,
BUNMAN2,2-5,LACT_SOW,2026-08-10,12,0,0,0,0,0,12,0,0,0,0,0,2026-07-12,,,,
BUNMAN2,2-5,SUCK,2026-08-10,126,0,0,0,0,0,126,0,0,0,0,0,2026-07-12,,,,
BUNMAN2,2-6,LACT_SOW,2026-08-10,12,0,0,0,0,0,12,0,0,0,0,0,2026-07-26,,,,
BUNMAN2,2-6,SUCK,2026-08-10,129,0,0,0,0,0,129,0,0,0,0,0,2026-07-26,,,,
BUNMAN2,2-7,LACT_SOW,2026-08-10,12,0,0,0,0,0,12,0,0,0,0,0,,,,,
BUNMAN2,2-7,SUCK,2026-08-10,123,0,0,0,0,0,123,0,0,0,0,0,,,,,
BUNMAN2,2-8,LACT_SOW,2026-08-10,11,0,0,0,0,0,11,0,0,0,0,0,,,,,
BUNMAN2,2-8,SUCK,2026-08-10,141,0,0,0,0,0,141,0,0,0,0,0,,,,,
BUNMAN2,2-9,LACT_SOW,2026-08-10,12,0,0,0,0,0,12,0,0,0,0,0,,,,,
BUNMAN2,2-9,SUCK,2026-08-10,120,0,0,0,0,0,120,0,0,0,0,0,,,,,
IMSIN1,,CAND_F,2026-08-10,0,0,0,0,0,0,0,0,0,0,0,0,,,,,
IMSIN1,,PREG,2026-08-10,336,0,0,0,0,0,336,0,0,0,0,0,,,,,
IMSIN1,,STAY_S,2026-08-10,0,0,0,0,0,0,0,0,0,0,0,0,,,,,
IMSIN2,,CAND_F,2026-08-10,0,0,0,0,0,0,0,0,0,0,0,0,,,,,
IMSIN2,,PREG,2026-08-10,359,0,0,0,0,0,359,0,0,0,0,0,,,,,
IMSIN2,,STAY_S,2026-08-10,0,0,0,0,0,0,0,0,0,0,0,0,,,,,
JADON,1-1,,2026-08-10,131,0,0,0,0,0,131,0,0,0,0,0,2026-07-23,2026-07-02,5,암,
JADON,1-10,,2026-08-10,221,0,0,0,0,0,221,0,0,0,0,0,/,,,암,
JADON,1-11,,2026-08-10,141,0,135,6,0,0,0,0,0,0,0,0,7-12,2026-06-11,5,수,
JADON,1-12,,2026-08-10,120,0,114,6,0,0,0,0,0,0,0,0,/,,,암수,암55
JADON,1-13,,2026-08-10,143,0,143,0,0,0,0,0,0,0,0,0,/,,,임,
JADON,1-14,,2026-08-10,139,0,139,0,0,0,0,0,0,0,0,0,/,,,수,
JADON,1-2,,2026-08-10,130,0,0,0,0,0,130,0,0,0,0,0,/,,,수,
JADON,1-3,,2026-08-10,140,0,0,0,0,0,140,0,0,0,0,0,7-30,2026-07-09,4.8,수,
JADON,1-4,,2026-08-10,140,0,0,0,0,0,140,0,0,0,0,0,/,,,암수,수44
JADON,1-5,,2026-08-10,140,0,0,0,0,0,140,0,0,0,0,0,/,,,암,
JADON,1-6,,2026-08-10,132,0,0,0,0,0,132,0,0,0,0,0,/,,,암,
JADON,1-7,,2026-08-10,131,0,0,0,0,0,131,0,0,0,0,0,/,,,수,
JADON,1-8,,2026-08-10,221,0,0,0,0,0,221,0,0,0,0,0,8-6,2026-07-16,4.9,수,
JADON,1-9,,2026-08-10,220,0,0,0,0,0,220,0,0,0,0,0,/,,,암수,암85
JADON,2-1,,2026-08-10,144,0,144,0,0,0,0,0,0,0,0,0,/,,,암,
JADON,2-10,,2026-08-10,139,0,0,0,0,0,139,0,0,0,0,0,/,,,암,
JADON,2-11,,2026-08-10,140,0,0,0,0,0,140,0,0,0,0,0,/,,,수,
JADON,2-12,,2026-08-10,132,0,0,0,0,0,132,0,0,0,0,0,7-23,2026-07-23,5,암,
JADON,2-13,,2026-08-10,132,0,0,0,0,0,132,0,0,0,0,0,/,,,암,암68
JADON,2-14,,2026-08-10,132,0,0,0,0,0,132,0,0,0,0,0,/,,,암,
JADON,2-2,,2026-08-10,140,0,0,0,0,0,140,0,0,0,0,0,7-9,2026-06-18,5,암,
JADON,2-3,,2026-08-10,125,0,0,0,0,1,124,0,0,0,0,0,/,,,암수,암57
JADON,2-4,,2026-08-10,139,0,0,0,0,0,139,0,0,0,0,0,/,,,수,
JADON,2-5,,2026-08-10,139,0,0,0,0,0,139,0,0,0,0,0,/,,,암,
JADON,2-6,,2026-08-10,140,12,0,0,0,0,152,0,0,0,0,0,/,,,수,
JADON,2-7,,2026-08-10,140,0,0,0,0,0,140,0,0,0,0,0,7-16,2026-06-25,5.4,암,
JADON,2-8,,2026-08-10,131,0,0,0,0,0,131,0,0,0,0,0,/,,,암수,암68
JADON,2-9,,2026-08-10,140,0,0,0,0,0,140,0,0,0,0,0,/,,,수,
JONGBU,,BOAR,2026-08-10,0,0,0,0,0,0,0,0,0,0,0,0,,,,,
JONGBU,,CAND_F,2026-08-10,23,0,5,0,0,0,18,0,0,0,0,0,,,,,
JONGBU,,PREG,2026-08-10,211,30,0,1,0,0,240,0,0,0,0,1,,,,,
JONGBU,,STAY_L,2026-08-10,0,0,0,0,0,0,0,0,0,0,0,0,,,,,
JONGBU,,STAY_S,2026-08-10,0,0,0,0,0,0,0,0,0,0,0,0,,,,,
JONGBU,,WEAN_PIG,2026-08-10,54,0,21,0,0,0,33,0,0,0,0,0,,,,,
SUNCHI,,CAND_F,2026-08-10,180,0,0,0,0,0,180,0,0,0,0,0,,,,,
SUNCHI,,CAND_M,2026-08-10,11,0,0,0,0,0,11,0,0,0,0,0,,,,,
SUNCHI,,PREG,2026-08-10,0,0,0,0,0,0,0,0,0,0,0,0,,,,,
SUNCHI,,STAY,2026-08-10,9,1,4,0,0,0,6,0,0,0,0,0,,,,,
SUNCHI,,WEAN_SOW,2026-08-10,0,0,0,0,0,0,0,0,0,0,0,0,,,,,
BUNMAN1,1-1,LACT_SOW,2026-08-11,12,0,0,0,0,0,12,0,0,0,0,0,2026-08-12,,,,
BUNMAN1,1-1,SUCK,2026-08-11,147,0,0,0,0,1,146,0,0,0,0,0,2026-08-12,,,,
BUNMAN1,1-10,FARROW_WAIT,2026-08-11,9,0,0,0,0,0,9,0,0,0,0,0,,,,,
BUNMAN1,1-2,LACT_SOW,2026-08-11,12,0,0,0,0,0,12,0,0,0,0,0,,,,,
BUNMAN1,1-2,SUCK,2026-08-11,119,0,0,0,0,0,119,0,0,0,0,0,,,,,
BUNMAN1,1-3,LACT_SOW,2026-08-11,12,0,0,0,0,0,12,0,0,0,0,0,,,,,
BUNMAN1,1-3,SUCK,2026-08-11,125,0,0,0,0,1,124,0,0,0,0,0,,,,,
BUNMAN1,1-4,LACT_SOW,2026-08-11,12,0,0,0,0,0,12,0,0,0,0,0,,,,,
BUNMAN1,1-4,SUCK,2026-08-11,122,0,0,0,0,2,120,0,0,0,0,0,,,,,
BUNMAN1,1-5,FARROW_WAIT,2026-08-11,1,0,0,0,0,0,1,0,0,0,0,0,,,,,
BUNMAN1,1-5,LACT_SOW,2026-08-11,6,0,0,0,0,1,5,0,0,0,0,0,,,,,
BUNMAN1,1-5,SUCK,2026-08-11,62,0,0,0,0,2,60,0,0,0,0,0,,,,,
BUNMAN1,1-6,FARROW_WAIT,2026-08-11,12,0,0,1,0,0,11,0,0,0,0,0,2026-07-09,,,,
BUNMAN1,1-6,LACT_SOW,2026-08-11,0,1,0,0,0,0,1,0,0,0,0,0,2026-07-09,,,,
BUNMAN1,1-6,SUCK,2026-08-11,0,13,0,0,0,0,13,0,0,0,0,0,2026-07-09,,,,
BUNMAN1,1-7,FARROW_WAIT,2026-08-11,12,0,0,0,0,0,12,0,0,0,0,0,2026-07-12,,,,
BUNMAN1,1-8,FARROW_WAIT,2026-08-11,12,0,0,1,0,0,11,0,0,0,0,0,,,,,
BUNMAN1,1-8,LACT_SOW,2026-08-11,0,1,0,0,0,0,1,0,0,0,0,0,,,,,
BUNMAN1,1-8,SUCK,2026-08-11,0,14,0,0,0,0,14,0,0,0,0,0,,,,,
BUNMAN1,1-9,FARROW_WAIT,2026-08-11,12,0,0,0,0,0,12,0,0,0,0,0,,,,,
BUNMAN2,2-1,LACT_SOW,2026-08-11,12,0,0,0,0,0,12,0,0,0,0,0,2026-07-19,,,,
BUNMAN2,2-1,SUCK,2026-08-11,136,0,0,0,0,0,136,0,0,0,0,0,2026-07-19,,,,
BUNMAN2,2-10,LACT_SOW,2026-08-11,12,0,0,0,0,0,12,0,0,0,0,0,,,,,
BUNMAN2,2-10,SUCK,2026-08-11,128,0,0,0,0,1,127,0,0,0,0,0,,,,,
BUNMAN2,2-2,LACT_SOW,2026-08-11,12,0,0,0,0,0,12,0,0,0,0,0,2026-07-12,,,,
BUNMAN2,2-2,SUCK,2026-08-11,150,0,0,0,0,0,150,0,0,0,0,0,2026-07-12,,,,
BUNMAN2,2-3,LACT_SOW,2026-08-11,12,0,0,0,0,0,12,0,0,0,0,0,2026-07-19,,,,
BUNMAN2,2-3,SUCK,2026-08-11,135,0,0,0,0,0,135,0,0,0,0,0,2026-07-19,,,,
BUNMAN2,2-4,LACT_SOW,2026-08-11,12,0,0,0,0,0,12,0,0,0,0,0,,,,,
BUNMAN2,2-4,SUCK,2026-08-11,135,0,0,0,0,0,135,0,0,0,0,0,,,,,
BUNMAN2,2-5,LACT_SOW,2026-08-11,12,0,0,0,0,0,12,0,0,0,0,0,2026-07-12,,,,
BUNMAN2,2-5,SUCK,2026-08-11,126,0,0,0,0,0,126,0,0,0,0,0,2026-07-12,,,,
BUNMAN2,2-6,LACT_SOW,2026-08-11,12,0,0,0,0,0,12,0,0,0,0,0,2026-07-26,,,,
BUNMAN2,2-6,SUCK,2026-08-11,129,0,0,0,0,0,129,0,0,0,0,0,2026-07-26,,,,
BUNMAN2,2-7,LACT_SOW,2026-08-11,12,0,0,0,0,0,12,0,0,0,0,0,,,,,
BUNMAN2,2-7,SUCK,2026-08-11,123,0,0,0,0,0,123,0,0,0,0,0,,,,,
BUNMAN2,2-8,LACT_SOW,2026-08-11,11,0,0,0,0,0,11,0,0,0,0,0,,,,,
BUNMAN2,2-8,SUCK,2026-08-11,141,0,0,0,0,1,140,0,0,0,0,0,,,,,
BUNMAN2,2-9,LACT_SOW,2026-08-11,12,0,0,0,0,0,12,0,0,0,0,0,,,,,
BUNMAN2,2-9,SUCK,2026-08-11,120,0,0,0,0,0,120,0,0,0,0,0,,,,,
IMSIN1,,CAND_F,2026-08-11,0,0,0,0,0,0,0,0,0,0,0,0,,,,,
IMSIN1,,PREG,2026-08-11,336,17,0,0,0,0,353,0,0,0,0,0,,,,,
IMSIN1,,STAY_S,2026-08-11,0,0,0,0,0,0,0,0,0,0,0,0,,,,,
IMSIN2,,CAND_F,2026-08-11,0,0,0,0,0,0,0,0,0,0,0,0,,,,,
IMSIN2,,PREG,2026-08-11,359,0,0,0,0,0,359,0,0,0,0,0,,,,,
IMSIN2,,STAY_S,2026-08-11,0,0,0,0,0,0,0,0,0,0,0,0,,,,,
JADON,1-1,,2026-08-11,131,0,0,0,0,0,131,0,0,0,0,0,2026-07-23,2026-07-02,5,암,
JADON,1-10,,2026-08-11,221,0,0,0,0,0,221,0,0,0,0,0,/,,,암,
JADON,1-11,,2026-08-11,0,0,0,0,0,0,0,0,0,0,0,0,7-12,2026-06-11,5,수,
JADON,1-12,,2026-08-11,0,0,0,0,0,0,0,0,0,0,0,0,/,,,암수,암55
JADON,1-13,,2026-08-11,0,0,0,0,0,0,0,0,0,0,0,0,/,,,임,
JADON,1-14,,2026-08-11,0,0,0,0,0,0,0,0,0,0,0,0,/,,,수,
JADON,1-2,,2026-08-11,130,0,0,0,0,0,130,0,0,0,0,0,/,,,수,
JADON,1-3,,2026-08-11,140,0,0,0,0,0,140,0,0,0,0,0,7-30,2026-07-09,4.8,수,
JADON,1-4,,2026-08-11,140,0,0,0,0,0,140,0,0,0,0,0,/,,,암수,수44
JADON,1-5,,2026-08-11,140,0,0,0,0,0,140,0,0,0,0,0,/,,,암,
JADON,1-6,,2026-08-11,132,0,0,0,0,1,131,0,0,0,0,0,/,,,암,
JADON,1-7,,2026-08-11,131,0,0,0,0,0,131,0,0,0,0,0,/,,,수,
JADON,1-8,,2026-08-11,221,0,0,0,0,0,221,0,0,0,0,0,8-6,2026-07-16,4.9,수,
JADON,1-9,,2026-08-11,220,0,0,0,0,0,220,0,0,0,0,0,/,,,암수,암85
JADON,2-1,,2026-08-11,0,0,0,0,0,0,0,0,0,0,0,0,/,,,암,
JADON,2-10,,2026-08-11,139,0,0,0,0,0,139,0,0,0,0,0,/,,,암,
JADON,2-11,,2026-08-11,140,0,0,0,0,0,140,0,0,0,0,0,/,,,수,
JADON,2-12,,2026-08-11,132,0,0,0,0,1,131,0,0,0,0,0,7-23,2026-07-23,5,암,
JADON,2-13,,2026-08-11,132,0,0,0,0,0,132,0,0,0,0,0,/,,,암,암68
JADON,2-14,,2026-08-11,132,0,0,0,0,0,132,0,0,0,0,0,/,,,암,
JADON,2-2,,2026-08-11,140,0,0,0,0,0,140,0,0,0,0,0,7-9,2026-06-18,5,암,
JADON,2-3,,2026-08-11,124,0,0,0,0,0,124,0,0,0,0,0,/,,,암수,암57
JADON,2-4,,2026-08-11,139,0,0,0,0,0,139,0,0,0,0,0,/,,,수,
JADON,2-5,,2026-08-11,139,0,0,0,0,0,139,0,0,0,0,0,/,,,암,
JADON,2-6,,2026-08-11,152,0,0,0,0,0,152,0,0,0,0,0,/,,,수,
JADON,2-7,,2026-08-11,140,0,0,0,0,0,140,0,0,0,0,0,7-16,2026-06-25,5.4,암,
JADON,2-8,,2026-08-11,131,0,0,0,0,0,131,0,0,0,0,0,/,,,암수,암68
JADON,2-9,,2026-08-11,140,0,0,0,0,0,140,0,0,0,0,0,/,,,수,
JONGBU,,BOAR,2026-08-11,0,0,0,0,0,0,0,0,0,0,0,0,,,,,
JONGBU,,CAND_F,2026-08-11,18,17,7,0,0,0,28,0,0,0,0,0,,,,,
JONGBU,,PREG,2026-08-11,240,33,17,0,0,0,256,0,0,0,0,0,,,,,
JONGBU,,STAY_L,2026-08-11,0,0,0,0,0,0,0,0,0,0,0,0,,,,,
JONGBU,,STAY_S,2026-08-11,0,0,0,0,0,0,0,0,0,0,0,0,,,,,
JONGBU,,WEAN_PIG,2026-08-11,33,0,26,0,0,0,7,0,0,0,0,0,,,,,
SUNCHI,,CAND_F,2026-08-11,180,0,17,0,0,0,163,0,0,0,0,0,,,,,
SUNCHI,,CAND_M,2026-08-11,11,0,0,0,0,0,11,0,0,0,0,0,,,,,
SUNCHI,,PREG,2026-08-11,0,0,0,0,0,0,0,0,0,0,0,0,,,,,
SUNCHI,,STAY,2026-08-11,6,0,0,0,0,0,6,0,0,0,0,0,,,,,
SUNCHI,,WEAN_SOW,2026-08-11,0,0,0,0,0,0,0,0,0,0,0,0,,,,,
BUNMAN1,1-1,LACT_SOW,2026-08-12,12,0,0,0,0,0,12,0,0,0,0,0,2026-08-12,,,,
BUNMAN1,1-1,SUCK,2026-08-12,146,0,0,0,0,1,145,0,0,0,0,0,2026-08-12,,,,
BUNMAN1,1-10,FARROW_WAIT,2026-08-12,9,0,0,0,0,0,9,0,0,0,0,0,,,,,
BUNMAN1,1-2,LACT_SOW,2026-08-12,12,0,0,0,0,0,12,0,0,0,0,0,,,,,
BUNMAN1,1-2,SUCK,2026-08-12,119,0,0,0,0,0,119,0,0,0,0,0,,,,,
BUNMAN1,1-3,LACT_SOW,2026-08-12,12,0,0,0,0,0,12,0,0,0,0,0,,,,,
BUNMAN1,1-3,SUCK,2026-08-12,124,0,0,0,0,0,124,0,0,0,0,0,,,,,
BUNMAN1,1-4,LACT_SOW,2026-08-12,12,0,0,0,0,0,12,0,0,0,0,0,,,,,
BUNMAN1,1-4,SUCK,2026-08-12,120,0,0,0,0,0,120,0,0,0,0,0,,,,,
BUNMAN1,1-5,FARROW_WAIT,2026-08-12,1,0,0,1,0,0,0,0,0,0,0,0,,,,,
BUNMAN1,1-5,LACT_SOW,2026-08-12,5,1,0,0,0,0,6,0,0,0,0,0,,,,,
BUNMAN1,1-5,SUCK,2026-08-12,60,10,0,0,0,0,70,0,0,0,0,0,,,,,
BUNMAN1,1-6,FARROW_WAIT,2026-08-12,11,0,0,7,0,0,4,0,0,0,0,0,2026-07-09,,,,
BUNMAN1,1-6,LACT_SOW,2026-08-12,1,7,0,0,0,0,8,0,0,0,0,0,2026-07-09,,,,
BUNMAN1,1-6,SUCK,2026-08-12,13,73,0,0,0,0,86,0,0,0,0,0,2026-07-09,,,,
BUNMAN1,1-7,FARROW_WAIT,2026-08-12,12,0,0,2,0,0,10,0,0,0,0,0,2026-07-12,,,,
BUNMAN1,1-7,LACT_SOW,2026-08-12,0,2,0,0,0,0,2,0,0,0,0,0,2026-07-12,,,,
BUNMAN1,1-7,SUCK,2026-08-12,0,24,0,0,0,0,24,0,0,0,0,0,2026-07-12,,,,
BUNMAN1,1-8,FARROW_WAIT,2026-08-12,11,0,0,3,0,0,8,0,0,0,0,0,,,,,
BUNMAN1,1-8,LACT_SOW,2026-08-12,1,3,0,0,0,0,4,0,0,0,0,0,,,,,
BUNMAN1,1-8,SUCK,2026-08-12,14,37,0,0,0,0,51,0,0,0,0,0,,,,,
BUNMAN1,1-9,FARROW_WAIT,2026-08-12,12,0,0,1,0,0,11,0,0,0,0,0,,,,,
BUNMAN1,1-9,LACT_SOW,2026-08-12,0,1,0,0,0,0,1,0,0,0,0,0,,,,,
BUNMAN1,1-9,SUCK,2026-08-12,0,14,0,0,0,0,14,0,0,0,0,0,,,,,
BUNMAN2,2-1,LACT_SOW,2026-08-12,12,0,0,0,0,0,12,0,0,0,0,0,2026-07-19,,,,
BUNMAN2,2-1,SUCK,2026-08-12,136,0,0,0,0,0,136,0,0,0,0,0,2026-07-19,,,,
BUNMAN2,2-10,LACT_SOW,2026-08-12,12,0,0,0,0,0,12,0,0,0,0,0,,,,,
BUNMAN2,2-10,SUCK,2026-08-12,127,0,0,0,0,0,127,0,0,0,0,0,,,,,
BUNMAN2,2-2,LACT_SOW,2026-08-12,12,0,0,0,0,0,12,0,0,0,0,0,2026-07-12,,,,
BUNMAN2,2-2,SUCK,2026-08-12,150,0,9,0,0,0,141,0,0,0,0,0,2026-07-12,,,,
BUNMAN2,2-3,LACT_SOW,2026-08-12,12,0,0,0,0,0,12,0,0,0,0,0,2026-07-19,,,,
BUNMAN2,2-3,SUCK,2026-08-12,135,0,3,0,0,0,132,0,0,0,0,0,2026-07-19,,,,
BUNMAN2,2-4,LACT_SOW,2026-08-12,12,0,0,0,0,0,12,0,0,0,0,0,,,,,
BUNMAN2,2-4,SUCK,2026-08-12,135,0,0,0,0,1,134,0,0,0,0,0,,,,,
BUNMAN2,2-5,LACT_SOW,2026-08-12,12,0,0,0,0,0,12,0,0,0,0,0,2026-07-12,,,,
BUNMAN2,2-5,SUCK,2026-08-12,126,0,0,0,0,0,126,0,0,0,0,0,2026-07-12,,,,
BUNMAN2,2-6,LACT_SOW,2026-08-12,12,0,0,0,0,0,12,0,0,0,0,0,2026-07-26,,,,
BUNMAN2,2-6,SUCK,2026-08-12,129,0,0,0,0,0,129,0,0,0,0,0,2026-07-26,,,,
BUNMAN2,2-7,LACT_SOW,2026-08-12,12,0,0,0,0,0,12,0,0,0,0,0,,,,,
BUNMAN2,2-7,SUCK,2026-08-12,123,12,0,0,0,0,135,0,0,0,0,0,,,,,
BUNMAN2,2-8,LACT_SOW,2026-08-12,11,0,0,0,0,0,11,0,0,0,0,0,,,,,
BUNMAN2,2-8,SUCK,2026-08-12,140,0,0,0,0,1,139,0,0,0,0,0,,,,,
BUNMAN2,2-9,LACT_SOW,2026-08-12,12,0,0,0,0,0,12,0,0,0,0,0,,,,,
BUNMAN2,2-9,SUCK,2026-08-12,120,0,0,0,0,0,120,0,0,0,0,0,,,,,
IMSIN1,,CAND_F,2026-08-12,0,0,0,0,0,0,0,0,0,0,0,0,,,,,
IMSIN1,,PREG,2026-08-12,353,0,0,0,0,0,353,0,0,0,0,0,,,,,
IMSIN1,,STAY_S,2026-08-12,0,0,0,0,0,0,0,0,0,0,0,0,,,,,
IMSIN2,,CAND_F,2026-08-12,0,0,0,0,0,0,0,0,0,0,0,0,,,,,
IMSIN2,,PREG,2026-08-12,359,0,0,0,0,0,359,0,0,0,0,0,,,,,
IMSIN2,,STAY_S,2026-08-12,0,0,0,0,0,0,0,0,0,0,0,0,,,,,
JADON,1-1,,2026-08-12,131,0,0,0,0,0,131,0,0,0,0,0,2026-07-23,2026-07-02,5,암,
JADON,1-10,,2026-08-12,221,0,0,0,0,0,221,0,0,0,0,0,/,,,암,
JADON,1-11,,2026-08-12,0,0,0,0,0,0,0,0,0,0,0,0,7-12,2026-06-11,5,수,
JADON,1-12,,2026-08-12,0,0,0,0,0,0,0,0,0,0,0,0,/,,,암수,암55
JADON,1-13,,2026-08-12,0,0,0,0,0,0,0,0,0,0,0,0,/,,,임,
JADON,1-14,,2026-08-12,0,0,0,0,0,0,0,0,0,0,0,0,/,,,수,
JADON,1-2,,2026-08-12,130,0,0,0,0,0,130,0,0,0,0,0,/,,,수,
JADON,1-3,,2026-08-12,140,0,0,0,0,0,140,0,0,0,0,0,7-30,2026-07-09,4.8,수,
JADON,1-4,,2026-08-12,140,0,0,0,0,0,140,0,0,0,0,0,/,,,암수,수44
JADON,1-5,,2026-08-12,140,0,0,0,0,0,140,0,0,0,0,0,/,,,암,
JADON,1-6,,2026-08-12,131,0,0,0,0,0,131,0,0,0,0,0,/,,,암,
JADON,1-7,,2026-08-12,131,0,0,0,0,0,131,0,0,0,0,0,/,,,수,
JADON,1-8,,2026-08-12,221,0,0,0,0,0,221,0,0,0,0,0,8-6,2026-07-16,4.9,수,
JADON,1-9,,2026-08-12,220,0,0,0,0,1,219,0,0,0,0,0,/,,,암수,암85
JADON,2-1,,2026-08-12,0,0,0,0,0,0,0,0,0,0,0,0,/,,,암,
JADON,2-10,,2026-08-12,139,0,0,0,0,0,139,0,0,0,0,0,/,,,암,
JADON,2-11,,2026-08-12,140,0,0,0,0,0,140,0,0,0,0,0,/,,,수,
JADON,2-12,,2026-08-12,131,0,0,0,0,0,131,0,0,0,0,0,7-23,2026-07-23,5,암,
JADON,2-13,,2026-08-12,132,0,0,0,0,1,131,0,0,0,0,0,/,,,암,암68
JADON,2-14,,2026-08-12,132,0,0,0,0,0,132,0,0,0,0,0,/,,,암,
JADON,2-2,,2026-08-12,140,0,0,0,0,0,140,0,0,0,0,0,7-9,2026-06-18,5,암,
JADON,2-3,,2026-08-12,124,0,0,0,0,0,124,0,0,0,0,0,/,,,암수,암57
JADON,2-4,,2026-08-12,139,0,0,0,0,0,139,0,0,0,0,0,/,,,수,
JADON,2-5,,2026-08-12,139,0,0,0,0,1,138,0,0,0,0,0,/,,,암,
JADON,2-6,,2026-08-12,152,0,0,0,0,0,152,0,0,0,0,0,/,,,수,
JADON,2-7,,2026-08-12,140,0,0,0,0,0,140,0,0,0,0,0,7-16,2026-06-25,5.4,암,
JADON,2-8,,2026-08-12,131,0,0,0,0,1,130,0,0,0,0,0,/,,,암수,암68
JADON,2-9,,2026-08-12,140,0,0,0,0,0,140,0,0,0,0,0,/,,,수,
JONGBU,,BOAR,2026-08-12,0,0,0,0,0,0,0,0,0,0,0,0,,,,,
JONGBU,,CAND_F,2026-08-12,28,0,2,0,0,0,26,0,0,0,0,0,,,,,
JONGBU,,PREG,2026-08-12,256,6,0,0,0,0,262,0,0,0,0,0,,,,,
JONGBU,,STAY_L,2026-08-12,0,0,0,0,0,0,0,0,0,0,0,0,,,,,
JONGBU,,STAY_S,2026-08-12,0,0,0,0,0,0,0,0,0,0,0,0,,,,,
JONGBU,,WEAN_PIG,2026-08-12,7,0,5,0,0,0,2,0,0,0,0,0,,,,,
SUNCHI,,CAND_F,2026-08-12,163,0,0,0,0,0,163,0,0,0,0,0,,,,,
SUNCHI,,CAND_M,2026-08-12,11,0,0,0,0,0,11,0,0,0,0,0,,,,,
SUNCHI,,PREG,2026-08-12,0,0,0,0,0,0,0,0,0,0,0,0,,,,,
SUNCHI,,STAY,2026-08-12,6,1,0,0,0,0,7,0,0,0,0,0,,,,,
SUNCHI,,WEAN_SOW,2026-08-12,0,0,0,0,0,0,0,0,0,0,0,0,,,,,
BUNMAN1,1-1,LACT_SOW,2026-08-13,12,0,0,0,0,0,12,0,0,0,0,0,2026-08-12,,,,
BUNMAN1,1-1,SUCK,2026-08-13,145,0,0,0,0,0,145,0,0,0,0,0,2026-08-12,,,,
BUNMAN1,1-10,FARROW_WAIT,2026-08-13,9,0,0,3,0,0,6,0,0,0,0,0,,,,,
BUNMAN1,1-10,LACT_SOW,2026-08-13,0,3,0,0,0,0,3,0,0,0,0,0,,,,,
BUNMAN1,1-10,SUCK,2026-08-13,0,35,0,0,0,0,35,0,0,0,0,0,,,,,
BUNMAN1,1-2,LACT_SOW,2026-08-13,12,0,0,0,0,0,12,0,0,0,0,0,,,,,
BUNMAN1,1-2,SUCK,2026-08-13,119,0,0,0,0,2,117,0,0,0,0,0,,,,,
BUNMAN1,1-3,LACT_SOW,2026-08-13,12,0,0,0,0,0,12,0,0,0,0,0,,,,,
BUNMAN1,1-3,SUCK,2026-08-13,124,0,0,0,0,0,124,0,0,0,0,0,,,,,
BUNMAN1,1-4,LACT_SOW,2026-08-13,12,0,0,0,0,0,12,0,0,0,0,0,,,,,
BUNMAN1,1-4,SUCK,2026-08-13,120,0,0,0,0,0,120,0,0,0,0,0,,,,,
BUNMAN1,1-5,LACT_SOW,2026-08-13,6,0,0,0,0,0,6,0,0,0,0,0,,,,,
BUNMAN1,1-5,SUCK,2026-08-13,70,0,0,0,0,1,69,0,0,0,0,0,,,,,
BUNMAN1,1-6,FARROW_WAIT,2026-08-13,4,0,0,4,0,0,0,0,0,0,0,0,2026-07-09,,,,
BUNMAN1,1-6,LACT_SOW,2026-08-13,8,4,0,0,0,0,12,0,0,0,0,0,2026-07-09,,,,
BUNMAN1,1-6,SUCK,2026-08-13,86,40,0,0,0,1,125,0,0,0,0,0,2026-07-09,,,,
BUNMAN1,1-7,FARROW_WAIT,2026-08-13,10,0,0,8,0,0,2,0,0,0,0,0,2026-07-12,,,,
BUNMAN1,1-7,LACT_SOW,2026-08-13,2,8,0,0,0,0,10,0,0,0,0,0,2026-07-12,,,,
BUNMAN1,1-7,SUCK,2026-08-13,24,101,0,0,0,0,125,0,0,0,0,0,2026-07-12,,,,
BUNMAN1,1-8,FARROW_WAIT,2026-08-13,8,0,0,7,0,0,1,0,0,0,0,0,,,,,
BUNMAN1,1-8,LACT_SOW,2026-08-13,4,7,0,0,0,0,11,0,0,0,0,0,,,,,
BUNMAN1,1-8,SUCK,2026-08-13,51,102,0,0,0,0,153,0,0,0,0,0,,,,,
BUNMAN1,1-9,FARROW_WAIT,2026-08-13,11,0,0,7,0,0,4,0,0,0,0,0,,,,,
BUNMAN1,1-9,LACT_SOW,2026-08-13,1,7,0,0,0,0,8,0,0,0,0,0,,,,,
BUNMAN1,1-9,SUCK,2026-08-13,14,98,0,0,0,0,112,0,0,0,0,0,,,,,
BUNMAN2,2-1,LACT_SOW,2026-08-13,12,0,12,0,0,0,0,0,0,0,0,0,2026-07-19,,,,
BUNMAN2,2-1,SUCK,2026-08-13,136,0,136,0,0,0,0,0,0,0,0,0,2026-07-19,,,,
BUNMAN2,2-10,LACT_SOW,2026-08-13,12,0,0,0,0,0,12,0,0,0,0,0,,,,,
BUNMAN2,2-10,SUCK,2026-08-13,127,0,0,0,0,0,127,0,0,0,0,0,,,,,
BUNMAN2,2-2,LACT_SOW,2026-08-13,12,0,12,0,0,0,0,0,0,0,0,0,2026-07-12,,,,
BUNMAN2,2-2,SUCK,2026-08-13,141,0,140,0,0,1,0,0,0,0,0,0,2026-07-12,,,,
BUNMAN2,2-3,LACT_SOW,2026-08-13,12,0,12,0,0,0,0,0,0,0,0,0,2026-07-19,,,,
BUNMAN2,2-3,SUCK,2026-08-13,132,0,132,0,0,0,0,0,0,0,0,0,2026-07-19,,,,
BUNMAN2,2-4,LACT_SOW,2026-08-13,12,0,12,0,0,0,0,0,0,0,0,0,,,,,
BUNMAN2,2-4,SUCK,2026-08-13,134,0,134,0,0,0,0,0,0,0,0,0,,,,,
BUNMAN2,2-5,LACT_SOW,2026-08-13,12,0,12,0,0,0,0,0,0,0,0,0,2026-07-12,,,,
BUNMAN2,2-5,SUCK,2026-08-13,126,0,125,0,0,1,0,0,0,0,0,0,2026-07-12,,,,
BUNMAN2,2-6,LACT_SOW,2026-08-13,12,0,0,0,0,0,12,0,0,0,0,0,2026-07-26,,,,
BUNMAN2,2-6,SUCK,2026-08-13,129,0,0,0,0,0,129,0,0,0,0,0,2026-07-26,,,,
BUNMAN2,2-7,LACT_SOW,2026-08-13,12,0,0,0,0,0,12,0,0,0,0,0,,,,,
BUNMAN2,2-7,SUCK,2026-08-13,135,0,0,0,0,0,135,0,0,0,0,0,,,,,
BUNMAN2,2-8,LACT_SOW,2026-08-13,11,0,0,0,0,0,11,0,0,0,0,0,,,,,
BUNMAN2,2-8,SUCK,2026-08-13,139,0,0,0,0,0,139,0,0,0,0,0,,,,,
BUNMAN2,2-9,LACT_SOW,2026-08-13,12,0,0,0,0,0,12,0,0,0,0,0,,,,,
BUNMAN2,2-9,SUCK,2026-08-13,120,0,0,0,0,0,120,0,0,0,0,0,,,,,
IMSIN1,,CAND_F,2026-08-13,0,0,0,0,0,0,0,0,0,0,0,0,,,,,
IMSIN1,,PREG,2026-08-13,353,0,0,0,0,0,353,0,0,0,0,0,,,,,
IMSIN1,,STAY_S,2026-08-13,0,0,0,0,0,0,0,0,0,0,0,0,,,,,
IMSIN2,,CAND_F,2026-08-13,0,0,0,0,0,0,0,0,0,0,0,0,,,,,
IMSIN2,,PREG,2026-08-13,359,0,0,0,0,0,359,0,0,0,0,0,,,,,
IMSIN2,,STAY_S,2026-08-13,0,0,0,0,0,0,0,0,0,0,0,0,,,,,
JADON,1-1,,2026-08-13,131,0,0,0,0,0,131,0,0,0,0,0,2026-07-23,2026-07-02,5,암,
JADON,1-10,,2026-08-13,221,0,89,0,0,0,132,0,0,0,0,0,/,,,암,
JADON,1-11,,2026-08-13,0,132,0,0,0,0,132,0,0,0,0,0,7-12,2026-06-11,5,암,
JADON,1-12,,2026-08-13,0,134,0,0,0,0,134,0,0,0,0,0,/,,,수,암55
JADON,1-13,,2026-08-13,0,220,0,0,0,0,220,0,0,0,0,0,8-13,2026-07-23,4.92,암,
JADON,1-14,,2026-08-13,0,223,0,0,0,0,223,0,0,0,0,0,/,,,수,
JADON,1-2,,2026-08-13,130,0,0,0,0,0,130,0,0,0,0,0,/,,,수,
JADON,1-3,,2026-08-13,140,0,0,0,0,0,140,0,0,0,0,0,7-30,2026-07-09,4.8,수,
JADON,1-4,,2026-08-13,140,0,0,0,0,0,140,0,0,0,0,0,/,,,암수,수44
JADON,1-5,,2026-08-13,140,0,0,0,0,0,140,0,0,0,0,0,/,,,암,
JADON,1-6,,2026-08-13,131,0,0,0,0,0,131,0,0,0,0,0,/,,,암,
JADON,1-7,,2026-08-13,131,0,0,0,0,0,131,0,0,0,0,0,/,,,수,
JADON,1-8,,2026-08-13,221,0,89,0,0,0,132,0,0,0,0,0,8-6,2026-07-16,4.9,수,
JADON,1-9,,2026-08-13,219,0,88,0,0,0,131,0,0,0,0,0,/,,,암수,암42
JADON,2-1,,2026-08-13,0,224,0,0,0,0,224,0,0,0,0,0,/,,,암수,암79
JADON,2-10,,2026-08-13,139,0,0,0,0,0,139,0,0,0,0,0,/,,,암,
JADON,2-11,,2026-08-13,140,0,0,0,0,0,140,0,0,0,0,0,/,,,수,
JADON,2-12,,2026-08-13,131,0,0,0,0,0,131,0,0,0,0,0,7-23,2026-07-23,5,암,
JADON,2-13,,2026-08-13,131,0,0,0,0,1,130,0,0,0,0,0,/,,,암,암68
JADON,2-14,,2026-08-13,132,0,0,0,0,0,132,0,0,0,0,0,/,,,암,
JADON,2-2,,2026-08-13,140,0,0,0,0,0,140,0,0,0,0,0,7-9,2026-06-18,5,암,
JADON,2-3,,2026-08-13,124,0,0,0,0,0,124,0,0,0,0,0,/,,,암수,암57
JADON,2-4,,2026-08-13,139,0,0,0,0,0,139,0,0,0,0,0,/,,,수,
JADON,2-5,,2026-08-13,138,0,0,0,0,1,137,0,0,0,0,0,/,,,암,
JADON,2-6,,2026-08-13,152,0,0,0,0,0,152,0,0,0,0,0,/,,,수,
JADON,2-7,,2026-08-13,140,0,0,0,0,0,140,0,0,0,0,0,7-16,2026-06-25,5.4,암,
JADON,2-8,,2026-08-13,130,0,0,0,0,1,129,0,0,0,0,0,/,,,암수,암68
JADON,2-9,,2026-08-13,140,0,0,0,0,0,140,0,0,0,0,0,/,,,수,
JONGBU,,BOAR,2026-08-13,0,0,0,0,0,0,0,0,0,0,0,0,,,,,
JONGBU,,CAND_F,2026-08-13,26,0,0,0,0,0,26,0,0,0,0,0,,,,,
JONGBU,,PREG,2026-08-13,262,2,0,1,0,0,263,0,0,0,0,1,,,,,
JONGBU,,STAY_L,2026-08-13,0,0,0,0,0,0,0,0,0,0,0,0,,,,,
JONGBU,,STAY_S,2026-08-13,0,0,0,0,0,0,0,0,0,0,0,0,,,,,
JONGBU,,WEAN_PIG,2026-08-13,2,0,2,0,0,0,0,0,0,0,0,0,,,,,
SUNCHI,,CAND_F,2026-08-13,163,0,0,0,0,0,163,0,0,0,0,0,,,,,
SUNCHI,,CAND_M,2026-08-13,11,0,0,0,0,0,11,0,0,0,0,0,,,,,
SUNCHI,,PREG,2026-08-13,0,0,0,0,0,0,0,0,0,0,0,0,,,,,
SUNCHI,,STAY,2026-08-13,7,2,1,0,0,0,8,0,0,0,0,0,,,,,
SUNCHI,,WEAN_SOW,2026-08-13,0,60,0,0,0,0,60,0,0,0,0,0,,,,,
BUNMAN1,1-1,LACT_SOW,2026-08-14,12,0,0,0,0,0,12,0,0,0,0,0,2026-08-12,,,,
BUNMAN1,1-1,SUCK,2026-08-14,145,0,0,0,0,1,144,0,0,0,0,0,2026-08-12,,,,
BUNMAN1,1-10,FARROW_WAIT,2026-08-14,6,0,0,4,0,0,2,0,0,0,0,0,,,,,
BUNMAN1,1-10,LACT_SOW,2026-08-14,3,4,0,0,0,0,7,0,0,0,0,0,,,,,
BUNMAN1,1-10,SUCK,2026-08-14,35,55,0,0,0,1,89,0,0,0,0,0,,,,,
BUNMAN1,1-2,LACT_SOW,2026-08-14,12,0,0,0,0,0,12,0,0,0,0,0,,,,,
BUNMAN1,1-2,SUCK,2026-08-14,117,0,0,0,0,0,117,0,0,0,0,0,,,,,
BUNMAN1,1-3,LACT_SOW,2026-08-14,12,0,0,0,0,0,12,0,0,0,0,0,,,,,
BUNMAN1,1-3,SUCK,2026-08-14,124,0,0,0,0,2,122,0,0,0,0,0,,,,,
BUNMAN1,1-4,LACT_SOW,2026-08-14,12,0,0,0,0,0,12,0,0,0,0,0,,,,,
BUNMAN1,1-4,SUCK,2026-08-14,120,0,0,0,0,0,120,0,0,0,0,0,,,,,
BUNMAN1,1-5,LACT_SOW,2026-08-14,6,0,0,0,0,0,6,0,0,0,0,0,,,,,
BUNMAN1,1-5,SUCK,2026-08-14,69,0,0,0,0,0,69,0,0,0,0,0,,,,,
BUNMAN1,1-6,LACT_SOW,2026-08-14,12,0,0,0,0,0,12,0,0,0,0,0,2026-07-09,,,,
BUNMAN1,1-6,SUCK,2026-08-14,125,0,0,0,0,0,125,0,0,0,0,0,2026-07-09,,,,
BUNMAN1,1-7,FARROW_WAIT,2026-08-14,2,0,0,2,0,0,0,0,0,0,0,0,2026-07-12,,,,
BUNMAN1,1-7,LACT_SOW,2026-08-14,10,2,0,0,0,0,12,0,0,0,0,0,2026-07-12,,,,
BUNMAN1,1-7,SUCK,2026-08-14,125,11,0,0,0,3,133,0,0,0,0,0,2026-07-12,,,,
BUNMAN1,1-8,FARROW_WAIT,2026-08-14,1,0,0,1,0,0,0,0,0,0,0,0,,,,,
BUNMAN1,1-8,LACT_SOW,2026-08-14,11,1,0,0,0,0,12,0,0,0,0,0,,,,,
BUNMAN1,1-8,SUCK,2026-08-14,153,11,0,0,0,4,160,0,0,0,0,0,,,,,
BUNMAN1,1-9,FARROW_WAIT,2026-08-14,4,0,0,4,0,0,0,0,0,0,0,0,,,,,
BUNMAN1,1-9,LACT_SOW,2026-08-14,8,4,0,0,0,0,12,0,0,0,0,0,,,,,
BUNMAN1,1-9,SUCK,2026-08-14,112,50,0,0,0,0,162,0,0,0,0,0,,,,,
BUNMAN2,2-10,LACT_SOW,2026-08-14,12,0,0,0,0,0,12,0,0,0,0,0,,,,,
BUNMAN2,2-10,SUCK,2026-08-14,127,0,0,0,0,0,127,0,0,0,0,0,,,,,
BUNMAN2,2-6,LACT_SOW,2026-08-14,12,0,0,0,0,0,12,0,0,0,0,0,2026-07-26,,,,
BUNMAN2,2-6,SUCK,2026-08-14,129,0,0,0,0,0,129,0,0,0,0,0,2026-07-26,,,,
BUNMAN2,2-7,LACT_SOW,2026-08-14,12,0,0,0,0,0,12,0,0,0,0,0,,,,,
BUNMAN2,2-7,SUCK,2026-08-14,135,0,0,0,0,0,135,0,0,0,0,0,,,,,
BUNMAN2,2-8,LACT_SOW,2026-08-14,11,0,0,0,0,0,11,0,0,0,0,0,,,,,
BUNMAN2,2-8,SUCK,2026-08-14,139,0,0,0,0,0,139,0,0,0,0,0,,,,,
BUNMAN2,2-9,LACT_SOW,2026-08-14,12,0,0,0,0,0,12,0,0,0,0,0,,,,,
BUNMAN2,2-9,SUCK,2026-08-14,120,0,0,0,0,0,120,0,0,0,0,0,,,,,
IMSIN1,,CAND_F,2026-08-14,0,0,0,0,0,0,0,0,0,0,0,0,,,,,
IMSIN1,,PREG,2026-08-14,353,0,0,0,0,0,353,0,0,0,0,0,,,,,
IMSIN1,,STAY_S,2026-08-14,0,0,0,0,0,0,0,0,0,0,0,0,,,,,
IMSIN2,,CAND_F,2026-08-14,0,0,0,0,0,0,0,0,0,0,0,0,,,,,
IMSIN2,,PREG,2026-08-14,359,0,0,0,0,0,359,0,0,0,0,0,,,,,
IMSIN2,,STAY_S,2026-08-14,0,0,0,0,0,0,0,0,0,0,0,0,,,,,
JADON,1-1,,2026-08-14,131,0,0,0,0,0,131,0,0,0,0,0,2026-07-23,2026-07-02,5,암,
JADON,1-10,,2026-08-14,132,0,0,0,0,0,132,0,0,0,0,0,/,,,암,
JADON,1-11,,2026-08-14,132,0,0,0,0,0,132,0,0,0,0,0,7-12,2026-06-11,5,암,
JADON,1-12,,2026-08-14,134,0,0,0,0,0,134,0,0,0,0,0,/,,,수,암55
JADON,1-13,,2026-08-14,220,0,0,0,0,0,220,0,0,0,0,0,8-13,2026-07-23,4.92,암,
JADON,1-14,,2026-08-14,223,0,0,0,0,0,223,0,0,0,0,0,/,,,수,
JADON,1-2,,2026-08-14,130,0,0,0,0,0,130,0,0,0,0,0,/,,,수,
JADON,1-3,,2026-08-14,140,0,0,0,0,0,140,0,0,0,0,0,7-30,2026-07-09,4.8,수,
JADON,1-4,,2026-08-14,140,0,0,0,0,0,140,0,0,0,0,0,/,,,암수,수44
JADON,1-5,,2026-08-14,140,0,0,0,0,0,140,0,0,0,0,0,/,,,암,
JADON,1-6,,2026-08-14,131,0,0,0,0,0,131,0,0,0,0,0,/,,,암,
JADON,1-7,,2026-08-14,131,0,0,0,0,0,131,0,0,0,0,0,/,,,수,
JADON,1-8,,2026-08-14,132,0,0,0,0,0,132,0,0,0,0,0,8-6,2026-07-16,4.9,수,
JADON,1-9,,2026-08-14,131,0,0,0,0,1,130,0,0,0,0,0,/,,,암수,암42
JADON,2-1,,2026-08-14,224,0,0,0,0,0,224,0,0,0,0,0,/,,,암수,암79
JADON,2-10,,2026-08-14,139,0,0,0,0,0,139,0,0,0,0,0,/,,,암,
JADON,2-11,,2026-08-14,140,0,0,0,0,0,140,0,0,0,0,0,/,,,수,
JADON,2-12,,2026-08-14,131,0,0,0,0,0,131,0,0,0,0,0,7-23,2026-07-23,5,암,
JADON,2-13,,2026-08-14,130,0,0,0,0,0,130,0,0,0,0,0,/,,,암,암68
JADON,2-14,,2026-08-14,132,0,0,0,0,0,132,0,0,0,0,0,/,,,암,
JADON,2-2,,2026-08-14,140,0,0,0,0,0,140,0,0,0,0,0,7-9,2026-06-18,5,암,
JADON,2-3,,2026-08-14,124,0,0,0,0,0,124,0,0,0,0,0,/,,,암수,암57
JADON,2-4,,2026-08-14,139,0,0,0,0,0,139,0,0,0,0,0,/,,,수,
JADON,2-5,,2026-08-14,137,0,0,0,0,0,137,0,0,0,0,0,/,,,암,
JADON,2-6,,2026-08-14,152,0,0,0,0,0,152,0,0,0,0,0,/,,,수,
JADON,2-7,,2026-08-14,140,0,0,0,0,1,139,0,0,0,0,0,7-16,2026-06-25,5.4,암,
JADON,2-8,,2026-08-14,129,0,0,0,0,0,129,0,0,0,0,0,/,,,암수,암68
JADON,2-9,,2026-08-14,140,0,0,0,0,0,140,0,0,0,0,0,/,,,수,
JONGBU,,BOAR,2026-08-14,0,0,0,0,0,0,0,0,0,0,0,0,,,,,
JONGBU,,CAND_F,2026-08-14,26,0,0,0,0,0,26,0,0,0,0,0,,,,,
JONGBU,,PREG,2026-08-14,263,0,0,0,0,0,263,0,0,0,0,0,,,,,
JONGBU,,STAY_L,2026-08-14,0,0,0,0,0,0,0,0,0,0,0,0,,,,,
JONGBU,,STAY_S,2026-08-14,0,0,0,0,0,0,0,0,0,0,0,0,,,,,
JONGBU,,WEAN_PIG,2026-08-14,0,0,0,0,0,0,0,0,0,0,0,0,,,,,
SUNCHI,,CAND_F,2026-08-14,163,0,0,0,0,0,163,0,0,0,0,0,,,,,
SUNCHI,,CAND_M,2026-08-14,11,0,0,0,0,0,11,0,0,0,0,0,,,,,
SUNCHI,,PREG,2026-08-14,0,0,0,0,0,0,0,0,0,0,0,0,,,,,
SUNCHI,,STAY,2026-08-14,8,0,0,0,0,0,8,0,0,0,0,0,,,,,
SUNCHI,,WEAN_SOW,2026-08-14,60,0,0,0,0,0,60,0,0,0,0,0,,,,,
BUNMAN1,1-1,LACT_SOW,2026-08-15,12,0,0,0,0,0,12,0,0,0,0,0,2026-08-12,,,,
BUNMAN1,1-1,SUCK,2026-08-15,144,0,0,0,0,1,143,0,0,0,0,0,2026-08-12,,,,
BUNMAN1,1-10,FARROW_WAIT,2026-08-15,2,0,0,2,0,0,0,0,0,0,0,0,,,,,
BUNMAN1,1-10,LACT_SOW,2026-08-15,7,2,0,0,0,0,9,0,0,0,0,0,,,,,
BUNMAN1,1-10,SUCK,2026-08-15,89,25,5,0,0,1,108,0,0,0,0,0,,,,,
BUNMAN1,1-2,LACT_SOW,2026-08-15,12,0,0,0,0,0,12,0,0,0,0,0,,,,,
BUNMAN1,1-2,SUCK,2026-08-15,117,0,0,0,0,0,117,0,0,0,0,0,,,,,
BUNMAN1,1-3,LACT_SOW,2026-08-15,12,0,0,0,0,0,12,0,0,0,0,0,,,,,
BUNMAN1,1-3,SUCK,2026-08-15,122,0,0,0,0,0,122,0,0,0,0,0,,,,,
BUNMAN1,1-4,LACT_SOW,2026-08-15,12,0,0,0,0,0,12,0,0,0,0,0,,,,,
BUNMAN1,1-4,SUCK,2026-08-15,120,0,0,0,0,1,119,0,0,0,0,0,,,,,
BUNMAN1,1-5,LACT_SOW,2026-08-15,6,0,0,0,0,0,6,0,0,0,0,0,,,,,
BUNMAN1,1-5,SUCK,2026-08-15,69,0,0,0,0,1,68,0,0,0,0,0,,,,,
BUNMAN1,1-6,LACT_SOW,2026-08-15,12,0,0,0,0,0,12,0,0,0,0,0,2026-07-09,,,,
BUNMAN1,1-6,SUCK,2026-08-15,125,10,0,0,0,0,135,0,0,0,0,0,2026-07-09,,,,
BUNMAN1,1-7,LACT_SOW,2026-08-15,12,0,0,0,0,0,12,0,0,0,0,0,2026-07-12,,,,
BUNMAN1,1-7,SUCK,2026-08-15,133,10,0,0,0,1,142,0,0,0,0,0,2026-07-12,,,,
BUNMAN1,1-8,LACT_SOW,2026-08-15,12,0,0,0,0,0,12,0,0,0,0,0,,,,,
BUNMAN1,1-8,SUCK,2026-08-15,160,0,10,0,0,0,150,0,0,0,0,0,,,,,
BUNMAN1,1-9,LACT_SOW,2026-08-15,12,0,0,0,0,0,12,0,0,0,0,0,,,,,
BUNMAN1,1-9,SUCK,2026-08-15,162,0,5,0,0,4,153,0,0,0,0,0,,,,,
BUNMAN2,2-10,LACT_SOW,2026-08-15,12,0,0,0,0,0,12,0,0,0,0,0,,,,,
BUNMAN2,2-10,SUCK,2026-08-15,127,0,0,0,0,1,126,0,0,0,0,0,,,,,
BUNMAN2,2-6,LACT_SOW,2026-08-15,12,0,0,0,0,0,12,0,0,0,0,0,2026-07-26,,,,
BUNMAN2,2-6,SUCK,2026-08-15,129,0,0,0,0,0,129,0,0,0,0,0,2026-07-26,,,,
BUNMAN2,2-7,LACT_SOW,2026-08-15,12,0,0,0,0,0,12,0,0,0,0,0,,,,,
BUNMAN2,2-7,SUCK,2026-08-15,135,0,0,0,0,0,135,0,0,0,0,0,,,,,
BUNMAN2,2-8,LACT_SOW,2026-08-15,11,0,0,0,0,0,11,0,0,0,0,0,,,,,
BUNMAN2,2-8,SUCK,2026-08-15,139,0,0,0,0,0,139,0,0,0,0,0,,,,,
BUNMAN2,2-9,LACT_SOW,2026-08-15,12,0,0,0,0,0,12,0,0,0,0,0,,,,,
BUNMAN2,2-9,SUCK,2026-08-15,120,0,0,0,0,0,120,0,0,0,0,0,,,,,
IMSIN1,,CAND_F,2026-08-15,0,0,0,0,0,0,0,0,0,0,0,0,,,,,
IMSIN1,,PREG,2026-08-15,353,0,0,1,0,0,352,0,0,0,1,0,,,,,
IMSIN1,,STAY_S,2026-08-15,0,0,0,0,0,0,0,0,0,0,0,0,,,,,
IMSIN2,,CAND_F,2026-08-15,0,0,0,0,0,0,0,0,0,0,0,0,,,,,
IMSIN2,,PREG,2026-08-15,359,0,0,0,0,0,359,0,0,0,0,0,,,,,
IMSIN2,,STAY_S,2026-08-15,0,0,0,0,0,0,0,0,0,0,0,0,,,,,
JADON,1-1,,2026-08-15,131,0,0,0,0,0,131,0,0,0,0,0,2026-07-23,2026-07-02,5,암,
JADON,1-10,,2026-08-15,132,0,0,0,0,0,132,0,0,0,0,0,/,,,암,
JADON,1-11,,2026-08-15,132,0,0,0,0,0,132,0,0,0,0,0,7-12,2026-06-11,5,암,
JADON,1-12,,2026-08-15,134,0,0,0,0,0,134,0,0,0,0,0,/,,,수,암55
JADON,1-13,,2026-08-15,220,0,0,0,0,0,220,0,0,0,0,0,8-13,2026-07-23,4.92,암,
JADON,1-14,,2026-08-15,223,0,0,0,0,0,223,0,0,0,0,0,/,,,수,
JADON,1-2,,2026-08-15,130,0,0,0,0,0,130,0,0,0,0,0,/,,,수,
JADON,1-3,,2026-08-15,140,0,0,0,0,0,140,0,0,0,0,0,7-30,2026-07-09,4.8,수,
JADON,1-4,,2026-08-15,140,0,0,0,0,0,140,0,0,0,0,0,/,,,암수,수44
JADON,1-5,,2026-08-15,140,0,0,0,0,0,140,0,0,0,0,0,/,,,암,
JADON,1-6,,2026-08-15,131,0,0,0,0,1,130,0,0,0,0,0,/,,,암,
JADON,1-7,,2026-08-15,131,0,0,0,0,0,131,0,0,0,0,0,/,,,수,
JADON,1-8,,2026-08-15,132,0,0,0,0,0,132,0,0,0,0,0,8-6,2026-07-16,4.9,수,
JADON,1-9,,2026-08-15,130,0,0,0,0,0,130,0,0,0,0,0,/,,,암수,암42
JADON,2-1,,2026-08-15,224,0,0,0,0,0,224,0,0,0,0,0,/,,,암수,암79
JADON,2-10,,2026-08-15,139,0,0,0,0,0,139,0,0,0,0,0,/,,,암,
JADON,2-11,,2026-08-15,140,0,0,0,0,0,140,0,0,0,0,0,/,,,수,
JADON,2-12,,2026-08-15,131,0,0,0,0,0,131,0,0,0,0,0,7-23,2026-07-23,5,암,
JADON,2-13,,2026-08-15,130,0,0,0,0,0,130,0,0,0,0,0,/,,,암,암68
JADON,2-14,,2026-08-15,132,0,0,0,0,0,132,0,0,0,0,0,/,,,암,
JADON,2-2,,2026-08-15,140,0,0,0,0,0,140,0,0,0,0,0,7-9,2026-06-18,5,암,
JADON,2-3,,2026-08-15,124,0,0,0,0,0,124,0,0,0,0,0,/,,,암수,암57
JADON,2-4,,2026-08-15,139,0,0,0,0,1,138,0,0,0,0,0,/,,,수,
JADON,2-5,,2026-08-15,137,0,0,0,0,0,137,0,0,0,0,0,/,,,암,
JADON,2-6,,2026-08-15,152,0,0,0,0,0,152,0,0,0,0,0,/,,,수,
JADON,2-7,,2026-08-15,139,0,0,0,0,0,139,0,0,0,0,0,7-16,2026-06-25,5.4,암,
JADON,2-8,,2026-08-15,129,0,0,0,0,0,129,0,0,0,0,0,/,,,암수,암68
JADON,2-9,,2026-08-15,140,0,0,0,0,1,139,0,0,0,0,0,/,,,수,
JONGBU,,BOAR,2026-08-15,0,0,0,0,0,0,0,0,0,0,0,0,,,,,
JONGBU,,CAND_F,2026-08-15,26,8,0,0,0,0,34,0,0,0,0,0,,,,,
JONGBU,,PREG,2026-08-15,263,0,0,0,0,0,263,0,0,0,0,0,,,,,
JONGBU,,STAY_L,2026-08-15,0,0,0,0,0,0,0,0,0,0,0,0,,,,,
JONGBU,,STAY_S,2026-08-15,0,0,0,0,0,0,0,0,0,0,0,0,,,,,
JONGBU,,WEAN_PIG,2026-08-15,0,0,0,0,0,0,0,0,0,0,0,0,,,,,
SUNCHI,,CAND_F,2026-08-15,163,0,8,0,0,0,155,0,0,0,0,0,,,,,
SUNCHI,,CAND_M,2026-08-15,11,0,0,0,0,0,11,0,0,0,0,0,,,,,
SUNCHI,,PREG,2026-08-15,0,0,0,0,0,0,0,0,0,0,0,0,,,,,
SUNCHI,,STAY,2026-08-15,8,1,0,0,0,0,9,0,0,0,0,0,,,,,
SUNCHI,,WEAN_SOW,2026-08-15,60,0,0,0,0,0,60,0,0,0,0,0,,,,,
BUNMAN1,1-1,LACT_SOW,2026-08-16,12,0,0,0,0,0,12,0,0,0,0,0,2026-08-12,,,,
BUNMAN1,1-1,SUCK,2026-08-16,143,0,0,0,0,0,143,0,0,0,0,0,2026-08-12,,,,
BUNMAN1,1-10,FARROW_WAIT,2026-08-16,0,2,0,2,0,0,0,0,0,0,0,0,,,,,
BUNMAN1,1-10,LACT_SOW,2026-08-16,9,2,0,0,0,0,11,0,0,0,0,0,,,,,
BUNMAN1,1-10,SUCK,2026-08-16,108,24,0,0,0,2,130,0,0,0,0,0,,,,,
BUNMAN1,1-2,LACT_SOW,2026-08-16,12,0,0,0,0,0,12,0,0,0,0,0,,,,,
BUNMAN1,1-2,SUCK,2026-08-16,117,0,0,0,0,3,114,0,0,0,0,0,,,,,
BUNMAN1,1-3,LACT_SOW,2026-08-16,12,0,0,0,0,0,12,0,0,0,0,0,,,,,
BUNMAN1,1-3,SUCK,2026-08-16,122,0,0,0,0,0,122,0,0,0,0,0,,,,,
BUNMAN1,1-4,LACT_SOW,2026-08-16,12,0,0,0,0,0,12,0,0,0,0,0,,,,,
BUNMAN1,1-4,SUCK,2026-08-16,119,0,0,0,0,0,119,0,0,0,0,0,,,,,
BUNMAN1,1-5,LACT_SOW,2026-08-16,6,0,0,0,0,0,6,0,0,0,0,0,,,,,
BUNMAN1,1-5,SUCK,2026-08-16,68,0,0,0,0,1,67,0,0,0,0,0,,,,,
BUNMAN1,1-6,LACT_SOW,2026-08-16,12,0,0,0,0,0,12,0,0,0,0,0,2026-07-09,,,,
BUNMAN1,1-6,SUCK,2026-08-16,135,0,0,0,0,0,135,0,0,0,0,0,2026-07-09,,,,
BUNMAN1,1-7,LACT_SOW,2026-08-16,12,0,0,0,0,0,12,0,0,0,0,0,2026-07-12,,,,
BUNMAN1,1-7,SUCK,2026-08-16,142,0,0,0,0,0,142,0,0,0,0,0,2026-07-12,,,,
BUNMAN1,1-8,LACT_SOW,2026-08-16,12,0,0,0,0,0,12,0,0,0,0,0,,,,,
BUNMAN1,1-8,SUCK,2026-08-16,150,0,0,0,0,0,150,0,0,0,0,0,,,,,
BUNMAN1,1-9,LACT_SOW,2026-08-16,12,0,0,0,0,0,12,0,0,0,0,0,,,,,
BUNMAN1,1-9,SUCK,2026-08-16,153,0,0,0,0,2,151,0,0,0,0,0,,,,,
BUNMAN2,2-1,FARROW_WAIT,2026-08-16,0,12,0,0,0,0,12,0,0,0,0,0,2026-08-16,,,,
BUNMAN2,2-10,LACT_SOW,2026-08-16,12,0,0,0,0,0,12,0,0,0,0,0,,,,,
BUNMAN2,2-10,SUCK,2026-08-16,126,0,0,0,0,0,126,0,0,0,0,0,,,,,
BUNMAN2,2-11,FARROW_WAIT,2026-08-16,0,12,0,0,0,0,12,0,0,0,0,0,2026-08-16,,,,
BUNMAN2,2-2,FARROW_WAIT,2026-08-16,0,12,0,0,0,0,12,0,0,0,0,0,2026-08-16,,,,
BUNMAN2,2-3,FARROW_WAIT,2026-08-16,0,12,0,0,0,0,12,0,0,0,0,0,2026-08-16,,,,
BUNMAN2,2-4,FARROW_WAIT,2026-08-16,0,11,0,0,0,0,11,0,0,0,0,0,2026-08-16,,,,
BUNMAN2,2-5,FARROW_WAIT,2026-08-16,0,12,0,0,0,0,12,0,0,0,0,0,2026-08-16,,,,
BUNMAN2,2-6,LACT_SOW,2026-08-16,12,0,0,0,0,0,12,0,0,0,0,0,2026-07-26,,,,
BUNMAN2,2-6,SUCK,2026-08-16,129,0,0,0,0,0,129,0,0,0,0,0,2026-07-26,,,,
BUNMAN2,2-7,LACT_SOW,2026-08-16,12,0,0,0,0,0,12,0,0,0,0,0,,,,,
BUNMAN2,2-7,SUCK,2026-08-16,135,0,0,0,0,1,134,0,0,0,0,0,,,,,
BUNMAN2,2-8,LACT_SOW,2026-08-16,11,0,0,0,0,0,11,0,0,0,0,0,,,,,
BUNMAN2,2-8,SUCK,2026-08-16,139,0,0,0,0,0,139,0,0,0,0,0,,,,,
BUNMAN2,2-9,LACT_SOW,2026-08-16,12,0,0,0,0,0,12,0,0,0,0,0,,,,,
BUNMAN2,2-9,SUCK,2026-08-16,120,0,0,0,0,0,120,0,0,0,0,0,,,,,
IMSIN1,,CAND_F,2026-08-16,0,0,0,0,0,0,0,0,0,0,0,0,,,,,
IMSIN1,,PREG,2026-08-16,352,62,73,0,0,0,341,0,0,0,0,0,,,,,
IMSIN1,,STAY_S,2026-08-16,0,0,0,0,0,0,0,0,0,0,0,0,,,,,
IMSIN2,,CAND_F,2026-08-16,0,0,0,0,0,0,0,0,0,0,0,0,,,,,
IMSIN2,,PREG,2026-08-16,359,0,0,0,0,0,359,0,0,0,0,0,,,,,
IMSIN2,,STAY_S,2026-08-16,0,0,0,0,0,0,0,0,0,0,0,0,,,,,
JADON,1-1,,2026-08-16,131,0,0,0,0,0,131,0,0,0,0,0,2026-07-23,2026-07-02,5,암,
JADON,1-10,,2026-08-16,132,0,0,0,0,0,132,0,0,0,0,0,/,,,암,
JADON,1-11,,2026-08-16,132,0,0,0,0,0,132,0,0,0,0,0,,,,암,
JADON,1-12,,2026-08-16,134,0,0,0,0,0,134,0,0,0,0,0,/,,,수,암55
JADON,1-13,,2026-08-16,220,0,0,0,0,0,220,0,0,0,0,0,8-13,2026-07-23,4.92,암,
JADON,1-14,,2026-08-16,223,0,0,0,0,0,223,0,0,0,0,0,/,,,수,
JADON,1-2,,2026-08-16,130,0,0,0,0,0,130,0,0,0,0,0,/,,,수,
JADON,1-3,,2026-08-16,140,0,0,0,0,0,140,0,0,0,0,0,7-30,2026-07-09,4.8,수,
JADON,1-4,,2026-08-16,140,0,0,0,0,0,140,0,0,0,0,0,/,,,암수,수44
JADON,1-5,,2026-08-16,140,0,0,0,0,0,140,0,0,0,0,0,/,,,암,
JADON,1-6,,2026-08-16,130,0,0,0,0,0,130,0,0,0,0,0,/,,,암,
JADON,1-7,,2026-08-16,131,0,0,0,0,0,131,0,0,0,0,0,/,,,수,
JADON,1-8,,2026-08-16,132,0,0,0,0,0,132,0,0,0,0,0,8-6,2026-07-16,4.9,수,
JADON,1-9,,2026-08-16,130,0,0,0,0,0,130,0,0,0,0,0,/,,,암수,암42
JADON,2-1,,2026-08-16,224,0,0,0,0,0,224,0,0,0,0,0,/,,,암수,암79
JADON,2-10,,2026-08-16,139,0,0,0,0,0,139,0,0,0,0,0,/,,,암,
JADON,2-11,,2026-08-16,140,0,0,0,0,0,140,0,0,0,0,0,/,,,수,
JADON,2-12,,2026-08-16,131,0,0,0,0,0,131,0,0,0,0,0,7-23,2026-07-23,5,암,
JADON,2-13,,2026-08-16,130,0,0,0,0,0,130,0,0,0,0,0,/,,,암,암68
JADON,2-14,,2026-08-16,132,0,0,0,0,0,132,0,0,0,0,0,/,,,암,
JADON,2-2,,2026-08-16,140,0,0,0,0,0,140,0,0,0,0,0,7-9,2026-06-18,5,암,
JADON,2-3,,2026-08-16,124,0,0,0,0,0,124,0,0,0,0,0,/,,,암수,암57
JADON,2-4,,2026-08-16,138,0,0,0,0,0,138,0,0,0,0,0,/,,,수,
JADON,2-5,,2026-08-16,137,0,0,0,0,0,137,0,0,0,0,0,/,,,암,
JADON,2-6,,2026-08-16,152,0,0,0,0,1,151,0,0,0,0,0,/,,,수,
JADON,2-7,,2026-08-16,139,0,0,0,0,0,139,0,0,0,0,0,7-16,2026-06-25,5.4,암,
JADON,2-8,,2026-08-16,129,0,0,0,0,0,129,0,0,0,0,0,/,,,암수,암68
JADON,2-9,,2026-08-16,139,0,0,0,0,0,139,0,0,0,0,0,/,,,수,
JONGBU,,BOAR,2026-08-16,0,0,0,0,0,0,0,0,0,0,0,0,,,,,
JONGBU,,CAND_F,2026-08-16,34,0,0,0,0,0,34,0,0,0,0,0,,,,,
JONGBU,,PREG,2026-08-16,263,0,62,0,0,0,201,0,0,0,0,0,,,,,
JONGBU,,STAY_L,2026-08-16,0,0,0,0,0,0,0,0,0,0,0,0,,,,,
JONGBU,,STAY_S,2026-08-16,0,0,0,0,0,0,0,0,0,0,0,0,,,,,
JONGBU,,WEAN_PIG,2026-08-16,0,54,0,0,0,0,54,0,0,0,0,0,,,,,
SUNCHI,,CAND_F,2026-08-16,155,0,0,0,0,0,155,0,0,0,0,0,,,,,
SUNCHI,,CAND_M,2026-08-16,11,0,0,0,0,0,11,0,0,0,0,0,,,,,
SUNCHI,,PREG,2026-08-16,0,0,0,0,0,0,0,0,0,0,0,0,,,,,
SUNCHI,,STAY,2026-08-16,9,0,0,0,0,0,9,0,0,0,0,0,,,,,
SUNCHI,,WEAN_SOW,2026-08-16,60,0,54,0,0,0,6,0,0,0,0,0,,,,,
BUNMAN1,1-1,LACT_SOW,2026-08-17,12,0,0,0,0,0,12,0,0,0,0,0,2026-08-12,,,,
BUNMAN1,1-1,SUCK,2026-08-17,143,0,0,0,0,0,143,0,0,0,0,0,2026-08-12,,,,
BUNMAN1,1-10,LACT_SOW,2026-08-17,11,0,0,0,0,0,11,0,0,0,0,0,,,,,
BUNMAN1,1-10,SUCK,2026-08-17,130,0,0,0,0,0,130,0,0,0,0,0,,,,,
BUNMAN1,1-2,LACT_SOW,2026-08-17,12,0,0,0,0,0,12,0,0,0,0,0,,,,,
BUNMAN1,1-2,SUCK,2026-08-17,114,0,0,0,0,0,114,0,0,0,0,0,,,,,
BUNMAN1,1-3,LACT_SOW,2026-08-17,12,0,0,0,0,0,12,0,0,0,0,0,,,,,
BUNMAN1,1-3,SUCK,2026-08-17,122,0,0,0,0,0,122,0,0,0,0,0,,,,,
BUNMAN1,1-4,LACT_SOW,2026-08-17,12,0,0,0,0,0,12,0,0,0,0,0,,,,,
BUNMAN1,1-4,SUCK,2026-08-17,119,0,0,0,0,1,118,0,0,0,0,0,,,,,
BUNMAN1,1-5,LACT_SOW,2026-08-17,6,0,0,0,0,0,6,0,0,0,0,0,,,,,
BUNMAN1,1-5,SUCK,2026-08-17,67,0,0,0,0,0,67,0,0,0,0,0,,,,,
BUNMAN1,1-6,LACT_SOW,2026-08-17,12,0,0,0,0,0,12,0,0,0,0,0,2026-07-09,,,,
BUNMAN1,1-6,SUCK,2026-08-17,135,0,0,0,0,0,135,0,0,0,0,0,2026-07-09,,,,
BUNMAN1,1-7,LACT_SOW,2026-08-17,12,0,0,0,0,0,12,0,0,0,0,0,2026-07-12,,,,
BUNMAN1,1-7,SUCK,2026-08-17,142,0,0,0,0,0,142,0,0,0,0,0,2026-07-12,,,,
BUNMAN1,1-8,LACT_SOW,2026-08-17,12,0,0,0,0,0,12,0,0,0,0,0,,,,,
BUNMAN1,1-8,SUCK,2026-08-17,150,0,0,0,0,3,147,0,0,0,0,0,,,,,
BUNMAN1,1-9,LACT_SOW,2026-08-17,12,0,0,0,0,0,12,0,0,0,0,0,,,,,
BUNMAN1,1-9,SUCK,2026-08-17,151,0,0,0,0,0,151,0,0,0,0,0,,,,,
BUNMAN2,2-1,FARROW_WAIT,2026-08-17,12,0,0,0,0,0,12,0,0,0,0,0,2026-08-16,,,,
BUNMAN2,2-10,LACT_SOW,2026-08-17,12,0,0,0,0,0,12,0,0,0,0,0,,,,,
BUNMAN2,2-10,SUCK,2026-08-17,126,0,0,0,0,0,126,0,0,0,0,0,,,,,
BUNMAN2,2-11,FARROW_WAIT,2026-08-17,12,0,0,0,0,0,12,0,0,0,0,0,2026-08-16,,,,
BUNMAN2,2-2,FARROW_WAIT,2026-08-17,12,0,0,1,0,0,11,0,0,0,0,0,2026-08-16,,,,
BUNMAN2,2-2,LACT_SOW,2026-08-17,0,12,0,0,0,0,1,0,0,0,0,0,2026-08-16,,,,
BUNMAN2,2-2,SUCK,2026-08-17,0,0,0,0,0,0,11,0,0,0,0,0,2026-08-16,,,,
BUNMAN2,2-3,FARROW_WAIT,2026-08-17,12,0,0,0,0,0,12,0,0,0,0,0,2026-08-16,,,,
BUNMAN2,2-4,FARROW_WAIT,2026-08-17,11,0,0,0,0,0,11,0,0,0,0,0,2026-08-16,,,,
BUNMAN2,2-5,FARROW_WAIT,2026-08-17,12,0,0,0,0,0,12,0,0,0,0,0,2026-08-16,,,,
BUNMAN2,2-6,LACT_SOW,2026-08-17,12,0,0,0,0,0,12,0,0,0,0,0,2026-07-26,,,,
BUNMAN2,2-6,SUCK,2026-08-17,129,0,0,0,0,1,128,0,0,0,0,0,2026-07-26,,,,
BUNMAN2,2-7,LACT_SOW,2026-08-17,12,0,0,0,0,0,12,0,0,0,0,0,,,,,
BUNMAN2,2-7,SUCK,2026-08-17,134,0,0,0,0,0,134,0,0,0,0,0,,,,,
BUNMAN2,2-8,LACT_SOW,2026-08-17,11,0,0,0,0,0,11,0,0,0,0,0,,,,,
BUNMAN2,2-8,SUCK,2026-08-17,139,0,0,0,0,0,139,0,0,0,0,0,,,,,
BUNMAN2,2-9,LACT_SOW,2026-08-17,12,0,0,0,0,0,12,0,0,0,0,0,,,,,
BUNMAN2,2-9,SUCK,2026-08-17,120,0,0,0,0,0,120,0,0,0,0,0,,,,,
IMSIN1,,CAND_F,2026-08-17,0,0,0,0,0,0,0,0,0,0,0,0,,,,,
IMSIN1,,PREG,2026-08-17,341,0,0,2,0,0,339,0,0,0,0,2,,,,,
IMSIN1,,STAY_S,2026-08-17,0,0,0,0,0,0,0,0,0,0,0,0,,,,,
IMSIN2,,CAND_F,2026-08-17,0,0,0,0,0,0,0,0,0,0,0,0,,,,,
IMSIN2,,PREG,2026-08-17,359,0,0,0,0,0,359,0,0,0,0,0,,,,,
IMSIN2,,STAY_S,2026-08-17,0,0,0,0,0,0,0,0,0,0,0,0,,,,,
JADON,1-1,,2026-08-17,131,0,0,0,0,0,131,0,0,0,0,0,2026-07-23,2026-07-02,5,암,
JADON,1-10,,2026-08-17,132,0,0,0,0,0,132,0,0,0,0,0,/,,,암,
JADON,1-11,,2026-08-17,132,0,0,0,0,0,132,0,0,0,0,0,,,,암,
JADON,1-12,,2026-08-17,134,0,0,0,0,0,134,0,0,0,0,0,/,,,수,암55
JADON,1-13,,2026-08-17,220,0,0,0,0,0,220,0,0,0,0,0,8-13,2026-07-23,4.92,암,
JADON,1-14,,2026-08-17,223,0,0,0,0,0,223,0,0,0,0,0,/,,,수,
JADON,1-2,,2026-08-17,130,0,0,0,0,0,130,0,0,0,0,0,/,,,수,
JADON,1-3,,2026-08-17,140,0,0,0,0,0,140,0,0,0,0,0,7-30,2026-07-09,4.8,수,
JADON,1-4,,2026-08-17,140,0,0,0,0,0,140,0,0,0,0,0,/,,,암수,수44
JADON,1-5,,2026-08-17,140,0,0,0,0,0,140,0,0,0,0,0,/,,,암,
JADON,1-6,,2026-08-17,130,0,0,0,0,0,130,0,0,0,0,0,/,,,암,
JADON,1-7,,2026-08-17,131,0,0,0,0,0,131,0,0,0,0,0,/,,,수,
JADON,1-8,,2026-08-17,132,0,0,0,0,0,132,0,0,0,0,0,8-6,2026-07-16,4.9,수,
JADON,1-9,,2026-08-17,130,0,0,0,0,0,130,0,0,0,0,0,/,,,암수,암42
JADON,2-1,,2026-08-17,224,0,0,0,0,0,224,0,0,0,0,0,/,,,암수,암79
JADON,2-10,,2026-08-17,139,0,0,0,0,0,139,0,0,0,0,0,/,,,암,
JADON,2-11,,2026-08-17,140,12,0,0,0,0,152,0,0,0,0,0,/,,,수,
JADON,2-12,,2026-08-17,131,0,0,0,0,0,130,0,0,0,0,0,7-23,2026-07-23,5,암,
JADON,2-13,,2026-08-17,130,0,0,0,0,0,130,0,0,0,0,0,/,,,암,암68
JADON,2-14,,2026-08-17,132,0,0,0,0,0,132,0,0,0,0,0,/,,,암,
JADON,2-2,,2026-08-17,140,0,139,1,0,0,0,0,0,0,0,0,7-9,2026-06-18,5,암,
JADON,2-3,,2026-08-17,124,0,120,4,0,0,0,0,0,0,0,0,/,,,암수,
JADON,2-4,,2026-08-17,138,0,138,0,0,0,0,0,0,0,0,0,/,,,수,
JADON,2-5,,2026-08-17,137,0,136,1,0,0,0,0,0,0,0,0,/,,,암,
JADON,2-6,,2026-08-17,151,0,143,6,0,0,0,0,0,0,0,0,/,,,수,
JADON,2-7,,2026-08-17,139,0,0,0,0,0,139,0,0,0,0,0,7-16,2026-06-25,5.4,암,
JADON,2-8,,2026-08-17,129,0,0,0,0,0,129,0,0,0,0,0,/,,,암수,암68
JADON,2-9,,2026-08-17,139,0,0,0,0,0,139,0,0,0,0,0,/,,,수,
JONGBU,,BOAR,2026-08-17,0,0,0,0,0,0,0,0,0,0,0,0,,,,,
JONGBU,,CAND_F,2026-08-17,34,0,9,0,0,0,25,0,0,0,0,0,,,,,
JONGBU,,PREG,2026-08-17,201,34,0,0,0,0,235,0,0,0,0,0,,,,,
JONGBU,,STAY_L,2026-08-17,0,0,0,0,0,0,0,0,0,0,0,0,,,,,
JONGBU,,STAY_S,2026-08-17,0,0,0,0,0,0,0,0,0,0,0,0,,,,,
JONGBU,,WEAN_PIG,2026-08-17,54,0,25,0,0,0,29,0,0,0,0,0,,,,,
SUNCHI,,CAND_F,2026-08-17,155,0,0,0,0,0,155,0,0,0,0,0,,,,,
SUNCHI,,CAND_M,2026-08-17,11,0,0,0,0,0,11,0,0,0,0,0,,,,,
SUNCHI,,PREG,2026-08-17,0,0,0,0,0,0,0,0,0,0,0,0,,,,,
SUNCHI,,STAY,2026-08-17,9,2,0,0,0,0,11,0,0,0,0,0,,,,,
SUNCHI,,WEAN_SOW,2026-08-17,6,0,0,0,0,0,6,0,0,0,0,0,,,,,
BIYUK_M,1-1,,2026-08-18,196,0,0,0,47,1,148,0,0,0,0,0,2026-06-02,2026-03-05,38.5,,
BIYUK_M,1-2,,2026-08-18,195,0,0,0,0,0,195,0,0,0,0,0,2026-06-02,2026-03-05,38.5,,
BIYUK_M,1-3,,2026-08-18,208,0,0,0,0,0,208,0,0,0,0,0,2026-06-09,2026-03-12,38.5,,
BIYUK_M,1-4,,2026-08-18,208,0,0,0,0,0,208,0,0,0,0,0,2026-06-09,2026-03-12,38.5,,
BIYUK_M,1-5,,2026-08-18,206,0,0,0,0,0,206,0,0,0,0,0,2026-06-15,2026-03-19,38.5,,
BIYUK_M,1-6,,2026-08-18,208,0,0,0,0,1,207,0,0,0,0,0,2026-06-15,2026-03-26,38.5,,
BIYUK_M,3-1,,2026-08-18,197,0,0,0,0,0,197,0,0,0,0,0,2026-06-23,2026-03-26,38.5,,
BIYUK_M,3-2,,2026-08-18,195,0,0,0,0,0,195,0,0,0,0,0,2026-06-23,2026-04-04,38.5,,
BIYUK_M,3-3,,2026-08-18,198,0,0,0,0,0,198,0,0,0,0,0,2026-06-30,2026-04-04,38.5,,
BIYUK_M,3-4,,2026-08-18,195,0,0,0,0,0,195,0,0,0,0,0,2026-06-30,2026-04-09,38.5,,
BIYUK_M,3-5,,2026-08-18,206,0,0,0,0,0,206,0,0,0,0,0,2026-07-15,2026-04-09,38.5,,
BIYUK_M,3-6,,2026-08-18,209,0,0,0,0,0,209,0,0,0,0,0,2026-07-15,2026-04-17,38.5,,
BIYUK_M,4-1,,2026-08-18,181,0,0,0,0,0,181,0,0,0,0,0,2026-07-21,2026-04-17,38.5,,
BIYUK_M,4-2,,2026-08-18,183,0,0,0,0,0,183,0,0,0,0,0,2026-07-21,2026-04-17,38.5,,
BIYUK_M,4-3,,2026-08-18,182,0,0,0,0,0,182,0,0,0,0,0,2026-07-28,2026-04-30,38.5,,
BIYUK_M,4-4,,2026-08-18,184,0,0,0,0,0,184,0,0,0,0,0,2026-07-28,2026-04-30,38.5,,
BIYUK_M,4-5,,2026-08-18,184,0,0,0,0,0,184,0,0,0,0,0,2026-08-04,2026-05-07,38.5,,
BIYUK_M,4-6,,2026-08-18,198,0,0,0,0,0,198,0,0,0,0,0,2026-08-04,2026-05-07,38.5,,
BIYUK_M,5-1,,2026-08-18,0,188,0,0,0,0,188,0,0,0,0,0,2026-08-18,2026-05-14,38.5,,
BIYUK_M,5-2,,2026-08-18,0,175,0,0,0,0,175,0,0,0,0,0,2026-08-18,2026-05-21,38.5,,
BIYUK_M,5-3,,2026-08-18,0,0,0,0,0,0,0,0,0,0,0,0,/,,38.5,,
BIYUK_M,5-4,,2026-08-18,0,0,0,0,0,0,0,0,0,0,0,0,/,,38.5,,
BIYUK_M,5-5,,2026-08-18,0,0,0,0,0,0,0,0,0,0,0,0,/,,38.5,,
BIYUK_M,5-6,,2026-08-18,22,0,0,0,0,0,22,0,0,0,0,0,2026-05-19,2026-02-26,38.5,,
BIYUK_M,6-1,,2026-08-18,33,0,0,0,33,0,0,0,0,0,0,0,2026-05-26,2026-02-26,38.5,,
BIYUK_M,6-2,,2026-08-18,51,0,0,0,50,0,1,0,0,0,0,0,2026-05-26,2026-02-26,38.5,,
BIYUK_M,6-3,,2026-08-18,56,0,0,0,30,0,26,0,0,0,0,0,2026-05-26,2026-02-26,38.5,,
BIYUK_M,6-4,,2026-08-18,15,0,0,0,0,0,15,0,0,0,0,0,2026-05-26,2026-02-26,38.5,,
BUNMAN1,1-1,LACT_SOW,2026-08-18,12,0,0,0,0,0,12,0,0,0,0,0,2026-08-12,,,,
BUNMAN1,1-1,SUCK,2026-08-18,143,0,0,0,0,0,143,0,0,0,0,0,2026-08-12,,,,
BUNMAN1,1-10,LACT_SOW,2026-08-18,11,0,0,0,0,0,11,0,0,0,0,0,,,,,
BUNMAN1,1-10,SUCK,2026-08-18,130,0,0,0,0,0,130,0,0,0,0,0,,,,,
BUNMAN1,1-2,LACT_SOW,2026-08-18,12,0,0,0,0,0,12,0,0,0,0,0,,,,,
BUNMAN1,1-2,SUCK,2026-08-18,114,0,0,0,0,1,113,0,0,0,0,0,,,,,
BUNMAN1,1-3,LACT_SOW,2026-08-18,12,0,0,0,0,0,12,0,0,0,0,0,,,,,
BUNMAN1,1-3,SUCK,2026-08-18,122,0,0,0,0,0,122,0,0,0,0,0,,,,,
BUNMAN1,1-4,LACT_SOW,2026-08-18,12,0,0,0,0,0,12,0,0,0,0,0,,,,,
BUNMAN1,1-4,SUCK,2026-08-18,118,0,0,0,0,0,118,0,0,0,0,0,,,,,
BUNMAN1,1-5,LACT_SOW,2026-08-18,6,0,0,0,0,0,6,0,0,0,0,0,,,,,
BUNMAN1,1-5,SUCK,2026-08-18,67,0,0,0,0,0,67,0,0,0,0,0,,,,,
BUNMAN1,1-6,LACT_SOW,2026-08-18,12,0,0,0,0,0,12,0,0,0,0,0,2026-07-09,,,,
BUNMAN1,1-6,SUCK,2026-08-18,135,0,0,0,0,2,133,0,0,0,0,0,2026-07-09,,,,
BUNMAN1,1-7,LACT_SOW,2026-08-18,12,0,0,0,0,0,12,0,0,0,0,0,2026-07-12,,,,
BUNMAN1,1-7,SUCK,2026-08-18,142,0,0,0,0,1,141,0,0,0,0,0,2026-07-12,,,,
BUNMAN1,1-8,LACT_SOW,2026-08-18,12,0,0,0,0,0,12,0,0,0,0,0,,,,,
BUNMAN1,1-8,SUCK,2026-08-18,147,0,0,0,0,1,146,0,0,0,0,0,,,,,
BUNMAN1,1-9,LACT_SOW,2026-08-18,12,0,0,0,0,0,12,0,0,0,0,0,,,,,
BUNMAN1,1-9,SUCK,2026-08-18,151,0,0,0,0,0,151,0,0,0,0,0,,,,,
BUNMAN2,2-1,FARROW_WAIT,2026-08-18,12,0,0,1,0,0,11,0,0,0,0,0,2026-08-16,,,,
BUNMAN2,2-1,LACT_SOW,2026-08-18,0,1,0,0,0,0,1,0,0,0,0,0,2026-08-16,,,,
BUNMAN2,2-1,SUCK,2026-08-18,0,11,0,0,0,0,11,0,0,0,0,0,2026-08-16,,,,
BUNMAN2,2-10,LACT_SOW,2026-08-18,12,0,0,0,0,0,12,0,0,0,0,0,,,,,
BUNMAN2,2-10,SUCK,2026-08-18,126,0,0,0,0,0,126,0,0,0,0,0,,,,,
BUNMAN2,2-11,FARROW_WAIT,2026-08-18,12,0,0,0,0,0,12,0,0,0,0,0,2026-08-16,,,,
BUNMAN2,2-2,FARROW_WAIT,2026-08-18,11,0,0,2,0,0,9,0,0,0,0,0,2026-08-16,,,,
BUNMAN2,2-2,LACT_SOW,2026-08-18,1,2,0,0,0,0,3,0,0,0,0,0,2026-08-16,,,,
BUNMAN2,2-2,SUCK,2026-08-18,11,18,0,0,0,0,29,0,0,0,0,0,2026-08-16,,,,
BUNMAN2,2-3,FARROW_WAIT,2026-08-18,12,0,0,3,0,0,9,0,0,0,0,0,2026-08-16,,,,
BUNMAN2,2-3,LACT_SOW,2026-08-18,0,3,0,0,0,0,3,0,0,0,0,0,2026-08-16,,,,
BUNMAN2,2-3,SUCK,2026-08-18,0,42,0,0,0,0,42,0,0,0,0,0,2026-08-16,,,,
BUNMAN2,2-4,FARROW_WAIT,2026-08-18,11,0,0,0,0,0,11,0,0,0,0,0,2026-08-16,,,,
BUNMAN2,2-5,FARROW_WAIT,2026-08-18,12,0,0,0,0,0,12,0,0,0,0,0,2026-08-16,,,,
BUNMAN2,2-6,LACT_SOW,2026-08-18,12,0,0,0,0,0,12,0,0,0,0,0,2026-07-26,,,,
BUNMAN2,2-6,SUCK,2026-08-18,128,0,0,0,0,1,127,0,0,0,0,0,2026-07-26,,,,
BUNMAN2,2-7,LACT_SOW,2026-08-18,12,0,0,0,0,0,12,0,0,0,0,0,,,,,
BUNMAN2,2-7,SUCK,2026-08-18,134,0,0,0,0,0,134,0,0,0,0,0,,,,,
BUNMAN2,2-8,LACT_SOW,2026-08-18,11,0,0,0,0,0,11,0,0,0,0,0,,,,,
BUNMAN2,2-8,SUCK,2026-08-18,139,0,0,0,0,0,139,0,0,0,0,0,,,,,
BUNMAN2,2-9,LACT_SOW,2026-08-18,12,0,0,0,0,0,12,0,0,0,0,0,,,,,
BUNMAN2,2-9,SUCK,2026-08-18,120,0,0,0,0,0,120,0,0,0,0,0,,,,,
GEOMJUNG,1-1,,2026-08-18,76,0,0,0,0,0,76,0,0,0,0,0,2026-05-25,2026-02-13,kg,,
GEOMJUNG,1-2,,2026-08-18,75,0,0,0,0,0,75,0,0,0,0,0,2026-05-25,2026-02-13,kg,,
GEOMJUNG,1-3,,2026-08-18,76,0,0,0,0,0,76,0,0,0,0,0,2026-02-25,2026-02-13,kg,,
GEOMJUNG,1-4,,2026-08-18,79,0,0,0,0,0,79,0,0,0,0,0,2026-05-25,2026-02-13,kg,,
GEOMJUNG,1-5,,2026-08-18,68,0,0,0,0,0,68,0,0,0,0,0,2026-05-25,2026-02-13,kg,,
GEOMJUNG,1-6,,2026-08-18,81,0,0,0,0,0,81,0,0,0,0,0,2026-05-25,2026-02-13,kg,,
GEOMJUNG,1-7,,2026-08-18,89,0,0,0,0,0,89,0,0,0,0,0,2026-06-14,2026-03-05,kg,,
GEOMJUNG,1-8,,2026-08-18,33,0,0,0,0,0,33,0,0,0,0,0,2026-06-14,2026-03-05,kg,,
GEOMJUNG,2-1,,2026-08-18,87,0,0,0,0,0,87,0,0,0,0,0,2026-06-15,2026-03-12,kg,,
GEOMJUNG,2-2,,2026-08-18,88,0,0,0,0,0,88,0,0,0,0,0,2026-06-15,2026-03-12,kg,,
GEOMJUNG,2-3,,2026-08-18,79,0,0,0,0,0,79,0,0,0,0,0,2026-06-15,2026-03-12,kg,,
GEOMJUNG,2-4,,2026-08-18,72,0,0,0,0,0,72,0,0,0,0,0,2026-06-09,2026-03-05,kg,,
GEOMJUNG,2-5,,2026-08-18,91,0,0,0,0,0,91,0,0,0,0,0,2026-06-09,2026-03-05,kg,,
GEOMJUNG,2-6,,2026-08-18,78,0,0,0,0,0,78,0,0,0,0,0,2026-06-09,2026-03-05,kg,,
GEOMJUNG,2-7,,2026-08-18,91,0,0,0,0,0,91,0,0,0,0,0,2026-06-09,2026-03-05,kg,,
GEOMJUNG,2-8,,2026-08-18,44,0,0,0,0,0,44,0,0,0,0,0,2026-06-09,2026-03-05,kg,,
GEOMJUNG,3-1,,2026-08-18,92,0,0,0,4,0,88,0,0,0,0,0,2026-06-23,2026-03-19,kg,,
GEOMJUNG,3-2,,2026-08-18,88,0,0,0,10,0,78,0,0,0,0,0,2026-06-23,2026-03-26,kg,,
GEOMJUNG,3-3,,2026-08-18,94,0,0,0,9,0,85,0,0,0,0,0,2026-06-23,2026-03-26,kg,,
GEOMJUNG,3-4,,2026-08-18,97,0,0,0,3,0,94,0,0,0,0,0,2026-06-30,2026-03-26,kg,,
GEOMJUNG,3-5,,2026-08-18,100,0,0,0,10,0,90,0,0,0,0,0,2026-06-30,2026-04-04,kg,,
GEOMJUNG,3-6,,2026-08-18,90,0,0,0,7,0,83,0,0,0,0,0,2026-06-30,2026-04-04,kg,,
GEOMJUNG,3-7,,2026-08-18,97,0,0,0,0,0,97,0,0,0,0,0,2026-06-15,2026-04-04,kg,,
GEOMJUNG,3-8,,2026-08-18,50,0,0,0,0,0,50,0,0,0,0,0,2026-06-15,2026-04-09,kg,,
GEOMJUNG,4-1,,2026-08-18,100,0,0,0,0,0,100,0,0,0,0,0,2026-07-28,2026-04-17,kg,,
GEOMJUNG,4-2,,2026-08-18,99,0,0,0,0,0,99,0,0,0,0,0,2026-07-28,2026-04-17,kg,,
GEOMJUNG,4-3,,2026-08-18,99,0,0,0,0,0,99,0,0,0,0,0,2026-07-21,2026-04-17,kg,,
GEOMJUNG,4-4,,2026-08-18,100,0,0,0,0,0,100,0,0,0,0,0,2026-07-21,2026-04-09,kg,,
GEOMJUNG,4-5,,2026-08-18,100,0,0,0,0,0,100,0,0,0,0,0,2026-07-21,2026-04-09,kg,,
GEOMJUNG,4-6,,2026-08-18,99,0,0,0,0,0,99,0,0,0,0,0,2026-07-21,2026-04-09,kg,,
GEOMJUNG,4-7,,2026-08-18,100,0,0,0,0,0,100,0,0,0,0,0,2026-07-21,2026-04-09,kg,,
GEOMJUNG,4-8,,2026-08-18,49,0,0,0,0,0,49,0,0,0,0,0,2026-07-21,2026-04-09,kg,,
GEOMJUNG,5-1,,2026-08-18,0,100,0,0,0,0,100,0,0,0,0,0,2026-08-18,2026-05-14,kg,,
GEOMJUNG,5-2,,2026-08-18,0,100,0,0,0,0,100,0,0,0,0,0,2026-08-18,2026-05-14,kg,,
GEOMJUNG,5-3,,2026-08-18,0,100,0,0,0,0,100,0,0,0,0,0,2026-08-18,2026-05-14,kg,,
GEOMJUNG,5-4,,2026-08-18,0,100,0,0,0,0,100,0,0,0,0,0,2026-08-18,2026-05-14,kg,,
GEOMJUNG,5-5,,2026-08-18,99,0,0,0,0,0,99,0,0,0,0,0,2026-08-04,2026-05-04,kg,,
GEOMJUNG,5-6,,2026-08-18,100,0,0,0,0,0,100,0,0,0,0,0,2026-08-04,2026-05-04,kg,,
GEOMJUNG,5-7,,2026-08-18,100,0,0,0,0,0,100,0,0,0,0,0,2026-08-04,2026-05-04,kg,,
GEOMJUNG,5-8,,2026-08-18,100,0,0,0,0,0,100,0,0,0,0,0,2026-08-04,2026-05-04,kg,,
IMSIN1,,CAND_F,2026-08-18,0,0,0,0,0,0,0,0,0,0,0,0,,,,,
IMSIN1,,PREG,2026-08-18,339,11,0,0,0,0,350,0,0,0,0,0,,,,,
IMSIN1,,STAY_S,2026-08-18,0,0,0,0,0,0,0,0,0,0,0,0,,,,,
IMSIN2,,CAND_F,2026-08-18,0,0,0,0,0,0,0,0,0,0,0,0,,,,,
IMSIN2,,PREG,2026-08-18,359,0,0,0,0,0,359,0,0,0,0,0,,,,,
IMSIN2,,STAY_S,2026-08-18,0,0,0,0,0,0,0,0,0,0,0,0,,,,,
JADON,1-1,,2026-08-18,131,0,0,0,0,0,131,0,0,0,0,0,2026-07-23,2026-07-02,5,암,
JADON,1-10,,2026-08-18,132,0,0,0,0,0,132,0,0,0,0,0,/,,,암,
JADON,1-11,,2026-08-18,132,0,0,0,0,0,132,0,0,0,0,0,,,,암,
JADON,1-12,,2026-08-18,134,0,0,0,0,0,134,0,0,0,0,0,/,,,수,암55
JADON,1-13,,2026-08-18,220,0,0,0,0,0,220,0,0,0,0,0,8-13,2026-07-23,4.92,암,
JADON,1-14,,2026-08-18,223,0,0,0,0,0,223,0,0,0,0,0,/,,,수,
JADON,1-2,,2026-08-18,130,0,0,0,0,0,130,0,0,0,0,0,/,,,수,
JADON,1-3,,2026-08-18,140,0,0,0,0,0,140,0,0,0,0,0,7-30,2026-07-09,4.8,수,
JADON,1-4,,2026-08-18,140,0,0,0,0,0,140,0,0,0,0,0,/,,,암수,수44
JADON,1-5,,2026-08-18,140,0,0,0,0,0,140,0,0,0,0,0,/,,,암,
JADON,1-6,,2026-08-18,130,0,0,0,0,0,130,0,0,0,0,0,/,,,암,
JADON,1-7,,2026-08-18,131,0,0,0,0,0,131,0,0,0,0,0,/,,,수,
JADON,1-8,,2026-08-18,132,0,0,0,0,0,132,0,0,0,0,0,8-6,2026-07-16,4.9,수,
JADON,1-9,,2026-08-18,130,0,0,0,0,0,130,0,0,0,0,0,/,,,암수,암42
JADON,2-1,,2026-08-18,224,0,0,0,0,0,224,0,0,0,0,0,/,,,암수,암79
JADON,2-10,,2026-08-18,139,0,0,0,0,0,139,0,0,0,0,0,/,,,암,
JADON,2-11,,2026-08-18,152,0,0,0,0,0,152,0,0,0,0,0,/,,,수,
JADON,2-12,,2026-08-18,130,0,0,0,0,0,130,0,0,0,0,0,7-23,2026-07-23,5,암,
JADON,2-13,,2026-08-18,130,0,0,0,0,0,130,0,0,0,0,0,/,,,암,암68
JADON,2-14,,2026-08-18,132,0,0,0,0,0,132,0,0,0,0,0,/,,,암,
JADON,2-2,,2026-08-18,0,0,0,0,0,0,0,0,0,0,0,0,7-9,2026-06-18,5,암,
JADON,2-3,,2026-08-18,0,0,0,0,0,0,0,0,0,0,0,0,/,,,암수,
JADON,2-4,,2026-08-18,0,0,0,0,0,0,0,0,0,0,0,0,/,,,수,
JADON,2-5,,2026-08-18,0,0,0,0,0,0,0,0,0,0,0,0,/,,,암,
JADON,2-6,,2026-08-18,0,0,0,0,0,0,0,0,0,0,0,0,/,,,수,
JADON,2-7,,2026-08-18,139,0,0,0,0,0,139,0,0,0,0,0,7-16,2026-06-25,5.4,암,
JADON,2-8,,2026-08-18,129,0,0,0,0,0,129,0,0,0,0,0,/,,,암수,암68
JADON,2-9,,2026-08-18,139,0,0,0,0,0,139,0,0,0,0,0,/,,,수,
JONGBU,,BOAR,2026-08-18,0,0,0,0,0,0,0,0,0,0,0,0,,,,,
JONGBU,,CAND_F,2026-08-18,25,16,6,0,0,0,35,0,0,0,0,0,,,,,
JONGBU,,PREG,2026-08-18,235,31,11,0,0,0,255,0,0,0,0,0,,,,,
JONGBU,,STAY_L,2026-08-18,0,0,0,0,0,0,0,0,0,0,0,0,,,,,
JONGBU,,STAY_S,2026-08-18,0,0,0,0,0,0,0,0,0,0,0,0,,,,,
JONGBU,,WEAN_PIG,2026-08-18,29,0,24,0,0,0,5,0,0,0,0,0,,,,,
SUNCHI,,CAND_F,2026-08-18,155,0,21,0,0,0,134,0,0,0,0,0,,,,,
SUNCHI,,CAND_M,2026-08-18,11,0,0,0,0,0,11,0,0,0,0,0,,,,,
SUNCHI,,PREG,2026-08-18,0,0,0,0,0,0,0,0,0,0,0,0,,,,,
SUNCHI,,STAY,2026-08-18,11,0,1,0,0,0,10,0,0,0,0,0,,,,,
SUNCHI,,WEAN_SOW,2026-08-18,6,0,0,0,0,1,5,0,0,0,0,0,,,,,
YUKSUNG,1-1,,2026-08-18,413,0,0,0,0,0,413,0,0,0,0,0,2026-08-10,2026-06-11,kg,수,
YUKSUNG,1-2,,2026-08-18,407,0,0,0,0,0,407,0,0,0,0,0,2026-08-17,2026-06-18,kg,수,
YUKSUNG,1-3,,2026-08-18,0,0,0,0,0,0,0,0,0,0,0,0,,,kg,수,
YUKSUNG,1-4,,2026-08-18,401,0,363,0,0,4,34,0,0,0,0,0,2026-07-13,2026-05-14,kg,수,
YUKSUNG,1-5,,2026-08-18,397,0,0,0,0,0,397,0,0,0,0,0,2026-07-20,2026-05-21,kg,수,
YUKSUNG,1-6,,2026-08-18,409,0,0,0,0,0,409,0,0,0,0,0,2026-07-27,2026-05-28,kg,수,
YUKSUNG,1-7,,2026-08-18,401,0,0,0,0,0,401,0,0,0,0,0,2026-08-03,2026-06-04,kg,수,
YUKSUNG,2-2,,2026-08-18,267,0,0,0,0,0,267,0,0,0,0,0,2026-08-10,2026-06-11,kg,암,
YUKSUNG,2-3,,2026-08-18,269,0,0,0,0,0,269,0,0,0,0,0,2026-08-17,2026-06-18,kg,암,
YUKSUNG,2-4,,2026-08-18,205,0,203,0,0,2,0,0,0,0,0,0,2026-07-14,2026-05-14,kg,암,
YUKSUNG,2-5,,2026-08-18,0,0,0,0,0,0,0,0,0,0,0,0,,,kg,암,
YUKSUNG,2-6,,2026-08-18,237,0,197,0,0,0,40,0,0,0,0,0,2026-07-20,2026-05-21,kg,암,
YUKSUNG,2-7,,2026-08-18,241,0,0,0,0,0,241,0,0,0,0,0,2026-07-27,2026-05-28,kg,암,
YUKSUNG,2-8,,2026-08-18,228,0,0,0,0,0,228,0,0,0,0,0,2026-08-03,2026-06-04,kg,암,
BIYUK_M,1-1,,2026-08-19,148,0,0,0,0,0,148,0,0,0,0,0,2026-06-02,2026-03-05,kg,,
BIYUK_M,1-2,,2026-08-19,195,0,0,0,0,1,194,0,0,0,0,0,2026-06-02,2026-03-05,kg,,
BIYUK_M,1-3,,2026-08-19,208,0,0,0,0,0,208,0,0,0,0,0,2026-06-09,2026-03-12,kg,,
BIYUK_M,1-4,,2026-08-19,208,0,0,0,0,0,208,0,0,0,0,0,2026-06-09,2026-03-12,kg,,
BIYUK_M,1-5,,2026-08-19,206,0,0,0,0,0,206,0,0,0,0,0,2026-06-15,2026-03-19,kg,,
BIYUK_M,1-6,,2026-08-19,207,0,0,0,0,1,206,0,0,0,0,0,2026-06-15,2026-03-26,kg,,
BIYUK_M,3-1,,2026-08-19,197,0,0,0,0,1,196,0,0,0,0,0,2026-06-23,2026-03-26,kg,,
BIYUK_M,3-2,,2026-08-19,195,0,0,0,0,0,195,0,0,0,0,0,2026-06-23,2026-04-04,kg,,
BIYUK_M,3-3,,2026-08-19,198,0,0,0,0,0,198,0,0,0,0,0,2026-06-30,2026-04-04,kg,,
BIYUK_M,3-4,,2026-08-19,195,0,0,0,0,0,195,0,0,0,0,0,2026-06-30,2026-04-09,kg,,
BIYUK_M,3-5,,2026-08-19,206,0,0,0,0,1,205,0,0,0,0,0,2026-07-15,2026-04-09,kg,,
BIYUK_M,3-6,,2026-08-19,209,0,0,0,0,0,209,0,0,0,0,0,2026-07-15,2026-04-17,kg,,
BIYUK_M,4-1,,2026-08-19,181,0,0,0,0,0,181,0,0,0,0,0,2026-07-21,2026-04-17,kg,,
BIYUK_M,4-2,,2026-08-19,183,0,0,0,0,0,183,0,0,0,0,0,2026-07-21,2026-04-17,kg,,
BIYUK_M,4-3,,2026-08-19,182,0,0,0,0,0,182,0,0,0,0,0,2026-07-28,2026-04-30,kg,,
BIYUK_M,4-4,,2026-08-19,184,0,0,0,0,0,184,0,0,0,0,0,2026-07-28,2026-04-30,kg,,
BIYUK_M,4-5,,2026-08-19,184,0,0,0,0,0,184,0,0,0,0,0,2026-08-04,2026-05-07,kg,,
BIYUK_M,4-6,,2026-08-19,198,0,0,0,0,0,198,0,0,0,0,0,2026-08-04,2026-05-07,kg,,
BIYUK_M,5-1,,2026-08-19,188,0,0,0,0,0,188,0,0,0,0,0,2026-08-18,2026-05-14,kg,,
BIYUK_M,5-2,,2026-08-19,175,0,0,0,0,0,175,0,0,0,0,0,2026-08-18,2026-05-21,kg,,
BIYUK_M,5-3,,2026-08-19,0,0,0,0,0,0,0,0,0,0,0,0,/,,kg,,
BIYUK_M,5-4,,2026-08-19,0,0,0,0,0,0,0,0,0,0,0,0,/,,kg,,
BIYUK_M,5-5,,2026-08-19,0,0,0,0,0,0,0,0,0,0,0,0,/,,kg,,
BIYUK_M,5-6,,2026-08-19,22,0,0,0,0,0,22,0,0,0,0,0,2026-05-19,2026-02-26,kg,,
BIYUK_M,6-1,,2026-08-19,0,0,0,0,0,0,0,0,0,0,0,0,2026-05-26,2026-02-26,kg,,
BIYUK_M,6-2,,2026-08-19,1,0,1,0,0,0,0,0,0,0,0,0,2026-05-26,2026-02-26,kg,,
BIYUK_M,6-3,,2026-08-19,26,1,0,0,0,0,27,0,0,0,0,0,2026-05-26,2026-02-26,kg,,
BIYUK_M,6-4,,2026-08-19,15,0,0,0,0,0,15,0,0,0,0,0,2026-05-26,2026-02-26,kg,,
BUNMAN1,1-1,LACT_SOW,2026-08-19,12,0,0,0,0,0,12,0,0,0,0,0,2026-08-12,,,,
BUNMAN1,1-1,SUCK,2026-08-19,143,0,0,0,0,0,143,0,0,0,0,0,2026-08-12,,,,
BUNMAN1,1-10,LACT_SOW,2026-08-19,11,0,0,0,0,0,11,0,0,0,0,0,,,,,
BUNMAN1,1-10,SUCK,2026-08-19,130,0,0,0,0,0,130,0,0,0,0,0,,,,,
BUNMAN1,1-2,LACT_SOW,2026-08-19,12,0,0,0,0,0,12,0,0,0,0,0,,,,,
BUNMAN1,1-2,SUCK,2026-08-19,113,0,0,0,0,2,111,0,0,0,0,0,,,,,
BUNMAN1,1-3,LACT_SOW,2026-08-19,12,0,0,0,0,0,12,0,0,0,0,0,,,,,
BUNMAN1,1-3,SUCK,2026-08-19,122,0,0,0,0,0,122,0,0,0,0,0,,,,,
BUNMAN1,1-4,LACT_SOW,2026-08-19,12,0,0,0,0,0,12,0,0,0,0,0,,,,,
BUNMAN1,1-4,SUCK,2026-08-19,118,0,0,0,0,0,118,0,0,0,0,0,,,,,
BUNMAN1,1-5,LACT_SOW,2026-08-19,6,2,0,0,0,0,8,0,0,0,0,0,,,,,
BUNMAN1,1-5,SUCK,2026-08-19,67,22,0,0,0,0,89,0,0,0,0,0,,,,,
BUNMAN1,1-6,LACT_SOW,2026-08-19,12,0,0,0,0,0,12,0,0,0,0,0,2026-07-09,,,,
BUNMAN1,1-6,SUCK,2026-08-19,133,0,0,0,0,1,132,0,0,0,0,0,2026-07-09,,,,
BUNMAN1,1-7,LACT_SOW,2026-08-19,12,0,0,0,0,0,12,0,0,0,0,0,2026-07-12,,,,
BUNMAN1,1-7,SUCK,2026-08-19,141,0,0,0,0,0,141,0,0,0,0,0,2026-07-12,,,,
BUNMAN1,1-8,LACT_SOW,2026-08-19,12,0,0,0,0,0,12,0,0,0,0,0,,,,,
BUNMAN1,1-8,SUCK,2026-08-19,146,0,0,0,0,0,146,0,0,0,0,0,,,,,
BUNMAN1,1-9,LACT_SOW,2026-08-19,12,0,0,0,0,0,12,0,0,0,0,0,,,,,
BUNMAN1,1-9,SUCK,2026-08-19,151,0,0,0,0,0,151,0,0,0,0,0,,,,,
BUNMAN2,2-1,FARROW_WAIT,2026-08-19,11,0,0,7,0,0,4,0,0,0,0,0,2026-08-16,,,,
BUNMAN2,2-1,LACT_SOW,2026-08-19,1,7,0,0,0,0,8,0,0,0,0,0,2026-08-16,,,,
BUNMAN2,2-1,SUCK,2026-08-19,11,90,0,0,0,0,101,0,0,0,0,0,2026-08-16,,,,
BUNMAN2,2-10,LACT_SOW,2026-08-19,12,0,2,0,0,0,10,0,0,0,0,0,,,,,
BUNMAN2,2-10,SUCK,2026-08-19,126,0,22,0,0,0,104,0,0,0,0,0,,,,,
BUNMAN2,2-11,FARROW_WAIT,2026-08-19,12,0,0,0,0,0,12,0,0,0,0,0,2026-08-16,,,,
BUNMAN2,2-2,FARROW_WAIT,2026-08-19,9,0,0,3,0,0,6,0,0,0,0,0,2026-08-16,,,,
BUNMAN2,2-2,LACT_SOW,2026-08-19,3,3,0,0,0,0,6,0,0,0,0,0,2026-08-16,,,,
BUNMAN2,2-2,SUCK,2026-08-19,29,35,0,0,0,0,64,0,0,0,0,0,2026-08-16,,,,
BUNMAN2,2-3,FARROW_WAIT,2026-08-19,9,0,0,2,0,0,7,0,0,0,0,0,2026-08-16,,,,
BUNMAN2,2-3,LACT_SOW,2026-08-19,3,2,0,0,0,0,5,0,0,0,0,0,2026-08-16,,,,
BUNMAN2,2-3,SUCK,2026-08-19,42,24,0,0,0,0,66,0,0,0,0,0,2026-08-16,,,,
BUNMAN2,2-4,FARROW_WAIT,2026-08-19,11,0,0,0,0,0,11,0,0,0,0,0,2026-08-16,,,,
BUNMAN2,2-5,FARROW_WAIT,2026-08-19,12,0,0,0,0,0,12,0,0,0,0,0,2026-08-16,,,,
BUNMAN2,2-6,LACT_SOW,2026-08-19,12,0,0,0,0,0,12,0,0,0,0,0,2026-07-26,,,,
BUNMAN2,2-6,SUCK,2026-08-19,127,0,0,0,0,1,126,0,0,0,0,0,2026-07-26,,,,
BUNMAN2,2-7,LACT_SOW,2026-08-19,12,0,0,0,0,0,12,0,0,0,0,0,,,,,
BUNMAN2,2-7,SUCK,2026-08-19,134,0,0,0,0,0,134,0,0,0,0,0,,,,,
BUNMAN2,2-8,LACT_SOW,2026-08-19,11,0,0,0,0,0,11,0,0,0,0,0,,,,,
BUNMAN2,2-8,SUCK,2026-08-19,139,0,0,0,0,0,139,0,0,0,0,0,,,,,
BUNMAN2,2-9,LACT_SOW,2026-08-19,12,0,0,0,0,0,12,0,0,0,0,0,,,,,
BUNMAN2,2-9,SUCK,2026-08-19,120,0,0,0,0,0,120,0,0,0,0,0,,,,,
GEOMJUNG,1-1,,2026-08-19,76,0,76,0,0,0,0,0,0,0,0,0,2026-05-25,2026-02-13,kg,,
GEOMJUNG,1-2,,2026-08-19,75,0,75,0,0,0,0,0,0,0,0,0,2026-05-25,2026-02-13,kg,,
GEOMJUNG,1-3,,2026-08-19,76,0,18,0,0,0,58,0,0,0,0,0,2026-02-25,2026-02-13,kg,,
GEOMJUNG,1-4,,2026-08-19,79,0,0,0,0,0,79,0,0,0,0,0,2026-05-25,2026-02-13,kg,,
GEOMJUNG,1-5,,2026-08-19,68,0,0,0,0,0,68,0,0,0,0,0,2026-05-25,2026-02-13,kg,,
GEOMJUNG,1-6,,2026-08-19,81,0,0,0,0,0,81,0,0,0,0,0,2026-05-25,2026-02-13,kg,,
GEOMJUNG,1-7,,2026-08-19,89,0,0,0,0,0,89,0,0,0,0,0,2026-06-14,2026-03-05,kg,,
GEOMJUNG,1-8,,2026-08-19,33,0,0,0,0,0,33,0,0,0,0,0,2026-06-14,2026-03-05,kg,,
GEOMJUNG,2-1,,2026-08-19,87,0,0,0,0,0,87,0,0,0,0,0,2026-06-15,2026-03-12,kg,,
GEOMJUNG,2-2,,2026-08-19,88,0,0,7,0,0,81,0,0,0,0,0,2026-06-15,2026-03-12,kg,,
GEOMJUNG,2-3,,2026-08-19,79,0,0,0,0,0,79,0,0,0,0,0,2026-06-15,2026-03-12,kg,,
GEOMJUNG,2-4,,2026-08-19,72,0,0,0,2,0,70,0,0,0,0,0,2026-06-09,2026-03-05,kg,,
GEOMJUNG,2-5,,2026-08-19,91,0,0,0,0,0,91,0,0,0,0,0,2026-06-09,2026-03-05,kg,,
GEOMJUNG,2-6,,2026-08-19,78,0,0,0,0,0,78,0,0,0,0,0,2026-06-09,2026-03-05,kg,,
GEOMJUNG,2-7,,2026-08-19,91,0,0,0,0,0,91,0,0,0,0,0,2026-06-09,2026-03-05,kg,,
GEOMJUNG,2-8,,2026-08-19,44,0,0,0,0,0,44,0,0,0,0,0,2026-06-09,2026-03-05,kg,,
GEOMJUNG,3-1,,2026-08-19,88,0,0,0,8,0,80,0,0,0,0,0,2026-06-23,2026-03-19,kg,,
GEOMJUNG,3-2,,2026-08-19,78,0,0,4,9,0,65,0,0,0,0,0,2026-06-23,2026-03-26,kg,,
GEOMJUNG,3-3,,2026-08-19,85,0,0,0,3,0,82,0,0,0,0,0,2026-06-23,2026-03-26,kg,,
GEOMJUNG,3-4,,2026-08-19,94,0,0,3,3,0,88,0,0,0,0,0,2026-06-30,2026-03-26,kg,,
GEOMJUNG,3-5,,2026-08-19,90,0,0,1,0,0,89,0,0,0,0,0,2026-06-30,2026-04-04,kg,,
GEOMJUNG,3-6,,2026-08-19,83,0,0,0,8,0,75,0,0,0,0,0,2026-06-30,2026-04-04,kg,,
GEOMJUNG,3-7,,2026-08-19,97,0,0,0,5,0,92,0,0,0,0,0,2026-06-15,2026-04-04,kg,,
GEOMJUNG,3-8,,2026-08-19,50,0,0,0,2,0,48,0,0,0,0,0,2026-06-15,2026-04-09,kg,,
GEOMJUNG,4-1,,2026-08-19,100,0,0,0,0,0,100,0,0,0,0,0,2026-07-28,2026-04-17,kg,,
GEOMJUNG,4-2,,2026-08-19,99,0,0,0,0,0,99,0,0,0,0,0,2026-07-28,2026-04-17,kg,,
GEOMJUNG,4-3,,2026-08-19,99,0,0,0,0,0,99,0,0,0,0,0,2026-07-21,2026-04-17,kg,,
GEOMJUNG,4-4,,2026-08-19,100,0,0,0,0,0,100,0,0,0,0,0,2026-07-21,2026-04-09,kg,,
GEOMJUNG,4-5,,2026-08-19,100,0,0,0,0,0,100,0,0,0,0,0,2026-07-21,2026-04-09,kg,,
GEOMJUNG,4-6,,2026-08-19,99,0,0,0,0,0,99,0,0,0,0,0,2026-07-21,2026-04-09,kg,,
GEOMJUNG,4-7,,2026-08-19,100,0,0,0,0,0,100,0,0,0,0,0,2026-07-21,2026-04-09,kg,,
GEOMJUNG,4-8,,2026-08-19,49,0,0,0,0,0,49,0,0,0,0,0,2026-07-21,2026-04-09,kg,,
GEOMJUNG,5-1,,2026-08-19,100,0,0,0,0,0,100,0,0,0,0,0,2026-08-18,2026-05-14,kg,,
GEOMJUNG,5-2,,2026-08-19,100,0,0,0,0,0,100,0,0,0,0,0,2026-08-18,2026-05-14,kg,,
GEOMJUNG,5-3,,2026-08-19,100,0,0,0,0,0,100,0,0,0,0,0,2026-08-18,2026-05-14,kg,,
GEOMJUNG,5-4,,2026-08-19,100,0,0,0,0,0,100,0,0,0,0,0,2026-08-18,2026-05-14,kg,,
GEOMJUNG,5-5,,2026-08-19,99,0,0,0,0,0,99,0,0,0,0,0,2026-08-04,2026-05-04,kg,,
GEOMJUNG,5-6,,2026-08-19,100,0,0,0,0,0,100,0,0,0,0,0,2026-08-04,2026-05-04,kg,,
GEOMJUNG,5-7,,2026-08-19,100,0,0,0,0,0,100,0,0,0,0,0,2026-08-04,2026-05-04,kg,,
GEOMJUNG,5-8,,2026-08-19,100,0,0,0,0,0,100,0,0,0,0,0,2026-08-04,2026-05-04,kg,,
IMSIN1,,CAND_F,2026-08-19,0,0,0,0,0,0,0,0,0,0,0,0,,,,,
IMSIN1,,PREG,2026-08-19,350,0,0,0,0,0,350,0,0,0,0,0,,,,,
IMSIN1,,STAY_S,2026-08-19,0,0,0,0,0,0,0,0,0,0,0,0,,,,,
IMSIN2,,CAND_F,2026-08-19,0,0,0,0,0,0,0,0,0,0,0,0,,,,,
IMSIN2,,PREG,2026-08-19,359,0,0,0,0,0,359,0,0,0,0,0,,,,,
IMSIN2,,STAY_S,2026-08-19,0,0,0,0,0,0,0,0,0,0,0,0,,,,,
JADON,1-1,,2026-08-19,131,0,0,0,0,0,131,0,0,0,0,0,2026-07-23,2026-07-02,5,암,
JADON,1-10,,2026-08-19,132,0,0,0,0,0,132,0,0,0,0,0,/,,,암,
JADON,1-11,,2026-08-19,132,0,0,0,0,0,132,0,0,0,0,0,,,,암,
JADON,1-12,,2026-08-19,134,0,0,0,0,0,134,0,0,0,0,0,/,,,수,암55
JADON,1-13,,2026-08-19,220,0,0,0,0,0,220,0,0,0,0,0,8-13,2026-07-23,4.92,암,
JADON,1-14,,2026-08-19,223,0,0,0,0,0,223,0,0,0,0,0,/,,,수,
JADON,1-2,,2026-08-19,130,0,0,0,0,0,130,0,0,0,0,0,/,,,수,
JADON,1-3,,2026-08-19,140,0,0,0,0,0,140,0,0,0,0,0,7-30,2026-07-09,4.8,수,
JADON,1-4,,2026-08-19,140,0,0,0,0,0,140,0,0,0,0,0,/,,,암수,수44
JADON,1-5,,2026-08-19,140,0,0,0,0,0,140,0,0,0,0,0,/,,,암,
JADON,1-6,,2026-08-19,130,0,0,0,0,0,130,0,0,0,0,0,/,,,암,
JADON,1-7,,2026-08-19,131,0,0,0,0,0,131,0,0,0,0,0,/,,,수,
JADON,1-8,,2026-08-19,132,0,0,0,0,0,132,0,0,0,0,0,8-6,2026-07-16,4.9,수,
JADON,1-9,,2026-08-19,130,0,0,0,0,0,130,0,0,0,0,0,/,,,암수,암42
JADON,2-1,,2026-08-19,224,0,0,0,0,0,224,0,0,0,0,0,/,,,암수,암79
JADON,2-10,,2026-08-19,139,0,0,0,0,0,139,0,0,0,0,0,/,,,암,
JADON,2-11,,2026-08-19,152,0,0,0,0,0,152,0,0,0,0,0,/,,,수,
JADON,2-12,,2026-08-19,130,0,0,0,0,0,130,0,0,0,0,0,7-23,2026-07-23,5,암,
JADON,2-13,,2026-08-19,130,0,0,0,0,0,130,0,0,0,0,0,/,,,암,암68
JADON,2-14,,2026-08-19,132,0,0,0,0,0,132,0,0,0,0,0,/,,,암,
JADON,2-2,,2026-08-19,0,0,0,0,0,0,0,0,0,0,0,0,,,,,
JADON,2-3,,2026-08-19,0,0,0,0,0,0,0,0,0,0,0,0,/,,,,
JADON,2-4,,2026-08-19,0,0,0,0,0,0,0,0,0,0,0,0,/,,,,
JADON,2-5,,2026-08-19,0,0,0,0,0,0,0,0,0,0,0,0,/,,,,
JADON,2-6,,2026-08-19,0,0,0,0,0,0,0,0,0,0,0,0,/,,,,
JADON,2-7,,2026-08-19,139,0,0,0,0,0,139,0,0,0,0,0,7-16,2026-06-25,5.4,암,
JADON,2-8,,2026-08-19,129,0,0,0,0,1,128,0,0,0,0,0,/,,,암수,암68
JADON,2-9,,2026-08-19,139,0,0,0,0,0,139,0,0,0,0,0,/,,,수,
JONGBU,,BOAR,2026-08-19,0,0,0,0,0,0,0,0,0,0,0,0,,,,,
JONGBU,,CAND_F,2026-08-19,35,0,0,0,0,0,35,0,0,0,0,0,,,,,
JONGBU,,PREG,2026-08-19,255,2,0,0,0,0,257,0,0,0,0,0,,,,,
JONGBU,,STAY_L,2026-08-19,0,0,0,0,0,0,0,0,0,0,0,0,,,,,
JONGBU,,STAY_S,2026-08-19,0,0,0,0,0,0,0,0,0,0,0,0,,,,,
JONGBU,,WEAN_PIG,2026-08-19,5,0,2,0,0,0,3,0,0,0,0,0,,,,,
SUNCHI,,CAND_F,2026-08-19,134,0,0,0,0,0,134,0,0,0,0,0,,,,,
SUNCHI,,CAND_M,2026-08-19,11,0,0,0,0,0,11,0,0,0,0,0,,,,,
SUNCHI,,PREG,2026-08-19,0,0,0,0,0,0,0,0,0,0,0,0,,,,,
SUNCHI,,STAY,2026-08-19,10,0,0,0,0,0,10,0,0,0,0,0,,,,,
SUNCHI,,WEAN_SOW,2026-08-19,5,0,0,0,0,0,5,0,0,0,0,0,,,,,
YUKSUNG,1-1,,2026-08-19,413,0,0,0,0,0,413,0,0,0,0,0,2026-08-10,2026-06-11,kg,수,
YUKSUNG,1-2,,2026-08-19,407,0,0,0,0,0,407,0,0,0,0,0,2026-08-17,2026-06-18,kg,수,
YUKSUNG,1-3,,2026-08-19,0,0,0,0,0,0,0,0,0,0,0,0,,,kg,수,
YUKSUNG,1-4,,2026-08-19,34,0,0,0,0,0,34,0,0,0,0,0,2026-07-13,2026-05-14,kg,수,
YUKSUNG,1-5,,2026-08-19,397,0,0,0,0,0,397,0,0,0,0,0,2026-07-20,2026-05-21,kg,수,
YUKSUNG,1-6,,2026-08-19,409,0,0,0,0,0,409,0,0,0,0,0,2026-07-27,2026-05-28,kg,수,
YUKSUNG,1-7,,2026-08-19,401,0,0,0,0,1,400,0,0,0,0,0,2026-08-03,2026-06-04,kg,수,
YUKSUNG,2-1,,2026-08-19,140,0,0,0,0,0,140,0,0,0,0,0,,,kg,암,
YUKSUNG,2-2,,2026-08-19,267,0,0,0,0,0,267,0,0,0,0,0,2026-08-10,2026-06-11,kg,암,
YUKSUNG,2-3,,2026-08-19,269,0,0,0,0,0,269,0,0,0,0,0,2026-08-17,2026-06-18,kg,암,
YUKSUNG,2-4,,2026-08-19,0,0,0,0,0,0,0,0,0,0,0,0,2026-07-14,2026-05-14,kg,암,
YUKSUNG,2-5,,2026-08-19,0,0,0,0,0,0,0,0,0,0,0,0,,,kg,암,
YUKSUNG,2-6,,2026-08-19,40,0,0,0,0,0,40,0,0,0,0,0,2026-07-20,2026-05-21,kg,암,
YUKSUNG,2-7,,2026-08-19,241,0,0,0,0,0,241,0,0,0,0,0,2026-07-27,2026-05-28,kg,암,
YUKSUNG,2-8,,2026-08-19,228,0,0,0,0,0,228,0,0,0,0,0,2026-08-03,2026-06-04,kg,암,
BIYUK_M,1-1,,2026-08-20,148,0,0,0,0,0,148,0,0,0,0,0,2026-06-02,2026-03-05,kg,,
BIYUK_M,1-2,,2026-08-20,194,0,0,0,0,0,194,0,0,0,0,0,2026-06-02,2026-03-05,kg,,
BIYUK_M,1-3,,2026-08-20,208,0,0,0,0,0,208,0,0,0,0,0,2026-06-09,2026-03-12,kg,,
BIYUK_M,1-4,,2026-08-20,208,25,54,0,0,0,179,0,0,0,0,0,2026-06-09,2026-03-12,kg,,
BIYUK_M,1-5,,2026-08-20,206,0,0,0,0,0,206,0,0,0,0,0,2026-06-15,2026-03-19,kg,,
BIYUK_M,1-6,,2026-08-20,206,0,25,0,0,0,181,0,0,0,0,0,2026-06-15,2026-03-26,kg,,
BIYUK_M,3-1,,2026-08-20,196,0,0,0,0,0,196,0,0,0,0,0,2026-06-23,2026-03-26,kg,,
BIYUK_M,3-2,,2026-08-20,195,0,0,0,0,1,194,0,0,0,0,0,2026-06-23,2026-04-04,kg,,
BIYUK_M,3-3,,2026-08-20,198,0,0,0,0,0,198,0,0,0,0,0,2026-06-30,2026-04-04,kg,,
BIYUK_M,3-4,,2026-08-20,195,0,0,0,0,0,195,0,0,0,0,0,2026-06-30,2026-04-09,kg,,
BIYUK_M,3-5,,2026-08-20,205,0,0,0,0,0,205,0,0,0,0,0,2026-07-15,2026-04-09,kg,,
BIYUK_M,3-6,,2026-08-20,209,0,0,0,0,0,209,0,0,0,0,0,2026-07-15,2026-04-17,kg,,
BIYUK_M,4-1,,2026-08-20,181,0,0,0,0,0,181,0,0,0,0,0,2026-07-21,2026-04-17,kg,,
BIYUK_M,4-2,,2026-08-20,183,0,0,0,0,0,183,0,0,0,0,0,2026-07-21,2026-04-17,kg,,
BIYUK_M,4-3,,2026-08-20,182,0,0,0,0,0,182,0,0,0,0,0,2026-07-28,2026-04-30,kg,,
BIYUK_M,4-4,,2026-08-20,184,0,0,0,0,0,184,0,0,0,0,0,2026-07-28,2026-04-30,kg,,
BIYUK_M,4-5,,2026-08-20,184,0,0,0,0,0,184,0,0,0,0,0,2026-08-04,2026-05-07,kg,,
BIYUK_M,4-6,,2026-08-20,198,0,0,0,0,0,198,0,0,0,0,0,2026-08-04,2026-05-07,kg,,
BIYUK_M,5-1,,2026-08-20,188,0,0,1,0,0,187,0,0,0,0,0,2026-08-18,2026-05-14,kg,,
BIYUK_M,5-2,,2026-08-20,175,0,0,0,0,0,175,0,0,0,0,0,2026-08-18,2026-05-21,kg,,
BIYUK_M,5-3,,2026-08-20,0,0,0,0,0,0,0,0,0,0,0,0,/,,kg,,
BIYUK_M,5-4,,2026-08-20,0,0,0,0,0,0,0,0,0,0,0,0,/,,kg,,
BIYUK_M,5-5,,2026-08-20,0,0,0,0,0,0,0,0,0,0,0,0,/,,kg,,
BIYUK_M,5-6,,2026-08-20,22,0,0,0,0,0,22,0,0,0,0,0,2026-05-19,2026-02-26,kg,,
BIYUK_M,6-1,,2026-08-20,0,0,0,0,0,0,0,0,0,0,0,0,2026-05-26,2026-02-26,kg,,
BIYUK_M,6-2,,2026-08-20,0,54,0,0,0,0,54,0,0,0,0,0,2026-05-26,2026-02-26,kg,,
BIYUK_M,6-3,,2026-08-20,27,0,0,0,0,0,27,0,0,0,0,0,2026-05-26,2026-02-26,kg,,
BIYUK_M,6-4,,2026-08-20,15,0,0,0,0,0,15,0,0,0,0,0,2026-05-26,2026-02-26,kg,,
BUNMAN1,1-1,LACT_SOW,2026-08-20,12,0,0,0,0,0,12,0,0,0,0,0,2026-08-12,,,,
BUNMAN1,1-1,SUCK,2026-08-20,143,0,0,0,0,0,143,0,0,0,0,0,2026-08-12,,,,
BUNMAN1,1-10,LACT_SOW,2026-08-20,11,0,0,0,0,0,11,0,0,0,0,0,,,,,
BUNMAN1,1-10,SUCK,2026-08-20,130,0,0,0,0,0,130,0,0,0,0,0,,,,,
BUNMAN1,1-2,LACT_SOW,2026-08-20,12,0,0,0,0,0,12,0,0,0,0,0,,,,,
BUNMAN1,1-2,SUCK,2026-08-20,111,0,0,0,0,1,110,0,0,0,0,0,,,,,
BUNMAN1,1-3,LACT_SOW,2026-08-20,12,0,0,0,0,0,12,0,0,0,0,0,,,,,
BUNMAN1,1-3,SUCK,2026-08-20,122,0,0,0,0,0,122,0,0,0,0,0,,,,,
BUNMAN1,1-4,LACT_SOW,2026-08-20,12,0,0,0,0,0,12,0,0,0,0,0,,,,,
BUNMAN1,1-4,SUCK,2026-08-20,118,0,0,0,0,0,118,0,0,0,0,0,,,,,
BUNMAN1,1-5,LACT_SOW,2026-08-20,8,0,0,0,0,0,8,0,0,0,0,0,,,,,
BUNMAN1,1-5,SUCK,2026-08-20,89,17,0,0,0,1,105,0,0,0,0,0,,,,,
BUNMAN1,1-6,LACT_SOW,2026-08-20,12,0,0,0,0,0,12,0,0,0,0,0,2026-07-09,,,,
BUNMAN1,1-6,SUCK,2026-08-20,132,0,0,0,0,0,132,0,0,0,0,0,2026-07-09,,,,
BUNMAN1,1-7,LACT_SOW,2026-08-20,12,0,0,0,0,0,12,0,0,0,0,0,2026-07-12,,,,
BUNMAN1,1-7,SUCK,2026-08-20,141,0,0,0,0,1,140,0,0,0,0,0,2026-07-12,,,,
BUNMAN1,1-8,LACT_SOW,2026-08-20,12,0,0,0,0,0,12,0,0,0,0,0,,,,,
BUNMAN1,1-8,SUCK,2026-08-20,146,0,0,0,0,1,145,0,0,0,0,0,,,,,
BUNMAN1,1-9,LACT_SOW,2026-08-20,12,0,0,0,0,0,12,0,0,0,0,0,,,,,
BUNMAN1,1-9,SUCK,2026-08-20,151,0,0,0,0,0,151,0,0,0,0,0,,,,,
BUNMAN2,2-1,FARROW_WAIT,2026-08-20,4,0,0,4,0,0,0,0,0,0,0,0,2026-08-16,,,,
BUNMAN2,2-1,LACT_SOW,2026-08-20,8,4,0,0,0,0,12,0,0,0,0,0,2026-08-16,,,,
BUNMAN2,2-1,SUCK,2026-08-20,101,34,0,0,0,0,135,0,0,0,0,0,2026-08-16,,,,
BUNMAN2,2-10,LACT_SOW,2026-08-20,10,0,10,0,0,0,0,0,0,0,0,0,,,,,
BUNMAN2,2-10,SUCK,2026-08-20,104,0,104,0,0,0,0,0,87,0,0,0,,,,,
BUNMAN2,2-11,FARROW_WAIT,2026-08-20,12,0,0,0,0,0,12,0,0,0,0,0,2026-08-16,,,,
BUNMAN2,2-2,FARROW_WAIT,2026-08-20,6,0,0,4,0,0,2,0,0,0,0,0,2026-08-16,,,,
BUNMAN2,2-2,LACT_SOW,2026-08-20,6,4,0,0,0,0,10,0,0,0,0,0,2026-08-16,,,,
BUNMAN2,2-2,SUCK,2026-08-20,64,42,0,0,0,2,104,0,0,0,0,0,2026-08-16,,,,
BUNMAN2,2-3,FARROW_WAIT,2026-08-20,7,0,0,3,0,0,4,0,0,0,0,0,2026-08-16,,,,
BUNMAN2,2-3,LACT_SOW,2026-08-20,5,3,0,0,0,0,8,0,0,0,0,0,2026-08-16,,,,
BUNMAN2,2-3,SUCK,2026-08-20,66,34,0,0,0,0,100,0,0,0,0,0,2026-08-16,,,,
BUNMAN2,2-4,FARROW_WAIT,2026-08-20,11,0,0,3,0,0,8,0,0,0,0,0,2026-08-16,,,,
BUNMAN2,2-4,LACT_SOW,2026-08-20,0,3,0,0,0,0,3,0,0,0,0,0,2026-08-16,,,,
BUNMAN2,2-4,SUCK,2026-08-20,0,38,0,0,0,0,38,0,0,0,0,0,2026-08-16,,,,
BUNMAN2,2-5,FARROW_WAIT,2026-08-20,12,0,0,0,0,0,12,0,0,0,0,0,2026-08-16,,,,
BUNMAN2,2-6,LACT_SOW,2026-08-20,12,0,12,0,0,0,0,0,0,0,0,0,2026-07-26,,,,
BUNMAN2,2-6,SUCK,2026-08-20,126,0,126,0,0,0,0,0,126,0,0,0,2026-07-26,,,,
BUNMAN2,2-7,LACT_SOW,2026-08-20,12,0,12,0,0,0,0,0,0,0,0,0,,,,,
BUNMAN2,2-7,SUCK,2026-08-20,134,0,134,0,0,0,0,0,134,0,0,0,,,,,
BUNMAN2,2-8,LACT_SOW,2026-08-20,11,0,11,0,0,0,0,0,0,0,0,0,,,,,
BUNMAN2,2-8,SUCK,2026-08-20,139,0,139,0,0,0,0,0,139,0,0,0,,,,,
BUNMAN2,2-9,LACT_SOW,2026-08-20,12,0,12,0,0,0,0,0,0,0,0,0,,,,,
BUNMAN2,2-9,SUCK,2026-08-20,120,0,120,0,0,0,0,0,120,0,0,0,,,,,
GEOMJUNG,1-1,,2026-08-20,0,0,0,0,0,0,0,0,0,0,0,0,2026-05-25,2026-02-13,kg,,
GEOMJUNG,1-2,,2026-08-20,0,0,0,0,0,0,0,0,0,0,0,0,2026-05-25,2026-02-13,kg,,
GEOMJUNG,1-3,,2026-08-20,58,0,0,0,0,0,58,0,0,0,0,0,2026-02-25,2026-02-13,kg,,
GEOMJUNG,1-4,,2026-08-20,79,0,19,50,2,0,8,0,0,0,0,0,2026-05-25,2026-02-13,kg,,
GEOMJUNG,1-5,,2026-08-20,68,0,0,0,0,0,68,0,0,0,0,0,2026-05-25,2026-02-13,kg,,
GEOMJUNG,1-6,,2026-08-20,81,0,0,0,0,0,81,0,0,0,0,0,2026-05-25,2026-02-13,kg,,
GEOMJUNG,1-7,,2026-08-20,89,0,0,0,0,0,89,0,0,0,0,0,2026-06-14,2026-03-05,kg,,
GEOMJUNG,1-8,,2026-08-20,33,0,0,0,0,0,33,0,0,0,0,0,2026-06-14,2026-03-05,kg,,
GEOMJUNG,2-1,,2026-08-20,87,0,0,0,2,0,85,0,0,0,0,0,2026-06-15,2026-03-12,kg,,
GEOMJUNG,2-2,,2026-08-20,81,0,0,0,3,0,78,0,0,0,0,0,2026-06-15,2026-03-12,kg,,
GEOMJUNG,2-3,,2026-08-20,79,0,0,0,3,0,76,0,0,0,0,0,2026-06-15,2026-03-12,kg,,
GEOMJUNG,2-4,,2026-08-20,70,0,0,0,4,0,66,0,0,0,0,0,2026-06-09,2026-03-05,kg,,
GEOMJUNG,2-5,,2026-08-20,91,0,0,0,5,0,86,0,0,0,0,0,2026-06-09,2026-03-05,kg,,
GEOMJUNG,2-6,,2026-08-20,78,0,0,0,11,0,67,0,0,0,0,0,2026-06-09,2026-03-05,kg,,
GEOMJUNG,2-7,,2026-08-20,91,0,46,0,0,0,45,0,0,0,0,0,2026-06-09,2026-03-05,kg,,
GEOMJUNG,2-8,,2026-08-20,44,0,20,0,0,0,24,0,0,0,0,0,2026-06-09,2026-03-05,kg,,
GEOMJUNG,3-1,,2026-08-20,80,0,0,0,0,0,80,0,0,0,0,0,2026-06-23,2026-03-19,kg,,
GEOMJUNG,3-2,,2026-08-20,65,0,0,0,0,0,65,0,0,0,0,0,2026-06-23,2026-03-26,kg,,
GEOMJUNG,3-3,,2026-08-20,82,0,0,0,0,0,82,0,0,0,0,0,2026-06-23,2026-03-26,kg,,
GEOMJUNG,3-4,,2026-08-20,88,0,0,0,0,0,88,0,0,0,0,0,2026-06-30,2026-03-26,kg,,
GEOMJUNG,3-5,,2026-08-20,89,0,0,0,0,0,89,0,0,0,0,0,2026-06-30,2026-04-04,kg,,
GEOMJUNG,3-6,,2026-08-20,75,0,0,0,0,0,75,0,0,0,0,0,2026-06-30,2026-04-04,kg,,
GEOMJUNG,3-7,,2026-08-20,92,0,0,0,0,0,92,0,0,0,0,0,2026-06-15,2026-04-04,kg,,
GEOMJUNG,3-8,,2026-08-20,48,0,0,0,0,0,48,0,0,0,0,0,2026-06-15,2026-04-09,kg,,
GEOMJUNG,4-1,,2026-08-20,100,0,0,0,0,0,100,0,0,0,0,0,2026-07-28,2026-04-17,kg,,
GEOMJUNG,4-2,,2026-08-20,99,0,0,0,0,0,99,0,0,0,0,0,2026-07-28,2026-04-17,kg,,
GEOMJUNG,4-3,,2026-08-20,99,0,0,0,0,0,99,0,0,0,0,0,2026-07-21,2026-04-17,kg,,
GEOMJUNG,4-4,,2026-08-20,100,0,0,0,0,0,100,0,0,0,0,0,2026-07-21,2026-04-09,kg,,
GEOMJUNG,4-5,,2026-08-20,100,0,0,0,0,0,100,0,0,0,0,0,2026-07-21,2026-04-09,kg,,
GEOMJUNG,4-6,,2026-08-20,99,0,0,0,0,2,97,0,0,0,0,0,2026-07-21,2026-04-09,kg,,
GEOMJUNG,4-7,,2026-08-20,100,0,0,0,0,0,100,0,0,0,0,0,2026-07-21,2026-04-09,kg,,
GEOMJUNG,4-8,,2026-08-20,49,0,0,0,0,0,49,0,0,0,0,0,2026-07-21,2026-04-09,kg,,
GEOMJUNG,5-1,,2026-08-20,100,0,0,0,0,0,100,0,0,0,0,0,2026-08-18,2026-05-14,kg,,
GEOMJUNG,5-2,,2026-08-20,100,0,0,0,0,0,100,0,0,0,0,0,2026-08-18,2026-05-14,kg,,
GEOMJUNG,5-3,,2026-08-20,100,0,0,0,0,0,100,0,0,0,0,0,2026-08-18,2026-05-14,kg,,
GEOMJUNG,5-4,,2026-08-20,100,0,0,0,0,0,100,0,0,0,0,0,2026-08-18,2026-05-14,kg,,
GEOMJUNG,5-5,,2026-08-20,99,0,0,0,0,0,99,0,0,0,0,0,2026-08-04,2026-05-04,kg,,
GEOMJUNG,5-6,,2026-08-20,100,0,0,0,0,0,100,0,0,0,0,0,2026-08-04,2026-05-04,kg,,
GEOMJUNG,5-7,,2026-08-20,100,0,0,0,0,0,100,0,0,0,0,0,2026-08-04,2026-05-04,kg,,
GEOMJUNG,5-8,,2026-08-20,100,0,0,0,0,0,100,0,0,0,0,0,2026-08-04,2026-05-04,kg,,
IMSIN1,,CAND_F,2026-08-20,0,0,0,0,0,0,0,0,0,0,0,0,,,,,
IMSIN1,,PREG,2026-08-20,350,0,0,0,0,0,350,0,0,0,0,0,,,,,
IMSIN1,,STAY_S,2026-08-20,0,0,0,0,0,0,0,0,0,0,0,0,,,,,
IMSIN2,,CAND_F,2026-08-20,0,0,0,0,0,0,0,0,0,0,0,0,,,,,
IMSIN2,,PREG,2026-08-20,359,0,0,0,0,0,359,0,0,0,0,0,,,,,
IMSIN2,,STAY_S,2026-08-20,0,0,0,0,0,0,0,0,0,0,0,0,,,,,
JADON,1-1,,2026-08-20,131,0,0,0,0,0,131,0,0,0,0,0,2026-07-23,2026-07-02,5,암,
JADON,1-10,,2026-08-20,132,0,0,0,0,1,131,0,0,0,0,0,/,2026-07-16,,암,
JADON,1-11,,2026-08-20,132,0,0,0,0,0,132,0,0,0,0,0,,2026-07-16,,암,
JADON,1-12,,2026-08-20,134,0,0,0,0,0,134,0,0,0,0,0,/,2026-07-16,,수,암55
JADON,1-13,,2026-08-20,220,0,0,88,0,0,132,0,0,0,0,0,8-13,2026-07-23,4.92,암,
JADON,1-14,,2026-08-20,223,0,0,91,0,0,132,0,0,0,0,0,/,2026-07-23,,수,
JADON,1-2,,2026-08-20,130,0,0,0,0,0,130,0,0,0,0,0,/,2026-07-02,,수,
JADON,1-3,,2026-08-20,140,0,0,0,0,0,140,0,0,0,0,0,7-30,2026-07-09,4.8,수,
JADON,1-4,,2026-08-20,140,0,0,0,0,0,140,0,0,0,0,0,/,2026-07-09,,암수,수44
JADON,1-5,,2026-08-20,140,0,0,0,0,1,139,0,0,0,0,0,/,2026-07-09,,암,
JADON,1-6,,2026-08-20,130,0,0,0,0,0,130,0,0,0,0,0,/,2026-07-09,,암,
JADON,1-7,,2026-08-20,131,0,0,0,0,0,131,0,0,0,0,0,/,2026-07-09,,수,
JADON,1-8,,2026-08-20,132,0,0,0,0,0,132,0,0,0,0,0,8-6,2026-07-16,4.9,수,
JADON,1-9,,2026-08-20,130,0,0,0,0,0,130,0,0,0,0,0,/,2026-07-16,,암수,암42
JADON,2-1,,2026-08-20,224,0,0,85,0,0,139,0,0,0,0,0,/,2026-07-23,,암수,35암
JADON,2-10,,2026-08-20,139,0,0,0,0,0,139,0,0,0,0,0,/,,,암,
JADON,2-11,,2026-08-20,152,0,0,0,0,1,151,0,0,0,0,0,/,,,수,
JADON,2-12,,2026-08-20,130,0,0,0,0,0,130,0,0,0,0,0,7-23,2026-07-02,5,암,
JADON,2-13,,2026-08-20,130,0,0,0,0,0,130,0,0,0,0,0,/,2026-07-02,,암,암68
JADON,2-14,,2026-08-20,132,0,0,0,0,0,132,0,0,0,0,0,/,2026-07-02,,암,
JADON,2-2,,2026-08-20,0,132,0,0,0,0,132,0,0,0,0,0,,2026-07-23,,수,
JADON,2-3,,2026-08-20,0,132,0,0,0,0,132,0,0,0,0,0,/,2026-07-23,,암,
JADON,2-4,,2026-08-20,0,204,0,0,0,0,204,0,0,0,0,0,8/20,2026-07-30,5.2,암,
JADON,2-5,,2026-08-20,0,199,0,0,0,0,199,0,0,0,0,0,/,2026-07-30,,암/수,93암
JADON,2-6,,2026-08-20,0,203,0,0,0,0,203,0,0,0,0,0,/,2026-07-30,,수,
JADON,2-7,,2026-08-20,139,0,0,0,0,0,139,0,0,0,0,0,7-16,,5.4,암,
JADON,2-8,,2026-08-20,128,0,0,0,0,0,128,0,0,0,0,0,/,,,암수,암68
JADON,2-9,,2026-08-20,139,0,0,0,0,0,139,0,0,0,0,0,/,,,수,
JONGBU,,BOAR,2026-08-20,0,0,0,0,0,0,0,0,0,0,0,0,,,,,
JONGBU,,CAND_F,2026-08-20,35,0,1,0,0,0,34,0,0,0,0,0,,,,,
JONGBU,,PREG,2026-08-20,257,1,0,0,0,0,258,0,0,0,0,0,,,,,
JONGBU,,STAY_L,2026-08-20,0,0,0,0,0,0,0,0,0,0,0,0,,,,,
JONGBU,,STAY_S,2026-08-20,0,0,0,0,0,0,0,0,0,0,0,0,,,,,
JONGBU,,WEAN_PIG,2026-08-20,3,0,3,0,0,0,0,0,0,0,0,0,,,,,
SUNCHI,,CAND_F,2026-08-20,134,50,0,0,0,0,184,0,0,0,0,0,,,,,
SUNCHI,,CAND_M,2026-08-20,11,1,0,0,0,0,12,0,0,0,0,0,,,,,
SUNCHI,,PREG,2026-08-20,0,0,0,0,0,0,0,0,0,0,0,0,,,,,
SUNCHI,,STAY,2026-08-20,10,3,0,0,0,0,13,0,0,0,0,0,,,,,
SUNCHI,,WEAN_SOW,2026-08-20,5,57,0,0,0,0,62,0,0,0,0,0,,,,,
YUKSUNG,1-1,,2026-08-20,413,0,0,0,0,0,413,0,0,0,0,0,2026-08-10,2026-06-11,kg,수,
YUKSUNG,1-2,,2026-08-20,407,0,0,0,0,0,407,0,0,0,0,0,2026-08-17,2026-06-18,kg,수,
YUKSUNG,1-3,,2026-08-20,0,0,0,0,0,0,0,0,0,0,0,0,,,kg,수,
YUKSUNG,1-4,,2026-08-20,34,0,0,0,0,0,34,0,0,0,0,0,2026-07-13,2026-05-14,kg,수,
YUKSUNG,1-5,,2026-08-20,397,0,0,0,0,0,397,0,0,0,0,0,2026-07-20,2026-05-21,kg,수,
YUKSUNG,1-6,,2026-08-20,409,0,0,0,0,0,409,0,0,0,0,0,2026-07-27,2026-05-28,kg,수,
YUKSUNG,1-7,,2026-08-20,400,0,0,0,0,0,400,0,0,0,0,0,2026-08-03,2026-06-04,kg,수,
YUKSUNG,2-1,,2026-08-20,140,0,0,0,0,0,140,0,0,0,0,0,,,kg,암,
YUKSUNG,2-2,,2026-08-20,267,0,0,0,0,0,267,0,0,0,0,0,2026-08-10,2026-06-11,kg,암,
YUKSUNG,2-3,,2026-08-20,269,0,0,0,0,0,269,0,0,0,0,0,2026-08-17,2026-06-18,kg,암,
YUKSUNG,2-4,,2026-08-20,0,0,0,0,0,0,0,0,0,0,0,0,2026-07-14,2026-05-14,kg,암,
YUKSUNG,2-5,,2026-08-20,0,0,0,0,0,0,0,0,0,0,0,0,,,kg,암,
YUKSUNG,2-6,,2026-08-20,40,0,0,0,0,0,40,0,0,0,0,0,2026-07-20,2026-05-21,kg,암,
YUKSUNG,2-7,,2026-08-20,241,0,0,0,0,0,241,0,0,0,0,0,2026-07-27,2026-05-28,kg,암,
YUKSUNG,2-8,,2026-08-20,228,0,0,0,0,0,228,0,0,0,0,0,2026-08-03,2026-06-04,kg,암,
BIYUK_M,1-1,,2026-08-21,148,0,0,0,0,1,147,0,0,0,0,0,2026-06-02,2026-03-05,kg,,
BIYUK_M,1-2,,2026-08-21,194,0,0,0,0,0,194,0,0,0,0,0,2026-06-02,2026-03-05,kg,,
BIYUK_M,1-3,,2026-08-21,208,0,0,0,0,0,208,0,0,0,0,0,2026-06-09,2026-03-12,kg,,
BIYUK_M,1-4,,2026-08-21,179,0,0,0,0,0,179,0,0,0,0,0,2026-06-09,2026-03-12,kg,,
BIYUK_M,1-5,,2026-08-21,206,0,0,0,0,0,206,0,0,0,0,0,2026-06-15,2026-03-19,kg,,
BIYUK_M,1-6,,2026-08-21,181,0,0,0,0,0,181,0,0,0,0,0,2026-06-15,2026-03-26,kg,,
BIYUK_M,3-1,,2026-08-21,196,0,0,0,0,0,196,0,0,0,0,0,2026-06-23,2026-03-26,kg,,
BIYUK_M,3-2,,2026-08-21,194,0,0,0,0,0,194,0,0,0,0,0,2026-06-23,2026-04-04,kg,,
BIYUK_M,3-3,,2026-08-21,198,0,0,0,0,0,198,0,0,0,0,0,2026-06-30,2026-04-04,kg,,
BIYUK_M,3-4,,2026-08-21,195,0,0,0,0,0,195,0,0,0,0,0,2026-06-30,2026-04-09,kg,,
BIYUK_M,3-5,,2026-08-21,205,0,0,0,0,0,205,0,0,0,0,0,2026-07-15,2026-04-09,kg,,
BIYUK_M,3-6,,2026-08-21,209,0,0,0,0,0,209,0,0,0,0,0,2026-07-15,2026-04-17,kg,,
BIYUK_M,4-1,,2026-08-21,181,0,0,0,0,0,181,0,0,0,0,0,2026-07-21,2026-04-17,kg,,
BIYUK_M,4-2,,2026-08-21,183,0,0,0,0,0,183,0,0,0,0,0,2026-07-21,2026-04-17,kg,,
BIYUK_M,4-3,,2026-08-21,182,0,0,0,0,0,182,0,0,0,0,0,2026-07-28,2026-04-30,kg,,
BIYUK_M,4-4,,2026-08-21,184,0,0,0,0,0,184,0,0,0,0,0,2026-07-28,2026-04-30,kg,,
BIYUK_M,4-5,,2026-08-21,184,0,0,0,0,0,184,0,0,0,0,0,2026-08-04,2026-05-07,kg,,
BIYUK_M,4-6,,2026-08-21,198,0,0,0,0,0,198,0,0,0,0,0,2026-08-04,2026-05-07,kg,,
BIYUK_M,5-1,,2026-08-21,187,0,0,0,0,0,187,0,0,0,0,0,2026-08-18,2026-05-14,kg,,
BIYUK_M,5-2,,2026-08-21,175,0,0,0,0,0,175,0,0,0,0,0,2026-08-18,2026-05-21,kg,,
BIYUK_M,5-3,,2026-08-21,0,0,0,0,0,0,0,0,0,0,0,0,/,,kg,,
BIYUK_M,5-4,,2026-08-21,0,0,0,0,0,0,0,0,0,0,0,0,/,,kg,,
BIYUK_M,5-5,,2026-08-21,0,0,0,0,0,0,0,0,0,0,0,0,/,,kg,,
BIYUK_M,5-6,,2026-08-21,22,0,0,0,0,0,22,0,0,0,0,0,2026-05-19,2026-02-26,kg,,
BIYUK_M,6-1,,2026-08-21,0,0,0,0,0,0,0,0,0,0,0,0,2026-05-26,2026-02-26,kg,,
BIYUK_M,6-2,,2026-08-21,54,0,0,0,0,0,54,0,0,0,0,0,2026-05-26,2026-02-26,kg,,
BIYUK_M,6-3,,2026-08-21,27,0,0,0,0,0,27,0,0,0,0,0,2026-05-26,2026-02-26,kg,,
BIYUK_M,6-4,,2026-08-21,15,0,0,0,0,0,15,0,0,0,0,0,2026-05-26,2026-02-26,kg,,
BUNMAN1,1-1,LACT_SOW,2026-08-21,12,0,0,0,0,0,12,0,0,0,0,0,2026-08-12,,,,
BUNMAN1,1-1,SUCK,2026-08-21,143,0,0,0,0,0,143,0,0,0,0,0,2026-08-12,,,,
BUNMAN1,1-10,LACT_SOW,2026-08-21,11,0,0,0,0,0,11,0,0,0,0,0,,,,,
BUNMAN1,1-10,SUCK,2026-08-21,130,0,0,0,0,0,130,0,0,0,0,0,,,,,
BUNMAN1,1-2,LACT_SOW,2026-08-21,12,0,0,0,0,0,12,0,0,0,0,0,,,,,
BUNMAN1,1-2,SUCK,2026-08-21,110,0,0,0,0,1,109,0,0,0,0,0,,,,,
BUNMAN1,1-3,LACT_SOW,2026-08-21,12,0,0,0,0,0,12,0,0,0,0,0,,,,,
BUNMAN1,1-3,SUCK,2026-08-21,122,0,0,0,0,0,122,0,0,0,0,0,,,,,
BUNMAN1,1-4,LACT_SOW,2026-08-21,12,0,0,0,0,0,12,0,0,0,0,0,,,,,
BUNMAN1,1-4,SUCK,2026-08-21,118,0,0,0,0,1,117,0,0,0,0,0,,,,,
BUNMAN1,1-5,LACT_SOW,2026-08-21,8,0,0,0,0,0,8,0,0,0,0,0,,,,,
BUNMAN1,1-5,SUCK,2026-08-21,105,0,0,0,0,0,105,0,0,0,0,0,,,,,
BUNMAN1,1-6,LACT_SOW,2026-08-21,12,0,0,0,0,0,12,0,0,0,0,0,2026-07-09,,,,
BUNMAN1,1-6,SUCK,2026-08-21,132,0,0,0,0,0,132,0,0,0,0,0,2026-07-09,,,,
BUNMAN1,1-7,LACT_SOW,2026-08-21,12,0,0,0,0,0,12,0,0,0,0,0,2026-07-12,,,,
BUNMAN1,1-7,SUCK,2026-08-21,140,0,0,0,0,0,140,0,0,0,0,0,2026-07-12,,,,
BUNMAN1,1-8,LACT_SOW,2026-08-21,12,0,0,0,0,0,12,0,0,0,0,0,,,,,
BUNMAN1,1-8,SUCK,2026-08-21,145,0,0,0,0,1,144,0,0,0,0,0,,,,,
BUNMAN1,1-9,LACT_SOW,2026-08-21,12,0,0,0,0,0,12,0,0,0,0,0,,,,,
BUNMAN1,1-9,SUCK,2026-08-21,151,0,0,0,0,0,151,0,0,0,0,0,,,,,
BUNMAN2,2-1,LACT_SOW,2026-08-21,12,0,0,0,0,0,12,0,0,0,0,0,2026-08-16,,,,
BUNMAN2,2-1,SUCK,2026-08-21,135,0,0,0,0,2,133,0,0,0,0,0,2026-08-16,,,,
BUNMAN2,2-11,FARROW_WAIT,2026-08-21,12,0,0,0,0,0,12,0,0,0,0,0,2026-08-16,,,,
BUNMAN2,2-2,FARROW_WAIT,2026-08-21,2,0,0,2,0,0,0,0,0,0,0,0,2026-08-16,,,,
BUNMAN2,2-2,LACT_SOW,2026-08-21,10,2,0,0,0,0,12,0,0,0,0,0,2026-08-16,,,,
BUNMAN2,2-2,SUCK,2026-08-21,104,30,0,0,0,2,132,0,0,0,0,0,2026-08-16,,,,
BUNMAN2,2-3,FARROW_WAIT,2026-08-21,4,0,0,4,0,0,0,0,0,0,0,0,2026-08-16,,,,
BUNMAN2,2-3,LACT_SOW,2026-08-21,8,4,0,0,0,0,12,0,0,0,0,0,2026-08-16,,,,
BUNMAN2,2-3,SUCK,2026-08-21,100,49,0,0,0,0,149,0,0,0,0,0,2026-08-16,,,,
BUNMAN2,2-4,FARROW_WAIT,2026-08-21,8,0,0,4,0,0,4,0,0,0,0,0,2026-08-16,,,,
BUNMAN2,2-4,LACT_SOW,2026-08-21,3,4,0,0,0,0,7,0,0,0,0,0,2026-08-16,,,,
BUNMAN2,2-4,SUCK,2026-08-21,38,54,0,0,0,2,90,0,0,0,0,0,2026-08-16,,,,
BUNMAN2,2-5,FARROW_WAIT,2026-08-21,12,0,0,0,0,1,11,0,0,0,0,0,2026-08-16,,,,
GEOMJUNG,1-1,,2026-08-21,0,0,0,0,0,0,0,0,0,0,0,0,2026-05-25,2026-02-13,kg,,
GEOMJUNG,1-2,,2026-08-21,0,0,0,0,0,0,0,0,0,0,0,0,2026-05-25,2026-02-13,kg,,
GEOMJUNG,1-3,,2026-08-21,58,0,0,0,0,0,58,0,0,0,0,0,2026-02-25,2026-02-13,kg,,
GEOMJUNG,1-4,,2026-08-21,8,0,0,0,0,0,8,0,0,0,0,0,2026-05-25,2026-02-13,kg,,
GEOMJUNG,1-5,,2026-08-21,68,0,0,0,0,0,68,0,0,0,0,0,2026-05-25,2026-02-13,kg,,
GEOMJUNG,1-6,,2026-08-21,81,0,0,0,0,0,81,0,0,0,0,0,2026-05-25,2026-02-13,kg,,
GEOMJUNG,1-7,,2026-08-21,89,0,0,0,0,0,89,0,0,0,0,0,2026-06-14,2026-03-05,kg,,
GEOMJUNG,1-8,,2026-08-21,33,0,0,0,0,0,33,0,0,0,0,0,2026-06-14,2026-03-05,kg,,
GEOMJUNG,2-1,,2026-08-21,85,0,0,0,12,0,73,0,0,0,0,0,2026-06-15,2026-03-12,kg,,
GEOMJUNG,2-2,,2026-08-21,78,0,0,0,3,0,75,0,0,0,0,0,2026-06-15,2026-03-12,kg,,
GEOMJUNG,2-3,,2026-08-21,76,0,0,0,2,0,74,0,0,0,0,0,2026-06-15,2026-03-12,kg,,
GEOMJUNG,2-4,,2026-08-21,66,0,0,0,4,0,62,0,0,0,0,0,2026-06-09,2026-03-05,kg,,
GEOMJUNG,2-5,,2026-08-21,86,0,0,0,1,0,85,0,0,0,0,0,2026-06-09,2026-03-05,kg,,
GEOMJUNG,2-6,,2026-08-21,67,0,0,0,3,0,64,0,0,0,0,0,2026-06-09,2026-03-05,kg,,
GEOMJUNG,2-7,,2026-08-21,45,0,0,0,3,0,42,0,0,0,0,0,2026-06-09,2026-03-05,kg,,
GEOMJUNG,2-8,,2026-08-21,24,0,0,0,2,0,22,0,0,0,0,0,2026-06-09,2026-03-05,kg,,
GEOMJUNG,3-1,,2026-08-21,80,0,0,0,0,0,80,0,0,0,0,0,2026-06-23,2026-03-19,kg,,
GEOMJUNG,3-2,,2026-08-21,65,0,0,0,0,0,65,0,0,0,0,0,2026-06-23,2026-03-26,kg,,
GEOMJUNG,3-3,,2026-08-21,82,0,0,0,0,0,82,0,0,0,0,0,2026-06-23,2026-03-26,kg,,
GEOMJUNG,3-4,,2026-08-21,88,0,0,0,0,0,88,0,0,0,0,0,2026-06-30,2026-03-26,kg,,
GEOMJUNG,3-5,,2026-08-21,89,0,0,0,0,0,89,0,0,0,0,0,2026-06-30,2026-04-04,kg,,
GEOMJUNG,3-6,,2026-08-21,75,0,0,0,0,0,75,0,0,0,0,0,2026-06-30,2026-04-04,kg,,
GEOMJUNG,3-7,,2026-08-21,92,0,0,0,0,0,92,0,0,0,0,0,2026-06-15,2026-04-04,kg,,
GEOMJUNG,3-8,,2026-08-21,48,0,0,0,0,0,48,0,0,0,0,0,2026-06-15,2026-04-09,kg,,
GEOMJUNG,4-1,,2026-08-21,100,0,0,0,0,0,100,0,0,0,0,0,2026-07-28,2026-04-17,kg,,
GEOMJUNG,4-2,,2026-08-21,99,0,0,0,0,1,98,0,0,0,0,0,2026-07-28,2026-04-17,kg,,
GEOMJUNG,4-3,,2026-08-21,99,0,0,0,0,0,99,0,0,0,0,0,2026-07-21,2026-04-17,kg,,
GEOMJUNG,4-4,,2026-08-21,100,0,0,0,0,0,100,0,0,0,0,0,2026-07-21,2026-04-09,kg,,
GEOMJUNG,4-5,,2026-08-21,100,0,0,0,0,0,100,0,0,0,0,0,2026-07-21,2026-04-09,kg,,
GEOMJUNG,4-6,,2026-08-21,97,0,0,0,0,0,97,0,0,0,0,0,2026-07-21,2026-04-09,kg,,
GEOMJUNG,4-7,,2026-08-21,100,0,0,0,0,0,100,0,0,0,0,0,2026-07-21,2026-04-09,kg,,
GEOMJUNG,4-8,,2026-08-21,49,0,0,0,0,0,49,0,0,0,0,0,2026-07-21,2026-04-09,kg,,
GEOMJUNG,5-1,,2026-08-21,100,0,0,0,0,0,100,0,0,0,0,0,2026-08-18,2026-05-14,kg,,
GEOMJUNG,5-2,,2026-08-21,100,0,0,0,0,0,100,0,0,0,0,0,2026-08-18,2026-05-14,kg,,
GEOMJUNG,5-3,,2026-08-21,100,0,0,0,0,0,100,0,0,0,0,0,2026-08-18,2026-05-14,kg,,
GEOMJUNG,5-4,,2026-08-21,100,0,0,0,0,0,100,0,0,0,0,0,2026-08-18,2026-05-14,kg,,
GEOMJUNG,5-5,,2026-08-21,99,0,0,0,0,0,99,0,0,0,0,0,2026-08-04,2026-05-04,kg,,
GEOMJUNG,5-6,,2026-08-21,100,0,0,0,0,0,100,0,0,0,0,0,2026-08-04,2026-05-04,kg,,
GEOMJUNG,5-7,,2026-08-21,100,0,0,0,0,0,100,0,0,0,0,0,2026-08-04,2026-05-04,kg,,
GEOMJUNG,5-8,,2026-08-21,100,0,0,0,0,0,100,0,0,0,0,0,2026-08-04,2026-05-04,kg,,
IMSIN1,,CAND_F,2026-08-21,0,0,0,0,0,0,0,0,0,0,0,0,,,,,
IMSIN1,,PREG,2026-08-21,350,0,0,0,0,0,350,0,0,0,0,0,,,,,
IMSIN1,,STAY_S,2026-08-21,0,0,0,0,0,0,0,0,0,0,0,0,,,,,
IMSIN2,,CAND_F,2026-08-21,0,0,0,0,0,0,0,0,0,0,0,0,,,,,
IMSIN2,,PREG,2026-08-21,359,0,0,0,0,0,359,0,0,0,0,0,,,,,
IMSIN2,,STAY_S,2026-08-21,0,0,0,0,0,0,0,0,0,0,0,0,,,,,
JADON,1-1,,2026-08-21,131,0,0,0,0,1,130,0,0,0,0,0,2026-07-23,2026-07-02,5,암,
JADON,1-10,,2026-08-21,131,0,0,0,0,0,131,0,0,0,0,0,/,2026-07-16,,암,
JADON,1-11,,2026-08-21,132,0,0,0,0,2,130,0,0,0,0,0,,2026-07-16,,암,
JADON,1-12,,2026-08-21,134,0,0,0,0,0,134,0,0,0,0,0,/,2026-07-16,,수,암55
JADON,1-13,,2026-08-21,132,0,0,0,0,0,132,0,0,0,0,0,8-13,2026-07-23,4.92,암,
JADON,1-14,,2026-08-21,132,0,0,0,0,0,132,0,0,0,0,0,/,2026-07-23,,수,
JADON,1-2,,2026-08-21,130,0,0,0,0,1,129,0,0,0,0,0,/,2026-07-02,,수,
JADON,1-3,,2026-08-21,140,0,0,0,0,0,140,0,0,0,0,0,7-30,2026-07-09,4.8,수,
JADON,1-4,,2026-08-21,140,0,0,0,0,0,140,0,0,0,0,0,/,2026-07-09,,암수,수44
JADON,1-5,,2026-08-21,139,0,0,0,0,0,139,0,0,0,0,0,/,2026-07-09,,암,
JADON,1-6,,2026-08-21,130,0,0,0,0,1,129,0,0,0,0,0,/,2026-07-09,,암,
JADON,1-7,,2026-08-21,131,0,0,0,0,0,131,0,0,0,0,0,/,2026-07-09,,수,
JADON,1-8,,2026-08-21,132,0,0,0,0,0,132,0,0,0,0,0,8-6,2026-07-16,4.9,수,
JADON,1-9,,2026-08-21,130,0,0,0,0,1,129,0,0,0,0,0,/,2026-07-16,,암수,암42
JADON,2-1,,2026-08-21,139,0,0,0,0,0,139,0,0,0,0,0,/,2026-07-23,,암수,35암
JADON,2-10,,2026-08-21,139,0,0,0,0,0,139,0,0,0,0,0,/,,,암,
JADON,2-11,,2026-08-21,151,0,0,0,0,0,151,0,0,0,0,0,/,,,수,
JADON,2-12,,2026-08-21,130,0,0,0,0,0,130,0,0,0,0,0,7-23,2026-07-02,5,암,
JADON,2-13,,2026-08-21,130,0,0,0,0,1,129,0,0,0,0,0,/,2026-07-02,,암,암68
JADON,2-14,,2026-08-21,132,0,0,0,0,0,132,0,0,0,0,0,/,2026-07-02,,암,
JADON,2-2,,2026-08-21,132,0,0,0,0,0,132,0,0,0,0,0,,2026-07-23,,수,
JADON,2-3,,2026-08-21,132,0,0,0,0,0,132,0,0,0,0,0,/,2026-07-23,,암,
JADON,2-4,,2026-08-21,204,0,0,0,0,0,204,0,0,0,0,0,8/20,2026-07-30,5.2,암,
JADON,2-5,,2026-08-21,199,0,0,0,0,0,199,0,0,0,0,0,/,2026-07-30,,암/수,93암
JADON,2-6,,2026-08-21,203,0,0,0,0,1,202,0,0,0,0,0,/,2026-07-30,,수,
JADON,2-7,,2026-08-21,139,0,0,0,0,0,139,0,0,0,0,0,7-16,,5.4,암,
JADON,2-8,,2026-08-21,128,0,0,0,0,0,128,0,0,0,0,0,/,,,암수,암68
JADON,2-9,,2026-08-21,139,0,0,0,0,0,139,0,0,0,0,0,/,,,수,
JONGBU,,BOAR,2026-08-21,0,0,0,0,0,0,0,0,0,0,0,0,,,,,
JONGBU,,CAND_F,2026-08-21,34,0,1,0,0,0,33,0,0,0,0,0,,,,,
JONGBU,,PREG,2026-08-21,258,1,0,0,2,0,257,0,0,0,0,0,,,,,
JONGBU,,STAY_L,2026-08-21,0,0,0,0,0,0,0,0,0,0,0,0,,,,,
JONGBU,,STAY_S,2026-08-21,0,0,0,0,0,0,0,0,0,0,0,0,,,,,
JONGBU,,WEAN_PIG,2026-08-21,0,0,0,0,0,0,0,0,0,0,0,0,,,,,
SUNCHI,,CAND_F,2026-08-21,184,0,0,0,0,0,184,0,0,0,0,0,,,,,
SUNCHI,,CAND_M,2026-08-21,12,0,0,0,0,0,12,0,0,0,0,0,,,,,
SUNCHI,,PREG,2026-08-21,0,0,0,0,0,0,0,0,0,0,0,0,,,,,
SUNCHI,,STAY,2026-08-21,13,0,0,0,3,0,10,0,0,0,0,0,,,,,
SUNCHI,,WEAN_SOW,2026-08-21,62,0,0,0,6,0,56,0,0,0,0,0,,,,,
YUKSUNG,1-1,,2026-08-21,413,0,0,0,0,2,411,0,0,0,0,0,2026-08-10,2026-06-11,kg,수,
YUKSUNG,1-2,,2026-08-21,407,0,0,0,0,0,407,0,0,0,0,0,2026-08-17,2026-06-18,kg,수,
YUKSUNG,1-3,,2026-08-21,0,0,0,0,0,0,0,0,0,0,0,0,,,kg,수,
YUKSUNG,1-4,,2026-08-21,34,0,0,0,0,0,34,0,0,0,0,0,2026-07-13,2026-05-14,kg,수,
YUKSUNG,1-5,,2026-08-21,397,0,0,0,0,0,397,0,0,0,0,0,2026-07-20,2026-05-21,kg,수,
YUKSUNG,1-6,,2026-08-21,409,0,0,0,0,0,409,0,0,0,0,0,2026-07-27,2026-05-28,kg,수,
YUKSUNG,1-7,,2026-08-21,400,0,0,0,0,0,400,0,0,0,0,0,2026-08-03,2026-06-04,kg,수,
YUKSUNG,2-1,,2026-08-21,140,0,0,0,0,0,140,0,0,0,0,0,,,kg,암,
YUKSUNG,2-2,,2026-08-21,267,0,0,0,0,0,267,0,0,0,0,0,2026-08-10,2026-06-11,kg,암,
YUKSUNG,2-3,,2026-08-21,269,0,0,0,0,1,268,0,0,0,0,0,2026-08-17,2026-06-18,kg,암,
YUKSUNG,2-4,,2026-08-21,0,0,0,0,0,0,0,0,0,0,0,0,2026-07-14,2026-05-14,kg,암,
YUKSUNG,2-5,,2026-08-21,0,0,0,0,0,0,0,0,0,0,0,0,,,kg,암,
YUKSUNG,2-6,,2026-08-21,40,0,0,0,0,0,40,0,0,0,0,0,2026-07-20,2026-05-21,kg,암,
YUKSUNG,2-7,,2026-08-21,241,0,0,0,0,0,241,0,0,0,0,0,2026-07-27,2026-05-28,kg,암,
YUKSUNG,2-8,,2026-08-21,228,0,0,0,0,1,227,0,0,0,0,0,2026-08-03,2026-06-04,kg,암,
BIYUK_M,1-1,,2026-08-22,147,0,0,0,0,0,147,0,0,0,0,0,2026-06-02,2026-03-05,kg,,
BIYUK_M,1-2,,2026-08-22,194,0,0,0,0,0,194,0,0,0,0,0,2026-06-02,2026-03-05,kg,,
BIYUK_M,1-3,,2026-08-22,208,0,0,0,0,0,208,0,0,0,0,0,2026-06-09,2026-03-12,kg,,
BIYUK_M,1-4,,2026-08-22,179,0,0,0,0,0,179,0,0,0,0,0,2026-06-09,2026-03-12,kg,,
BIYUK_M,1-5,,2026-08-22,206,0,0,0,0,0,206,0,0,0,0,0,2026-06-15,2026-03-19,kg,,
BIYUK_M,1-6,,2026-08-22,181,0,0,0,0,3,178,0,0,0,0,0,2026-06-15,2026-03-26,kg,,
BIYUK_M,3-1,,2026-08-22,196,0,0,0,0,0,196,0,0,0,0,0,2026-06-23,2026-03-26,kg,,
BIYUK_M,3-2,,2026-08-22,194,0,0,0,0,2,192,0,0,0,0,0,2026-06-23,2026-04-04,kg,,
BIYUK_M,3-3,,2026-08-22,198,0,0,0,0,0,198,0,0,0,0,0,2026-06-30,2026-04-04,kg,,
BIYUK_M,3-4,,2026-08-22,195,0,0,0,0,0,195,0,0,0,0,0,2026-06-30,2026-04-09,kg,,
BIYUK_M,3-5,,2026-08-22,205,0,0,0,0,1,204,0,0,0,0,0,2026-07-15,2026-04-09,kg,,
BIYUK_M,3-6,,2026-08-22,209,0,0,0,0,0,209,0,0,0,0,0,2026-07-15,2026-04-17,kg,,
BIYUK_M,4-1,,2026-08-22,181,0,0,0,0,0,181,0,0,0,0,0,2026-07-21,2026-04-17,kg,,
BIYUK_M,4-2,,2026-08-22,183,0,0,0,0,0,183,0,0,0,0,0,2026-07-21,2026-04-17,kg,,
BIYUK_M,4-3,,2026-08-22,182,0,0,0,0,0,182,0,0,0,0,0,2026-07-28,2026-04-30,kg,,
BIYUK_M,4-4,,2026-08-22,184,0,0,0,0,0,184,0,0,0,0,0,2026-07-28,2026-04-30,kg,,
BIYUK_M,4-5,,2026-08-22,184,0,0,0,0,0,184,0,0,0,0,0,2026-08-04,2026-05-07,kg,,
BIYUK_M,4-6,,2026-08-22,198,0,0,0,0,0,198,0,0,0,0,0,2026-08-04,2026-05-07,kg,,
BIYUK_M,5-1,,2026-08-22,187,0,0,0,0,0,187,0,0,0,0,0,2026-08-18,2026-05-14,kg,,
BIYUK_M,5-2,,2026-08-22,175,0,0,0,0,0,175,0,0,0,0,0,2026-08-18,2026-05-21,kg,,
BIYUK_M,5-3,,2026-08-22,0,0,0,0,0,0,0,0,0,0,0,0,/,,kg,,
BIYUK_M,5-4,,2026-08-22,0,0,0,0,0,0,0,0,0,0,0,0,/,,kg,,
BIYUK_M,5-5,,2026-08-22,0,0,0,0,0,0,0,0,0,0,0,0,/,,kg,,
BIYUK_M,5-6,,2026-08-22,22,0,0,0,0,0,22,0,0,0,0,0,2026-05-19,2026-02-26,kg,,
BIYUK_M,6-1,,2026-08-22,0,0,0,0,0,0,0,0,0,0,0,0,2026-05-26,2026-02-26,kg,,
BIYUK_M,6-2,,2026-08-22,54,0,0,0,0,0,54,0,0,0,0,0,2026-05-26,2026-02-26,kg,,
BIYUK_M,6-3,,2026-08-22,27,0,0,0,0,0,27,0,0,0,0,0,2026-05-26,2026-02-26,kg,,
BIYUK_M,6-4,,2026-08-22,15,0,0,0,0,0,15,0,0,0,0,0,2026-05-26,2026-02-26,kg,,
BUNMAN1,1-1,LACT_SOW,2026-08-22,12,0,0,0,0,0,12,0,0,0,0,0,2026-08-12,,,,
BUNMAN1,1-1,SUCK,2026-08-22,143,0,0,0,0,0,143,0,0,0,0,0,2026-08-12,,,,
BUNMAN1,1-10,LACT_SOW,2026-08-22,11,0,0,0,0,0,11,0,0,0,0,0,,,,,
BUNMAN1,1-10,SUCK,2026-08-22,130,0,0,0,0,0,130,0,0,0,0,0,,,,,
BUNMAN1,1-2,LACT_SOW,2026-08-22,12,0,0,0,0,0,12,0,0,0,0,0,,,,,
BUNMAN1,1-2,SUCK,2026-08-22,109,0,0,0,0,0,109,0,0,0,0,0,,,,,
BUNMAN1,1-3,LACT_SOW,2026-08-22,12,0,0,0,0,0,12,0,0,0,0,0,,,,,
BUNMAN1,1-3,SUCK,2026-08-22,122,0,0,0,0,0,122,0,0,0,0,0,,,,,
BUNMAN1,1-4,LACT_SOW,2026-08-22,12,0,0,0,0,0,12,0,0,0,0,0,,,,,
BUNMAN1,1-4,SUCK,2026-08-22,117,0,0,0,0,1,116,0,0,0,0,0,,,,,
BUNMAN1,1-5,LACT_SOW,2026-08-22,8,0,0,0,0,0,8,0,0,0,0,0,,,,,
BUNMAN1,1-5,SUCK,2026-08-22,105,0,0,0,0,1,104,0,0,0,0,0,,,,,
BUNMAN1,1-6,LACT_SOW,2026-08-22,12,0,0,0,0,0,12,0,0,0,0,0,2026-07-09,,,,
BUNMAN1,1-6,SUCK,2026-08-22,132,0,0,0,0,0,132,0,0,0,0,0,2026-07-09,,,,
BUNMAN1,1-7,LACT_SOW,2026-08-22,12,0,0,0,0,0,12,0,0,0,0,0,2026-07-12,,,,
BUNMAN1,1-7,SUCK,2026-08-22,140,0,0,0,0,0,140,0,0,0,0,0,2026-07-12,,,,
BUNMAN1,1-8,LACT_SOW,2026-08-22,12,0,0,0,0,0,12,0,0,0,0,0,,,,,
BUNMAN1,1-8,SUCK,2026-08-22,144,0,0,0,0,0,144,0,0,0,0,0,,,,,
BUNMAN1,1-9,LACT_SOW,2026-08-22,12,0,0,0,0,0,12,0,0,0,0,0,,,,,
BUNMAN1,1-9,SUCK,2026-08-22,151,0,0,0,0,0,151,0,0,0,0,0,,,,,
BUNMAN2,2-1,LACT_SOW,2026-08-22,12,0,0,0,0,0,12,0,0,0,0,0,2026-08-16,,,,
BUNMAN2,2-1,SUCK,2026-08-22,133,0,0,0,0,0,133,0,0,0,0,0,2026-08-16,,,,
BUNMAN2,2-11,FARROW_WAIT,2026-08-22,12,0,0,0,0,0,12,0,0,0,0,0,2026-08-16,,,,
BUNMAN2,2-2,LACT_SOW,2026-08-22,12,0,0,0,0,0,12,0,0,0,0,0,2026-08-16,,,,
BUNMAN2,2-2,SUCK,2026-08-22,132,0,0,0,0,0,132,0,0,0,0,0,2026-08-16,,,,
BUNMAN2,2-3,LACT_SOW,2026-08-22,12,0,0,0,0,0,12,0,0,0,0,0,2026-08-16,,,,
BUNMAN2,2-3,SUCK,2026-08-22,149,0,0,0,0,1,148,0,0,0,0,0,2026-08-16,,,,
BUNMAN2,2-4,FARROW_WAIT,2026-08-22,4,0,0,1,0,0,3,0,0,0,0,0,2026-08-16,,,,
BUNMAN2,2-4,LACT_SOW,2026-08-22,7,1,0,0,0,0,8,0,0,0,0,0,2026-08-16,,,,
BUNMAN2,2-4,SUCK,2026-08-22,90,15,0,0,0,1,104,0,0,0,0,0,2026-08-16,,,,
BUNMAN2,2-5,FARROW_WAIT,2026-08-22,11,0,0,0,0,0,11,0,0,0,0,0,2026-08-16,,,,
GEOMJUNG,1-1,,2026-08-22,0,0,0,0,0,0,0,0,0,0,0,0,2026-05-25,2026-02-13,kg,,
GEOMJUNG,1-2,,2026-08-22,0,0,0,0,0,0,0,0,0,0,0,0,2026-05-25,2026-02-13,kg,,
GEOMJUNG,1-3,,2026-08-22,58,0,0,0,0,0,58,0,0,0,0,0,2026-02-25,2026-02-13,kg,,
GEOMJUNG,1-4,,2026-08-22,8,0,0,0,0,0,8,0,0,0,0,0,2026-05-25,2026-02-13,kg,,
GEOMJUNG,1-5,,2026-08-22,68,0,0,0,0,0,68,0,0,0,0,0,2026-05-25,2026-02-13,kg,,
GEOMJUNG,1-6,,2026-08-22,81,0,0,0,0,0,81,0,0,0,0,0,2026-05-25,2026-02-13,kg,,
GEOMJUNG,1-7,,2026-08-22,89,0,0,0,0,0,89,0,0,0,0,0,2026-06-14,2026-03-05,kg,,
GEOMJUNG,1-8,,2026-08-22,33,0,0,0,0,0,33,0,0,0,0,0,2026-06-14,2026-03-05,kg,,
GEOMJUNG,2-1,,2026-08-22,73,0,0,0,0,0,73,0,0,0,0,0,2026-06-15,2026-03-12,kg,,
GEOMJUNG,2-2,,2026-08-22,75,0,0,0,0,0,75,0,0,0,0,0,2026-06-15,2026-03-12,kg,,
GEOMJUNG,2-3,,2026-08-22,74,0,0,0,0,0,74,0,0,0,0,0,2026-06-15,2026-03-12,kg,,
GEOMJUNG,2-4,,2026-08-22,62,0,0,0,0,0,62,0,0,0,0,0,2026-06-09,2026-03-05,kg,,
GEOMJUNG,2-5,,2026-08-22,85,0,0,0,0,0,85,0,0,0,0,0,2026-06-09,2026-03-05,kg,,
GEOMJUNG,2-6,,2026-08-22,64,0,0,0,0,0,64,0,0,0,0,0,2026-06-09,2026-03-05,kg,,
GEOMJUNG,2-7,,2026-08-22,42,0,0,0,0,0,42,0,0,0,0,0,2026-06-09,2026-03-05,kg,,
GEOMJUNG,2-8,,2026-08-22,22,0,0,0,0,0,22,0,0,0,0,0,2026-06-09,2026-03-05,kg,,
GEOMJUNG,3-1,,2026-08-22,80,0,0,0,0,0,80,0,0,0,0,0,2026-06-23,2026-03-19,kg,,
GEOMJUNG,3-2,,2026-08-22,65,0,0,0,0,0,65,0,0,0,0,0,2026-06-23,2026-03-26,kg,,
GEOMJUNG,3-3,,2026-08-22,82,0,0,0,0,1,81,0,0,0,0,0,2026-06-23,2026-03-26,kg,,
GEOMJUNG,3-4,,2026-08-22,88,0,0,0,0,0,88,0,0,0,0,0,2026-06-30,2026-03-26,kg,,
GEOMJUNG,3-5,,2026-08-22,89,0,0,0,0,0,89,0,0,0,0,0,2026-06-30,2026-04-04,kg,,
GEOMJUNG,3-6,,2026-08-22,75,0,0,0,0,0,75,0,0,0,0,0,2026-06-30,2026-04-04,kg,,
GEOMJUNG,3-7,,2026-08-22,92,0,0,0,0,0,92,0,0,0,0,0,2026-06-15,2026-04-04,kg,,
GEOMJUNG,3-8,,2026-08-22,48,0,0,0,0,0,48,0,0,0,0,0,2026-06-15,2026-04-09,kg,,
GEOMJUNG,4-1,,2026-08-22,100,0,0,0,0,0,100,0,0,0,0,0,2026-07-28,2026-04-17,kg,,
GEOMJUNG,4-2,,2026-08-22,98,0,0,0,0,1,97,0,0,0,0,0,2026-07-28,2026-04-17,kg,,
GEOMJUNG,4-3,,2026-08-22,99,0,0,0,0,0,99,0,0,0,0,0,2026-07-21,2026-04-17,kg,,
GEOMJUNG,4-4,,2026-08-22,100,0,0,0,0,0,100,0,0,0,0,0,2026-07-21,2026-04-09,kg,,
GEOMJUNG,4-5,,2026-08-22,100,0,0,0,0,0,100,0,0,0,0,0,2026-07-21,2026-04-09,kg,,
GEOMJUNG,4-6,,2026-08-22,97,0,0,0,0,0,97,0,0,0,0,0,2026-07-21,2026-04-09,kg,,
GEOMJUNG,4-7,,2026-08-22,100,0,0,0,0,0,100,0,0,0,0,0,2026-07-21,2026-04-09,kg,,
GEOMJUNG,4-8,,2026-08-22,49,0,0,0,0,0,49,0,0,0,0,0,2026-07-21,2026-04-09,kg,,
GEOMJUNG,5-1,,2026-08-22,100,0,0,0,0,0,100,0,0,0,0,0,2026-08-18,2026-05-14,kg,,
GEOMJUNG,5-2,,2026-08-22,100,0,0,0,0,0,100,0,0,0,0,0,2026-08-18,2026-05-14,kg,,
GEOMJUNG,5-3,,2026-08-22,100,0,0,0,0,0,100,0,0,0,0,0,2026-08-18,2026-05-14,kg,,
GEOMJUNG,5-4,,2026-08-22,100,0,0,0,0,0,100,0,0,0,0,0,2026-08-18,2026-05-14,kg,,
GEOMJUNG,5-5,,2026-08-22,99,0,0,0,0,0,99,0,0,0,0,0,2026-08-04,2026-05-04,kg,,
GEOMJUNG,5-6,,2026-08-22,100,0,0,0,0,0,100,0,0,0,0,0,2026-08-04,2026-05-04,kg,,
GEOMJUNG,5-7,,2026-08-22,100,0,0,0,0,0,100,0,0,0,0,0,2026-08-04,2026-05-04,kg,,
GEOMJUNG,5-8,,2026-08-22,100,0,0,0,0,0,100,0,0,0,0,0,2026-08-04,2026-05-04,kg,,
IMSIN1,,CAND_F,2026-08-22,0,0,0,0,0,0,0,0,0,0,0,0,,,,,
IMSIN1,,PREG,2026-08-22,350,10,0,0,0,1,359,0,0,0,0,0,,,,,
IMSIN1,,STAY_S,2026-08-22,0,0,0,0,0,0,0,0,0,0,0,0,,,,,
IMSIN2,,CAND_F,2026-08-22,0,0,0,0,0,0,0,0,0,0,0,0,,,,,
IMSIN2,,PREG,2026-08-22,359,0,0,0,0,0,359,0,0,0,0,0,,,,,
IMSIN2,,STAY_S,2026-08-22,0,0,0,0,0,0,0,0,0,0,0,0,,,,,
JADON,1-1,,2026-08-22,130,0,0,0,0,0,130,0,0,0,0,0,2026-07-23,2026-07-02,5,암,
JADON,1-10,,2026-08-22,131,0,0,0,0,0,131,0,0,0,0,0,/,2026-07-16,,암,
JADON,1-11,,2026-08-22,130,0,0,0,0,0,130,0,0,0,0,0,,2026-07-16,,암,
JADON,1-12,,2026-08-22,134,0,0,0,0,0,134,0,0,0,0,0,/,2026-07-16,,수,암55
JADON,1-13,,2026-08-22,132,0,0,0,0,0,132,0,0,0,0,0,8-13,2026-07-23,4.92,암,
JADON,1-14,,2026-08-22,132,0,0,0,0,0,132,0,0,0,0,0,/,2026-07-23,,수,
JADON,1-2,,2026-08-22,129,0,0,0,0,0,129,0,0,0,0,0,/,2026-07-02,,수,
JADON,1-3,,2026-08-22,140,0,0,0,0,0,140,0,0,0,0,0,7-30,2026-07-09,4.8,수,
JADON,1-4,,2026-08-22,140,0,0,0,0,0,140,0,0,0,0,0,/,2026-07-09,,암수,수44
JADON,1-5,,2026-08-22,139,0,0,0,0,0,139,0,0,0,0,0,/,2026-07-09,,암,
JADON,1-6,,2026-08-22,129,0,0,0,0,0,129,0,0,0,0,0,/,2026-07-09,,암,
JADON,1-7,,2026-08-22,131,0,0,0,0,0,131,0,0,0,0,0,/,2026-07-09,,수,
JADON,1-8,,2026-08-22,132,0,0,0,0,0,132,0,0,0,0,0,8-6,2026-07-16,4.9,수,
JADON,1-9,,2026-08-22,129,0,0,0,0,0,129,0,0,0,0,0,/,2026-07-16,,암수,암42
JADON,2-1,,2026-08-22,139,0,0,0,0,1,138,0,0,0,0,0,/,2026-07-23,,암수,35암
JADON,2-10,,2026-08-22,139,0,0,0,0,0,139,0,0,0,0,0,/,,,암,
JADON,2-11,,2026-08-22,151,0,0,0,0,0,151,0,0,0,0,0,/,,,수,
JADON,2-12,,2026-08-22,130,0,0,0,0,0,130,0,0,0,0,0,7-23,2026-07-02,5,암,
JADON,2-13,,2026-08-22,129,0,0,0,0,0,129,0,0,0,0,0,/,2026-07-02,,암,암68
JADON,2-14,,2026-08-22,132,0,0,0,0,0,132,0,0,0,0,0,/,2026-07-02,,암,
JADON,2-2,,2026-08-22,132,0,0,0,0,1,131,0,0,0,0,0,,2026-07-23,,수,
JADON,2-3,,2026-08-22,132,0,0,0,0,0,132,0,0,0,0,0,/,2026-07-23,,암,
JADON,2-4,,2026-08-22,204,0,0,0,0,0,204,0,0,0,0,0,8/20,2026-07-30,5.2,암,
JADON,2-5,,2026-08-22,199,0,0,0,0,0,199,0,0,0,0,0,/,2026-07-30,,암/수,93암
JADON,2-6,,2026-08-22,202,0,0,0,0,0,202,0,0,0,0,0,/,2026-07-30,,수,
JADON,2-7,,2026-08-22,139,0,0,0,0,0,139,0,0,0,0,0,7-16,,5.4,암,
JADON,2-8,,2026-08-22,128,0,0,0,0,0,128,0,0,0,0,0,/,,,암수,암68
JADON,2-9,,2026-08-22,139,0,0,0,0,0,139,0,0,0,0,0,/,,,수,
JONGBU,,BOAR,2026-08-22,0,0,0,0,0,0,0,0,0,0,0,0,,,,,
JONGBU,,CAND_F,2026-08-22,33,0,0,0,0,0,33,0,0,0,0,0,,,,,
JONGBU,,PREG,2026-08-22,257,0,10,0,0,0,247,0,0,0,0,0,,,,,
JONGBU,,STAY_L,2026-08-22,0,0,0,0,0,0,0,0,0,0,0,0,,,,,
JONGBU,,STAY_S,2026-08-22,0,0,0,0,0,0,0,0,0,0,0,0,,,,,
JONGBU,,WEAN_PIG,2026-08-22,0,0,0,0,0,0,0,0,0,0,0,0,,,,,
SUNCHI,,CAND_F,2026-08-22,184,0,0,0,0,0,184,0,0,0,0,0,,,,,
SUNCHI,,CAND_M,2026-08-22,12,0,0,0,0,0,12,0,0,0,0,0,,,,,
SUNCHI,,PREG,2026-08-22,0,0,0,0,0,0,0,0,0,0,0,0,,,,,
SUNCHI,,STAY,2026-08-22,10,0,0,0,0,0,10,0,0,0,0,0,,,,,
SUNCHI,,WEAN_SOW,2026-08-22,56,0,0,0,0,0,56,0,0,0,0,0,,,,,
YUKSUNG,1-1,,2026-08-22,411,0,0,0,0,0,411,0,0,0,0,0,2026-08-10,2026-06-11,kg,수,
YUKSUNG,1-2,,2026-08-22,407,0,0,0,0,0,407,0,0,0,0,0,2026-08-17,2026-06-18,kg,수,
YUKSUNG,1-3,,2026-08-22,0,0,0,0,0,0,0,0,0,0,0,0,,,kg,수,
YUKSUNG,1-4,,2026-08-22,34,0,0,0,0,0,34,0,0,0,0,0,2026-07-13,2026-05-14,kg,수,
YUKSUNG,1-5,,2026-08-22,397,0,0,0,0,0,397,0,0,0,0,0,2026-07-20,2026-05-21,kg,수,
YUKSUNG,1-6,,2026-08-22,409,0,0,0,0,0,409,0,0,0,0,0,2026-07-27,2026-05-28,kg,수,
YUKSUNG,1-7,,2026-08-22,400,0,0,0,0,0,400,0,0,0,0,0,2026-08-03,2026-06-04,kg,수,
YUKSUNG,2-1,,2026-08-22,140,0,0,0,0,0,140,0,0,0,0,0,,,kg,암,
YUKSUNG,2-2,,2026-08-22,267,0,0,0,0,0,267,0,0,0,0,0,2026-08-10,2026-06-11,kg,암,
YUKSUNG,2-3,,2026-08-22,268,0,0,0,0,1,267,0,0,0,0,0,2026-08-17,2026-06-18,kg,암,
YUKSUNG,2-4,,2026-08-22,0,0,0,0,0,0,0,0,0,0,0,0,2026-07-14,2026-05-14,kg,암,
YUKSUNG,2-5,,2026-08-22,0,0,0,0,0,0,0,0,0,0,0,0,,,kg,암,
YUKSUNG,2-6,,2026-08-22,40,0,0,0,0,0,40,0,0,0,0,0,2026-07-20,2026-05-21,kg,암,
YUKSUNG,2-7,,2026-08-22,241,0,0,0,0,0,241,0,0,0,0,0,2026-07-27,2026-05-28,kg,암,
YUKSUNG,2-8,,2026-08-22,227,0,0,0,0,1,226,0,0,0,0,0,2026-08-03,2026-06-04,kg,암,
BIYUK_M,1-1,,2026-08-23,147,0,0,0,55,0,92,0,0,0,0,0,2026-06-02,2026-03-05,kg,,
BIYUK_M,1-2,,2026-08-23,194,0,0,0,33,0,161,0,0,0,0,0,2026-06-02,2026-03-05,kg,,
BIYUK_M,1-3,,2026-08-23,208,0,0,0,60,0,148,0,0,0,0,0,2026-06-09,2026-03-12,kg,,
BIYUK_M,1-4,,2026-08-23,179,0,0,0,0,0,179,0,0,0,0,0,2026-06-09,2026-03-12,kg,,
BIYUK_M,1-5,,2026-08-23,206,0,0,0,0,0,206,0,0,0,0,0,2026-06-15,2026-03-19,kg,,
BIYUK_M,1-6,,2026-08-23,178,0,0,0,0,1,177,0,0,0,0,0,2026-06-15,2026-03-26,kg,,
BIYUK_M,3-1,,2026-08-23,196,0,0,0,0,0,196,0,0,0,0,0,2026-06-23,2026-03-26,kg,,
BIYUK_M,3-2,,2026-08-23,192,0,0,0,0,0,192,0,0,0,0,0,2026-06-23,2026-04-04,kg,,
BIYUK_M,3-3,,2026-08-23,198,0,0,0,0,0,198,0,0,0,0,0,2026-06-30,2026-04-04,kg,,
BIYUK_M,3-4,,2026-08-23,195,0,0,0,0,0,195,0,0,0,0,0,2026-06-30,2026-04-09,kg,,
BIYUK_M,3-5,,2026-08-23,204,0,0,0,0,0,204,0,0,0,0,0,2026-07-15,2026-04-09,kg,,
BIYUK_M,3-6,,2026-08-23,209,0,0,0,0,0,209,0,0,0,0,0,2026-07-15,2026-04-17,kg,,
BIYUK_M,4-1,,2026-08-23,181,0,0,0,0,0,181,0,0,0,0,0,2026-07-21,2026-04-17,kg,,
BIYUK_M,4-2,,2026-08-23,183,0,0,0,0,0,183,0,0,0,0,0,2026-07-21,2026-04-17,kg,,
BIYUK_M,4-3,,2026-08-23,182,0,0,0,0,0,182,0,0,0,0,0,2026-07-28,2026-04-30,kg,,
BIYUK_M,4-4,,2026-08-23,184,0,0,0,0,0,184,0,0,0,0,0,2026-07-28,2026-04-30,kg,,
BIYUK_M,4-5,,2026-08-23,184,0,0,0,0,1,183,0,0,0,0,0,2026-08-04,2026-05-07,kg,,
BIYUK_M,4-6,,2026-08-23,198,0,0,0,0,0,198,0,0,0,0,0,2026-08-04,2026-05-07,kg,,
BIYUK_M,5-1,,2026-08-23,187,0,0,0,0,0,187,0,0,0,0,0,2026-08-18,2026-05-14,kg,,
BIYUK_M,5-2,,2026-08-23,175,0,0,0,0,0,175,0,0,0,0,0,2026-08-18,2026-05-21,kg,,
BIYUK_M,5-3,,2026-08-23,0,0,0,0,0,0,0,0,0,0,0,0,/,,kg,,
BIYUK_M,5-4,,2026-08-23,0,0,0,0,0,0,0,0,0,0,0,0,/,,kg,,
BIYUK_M,5-5,,2026-08-23,0,0,0,0,0,0,0,0,0,0,0,0,/,,kg,,
BIYUK_M,5-6,,2026-08-23,22,0,0,0,22,0,0,0,0,0,0,0,2026-05-19,2026-02-26,kg,,
BIYUK_M,6-1,,2026-08-23,0,0,0,0,0,0,0,0,0,0,0,0,2026-05-26,2026-02-26,kg,,
BIYUK_M,6-2,,2026-08-23,54,0,0,0,0,0,54,0,0,0,0,0,2026-05-26,2026-02-26,kg,,
BIYUK_M,6-3,,2026-08-23,27,0,0,0,27,0,0,0,0,0,0,0,2026-05-26,2026-02-26,kg,,
BIYUK_M,6-4,,2026-08-23,15,0,0,0,15,0,0,0,0,0,0,0,2026-05-26,2026-02-26,kg,,
BUNMAN1,1-1,LACT_SOW,2026-08-23,12,0,0,0,0,0,12,0,0,0,0,0,2026-08-12,,,,
BUNMAN1,1-1,SUCK,2026-08-23,143,0,0,0,0,0,143,0,0,0,0,0,2026-08-12,,,,
BUNMAN1,1-10,LACT_SOW,2026-08-23,11,0,0,0,0,0,11,0,0,0,0,0,,,,,
BUNMAN1,1-10,SUCK,2026-08-23,130,0,0,0,0,0,130,0,0,0,0,0,,,,,
BUNMAN1,1-2,LACT_SOW,2026-08-23,12,0,0,0,0,0,12,0,0,0,0,0,,,,,
BUNMAN1,1-2,SUCK,2026-08-23,109,0,0,0,0,0,109,0,0,0,0,0,,,,,
BUNMAN1,1-3,LACT_SOW,2026-08-23,12,0,0,0,0,0,12,0,0,0,0,0,,,,,
BUNMAN1,1-3,SUCK,2026-08-23,122,0,0,0,0,0,122,0,0,0,0,0,,,,,
BUNMAN1,1-4,LACT_SOW,2026-08-23,12,0,0,0,0,0,12,0,0,0,0,0,,,,,
BUNMAN1,1-4,SUCK,2026-08-23,116,0,0,0,0,2,114,0,0,0,0,0,,,,,
BUNMAN1,1-5,LACT_SOW,2026-08-23,8,0,0,0,0,0,8,0,0,0,0,0,,,,,
BUNMAN1,1-5,SUCK,2026-08-23,104,0,0,0,0,1,103,0,0,0,0,0,,,,,
BUNMAN1,1-6,LACT_SOW,2026-08-23,12,0,0,0,0,0,12,0,0,0,0,0,2026-07-09,,,,
BUNMAN1,1-6,SUCK,2026-08-23,132,0,0,0,0,0,132,0,0,0,0,0,2026-07-09,,,,
BUNMAN1,1-7,LACT_SOW,2026-08-23,12,0,0,0,0,0,12,0,0,0,0,0,2026-07-12,,,,
BUNMAN1,1-7,SUCK,2026-08-23,140,0,0,0,0,1,139,0,0,0,0,0,2026-07-12,,,,
BUNMAN1,1-8,LACT_SOW,2026-08-23,12,0,0,0,0,0,12,0,0,0,0,0,,,,,
BUNMAN1,1-8,SUCK,2026-08-23,144,0,0,0,0,0,144,0,0,0,0,0,,,,,
BUNMAN1,1-9,LACT_SOW,2026-08-23,12,0,0,0,0,0,12,0,0,0,0,0,,,,,
BUNMAN1,1-9,SUCK,2026-08-23,151,0,0,0,0,1,150,0,0,0,0,0,,,,,
BUNMAN2,2-1,LACT_SOW,2026-08-23,12,0,0,0,0,0,12,0,0,0,0,0,2026-08-16,,,,
BUNMAN2,2-1,SUCK,2026-08-23,133,0,0,0,0,0,133,0,0,0,0,0,2026-08-16,,,,
BUNMAN2,2-10,FARROW_WAIT,2026-08-23,0,12,0,0,0,0,12,0,0,0,0,0,2026-08-23,,,,
BUNMAN2,2-11,FARROW_WAIT,2026-08-23,12,0,0,0,0,0,12,0,0,0,0,0,2026-08-23,,,,
BUNMAN2,2-2,LACT_SOW,2026-08-23,12,0,0,0,0,0,12,0,0,0,0,0,2026-08-16,,,,
BUNMAN2,2-2,SUCK,2026-08-23,132,0,0,0,0,1,131,0,0,0,0,0,2026-08-16,,,,
BUNMAN2,2-3,LACT_SOW,2026-08-23,12,0,0,0,0,0,12,0,0,0,0,0,2026-08-16,,,,
BUNMAN2,2-3,SUCK,2026-08-23,148,0,0,0,0,1,147,0,0,0,0,0,2026-08-16,,,,
BUNMAN2,2-4,FARROW_WAIT,2026-08-23,3,0,0,1,0,0,2,0,0,0,0,0,2026-08-16,,,,
BUNMAN2,2-4,LACT_SOW,2026-08-23,8,1,0,0,0,0,9,0,0,0,0,0,2026-08-16,,,,
BUNMAN2,2-4,SUCK,2026-08-23,104,14,0,0,0,1,117,0,0,0,0,0,2026-08-16,,,,
BUNMAN2,2-5,FARROW_WAIT,2026-08-23,11,0,0,0,0,0,11,0,0,0,0,0,2026-08-16,,,,
BUNMAN2,2-6,FARROW_WAIT,2026-08-23,0,12,0,0,0,0,12,0,0,0,0,0,2026-08-16,,,,
BUNMAN2,2-7,FARROW_WAIT,2026-08-23,0,12,0,0,0,0,12,0,0,0,0,0,2026-08-23,,,,
BUNMAN2,2-8,FARROW_WAIT,2026-08-23,0,12,0,0,0,0,12,0,0,0,0,0,2026-08-23,,,,
BUNMAN2,2-9,FARROW_WAIT,2026-08-23,0,11,0,0,0,0,11,0,0,0,0,0,2026-08-23,,,,
GEOMJUNG,1-1,,2026-08-23,0,0,0,0,0,0,0,0,0,0,0,0,2026-05-25,2026-02-13,kg,,
GEOMJUNG,1-2,,2026-08-23,0,0,0,0,0,0,0,0,0,0,0,0,2026-05-25,2026-02-13,kg,,
GEOMJUNG,1-3,,2026-08-23,58,0,0,0,0,0,58,0,0,0,0,0,2026-02-25,2026-02-13,kg,,
GEOMJUNG,1-4,,2026-08-23,8,0,0,0,0,1,7,0,0,0,0,0,2026-05-25,2026-02-13,kg,,
GEOMJUNG,1-5,,2026-08-23,68,0,0,0,0,0,68,0,0,0,0,0,2026-05-25,2026-02-13,kg,,
GEOMJUNG,1-6,,2026-08-23,81,0,0,0,0,0,81,0,0,0,0,0,2026-05-25,2026-02-13,kg,,
GEOMJUNG,1-7,,2026-08-23,89,0,0,0,0,0,89,0,0,0,0,0,2026-06-14,2026-03-05,kg,,
GEOMJUNG,1-8,,2026-08-23,33,0,0,0,0,0,33,0,0,0,0,0,2026-06-14,2026-03-05,kg,,
GEOMJUNG,2-1,,2026-08-23,73,0,0,0,0,0,73,0,0,0,0,0,2026-06-15,2026-03-12,kg,,
GEOMJUNG,2-2,,2026-08-23,75,0,0,0,0,0,75,0,0,0,0,0,2026-06-15,2026-03-12,kg,,
GEOMJUNG,2-3,,2026-08-23,74,0,0,0,0,0,74,0,0,0,0,0,2026-06-15,2026-03-12,kg,,
GEOMJUNG,2-4,,2026-08-23,62,0,0,0,0,0,62,0,0,0,0,0,2026-06-09,2026-03-05,kg,,
GEOMJUNG,2-5,,2026-08-23,85,0,0,0,0,0,85,0,0,0,0,0,2026-06-09,2026-03-05,kg,,
GEOMJUNG,2-6,,2026-08-23,64,0,0,0,0,0,64,0,0,0,0,0,2026-06-09,2026-03-05,kg,,
GEOMJUNG,2-7,,2026-08-23,42,0,0,0,0,0,42,0,0,0,0,0,2026-06-09,2026-03-05,kg,,
GEOMJUNG,2-8,,2026-08-23,22,0,0,0,0,0,22,0,0,0,0,0,2026-06-09,2026-03-05,kg,,
GEOMJUNG,3-1,,2026-08-23,80,0,0,0,0,0,80,0,0,0,0,0,2026-06-23,2026-03-19,kg,,
GEOMJUNG,3-2,,2026-08-23,65,0,0,0,0,0,65,0,0,0,0,0,2026-06-23,2026-03-26,kg,,
GEOMJUNG,3-3,,2026-08-23,81,0,0,0,0,0,81,0,0,0,0,0,2026-06-23,2026-03-26,kg,,
GEOMJUNG,3-4,,2026-08-23,88,0,0,0,0,0,88,0,0,0,0,0,2026-06-30,2026-03-26,kg,,
GEOMJUNG,3-5,,2026-08-23,89,0,0,0,0,0,89,0,0,0,0,0,2026-06-30,2026-04-04,kg,,
GEOMJUNG,3-6,,2026-08-23,75,0,0,0,0,0,75,0,0,0,0,0,2026-06-30,2026-04-04,kg,,
GEOMJUNG,3-7,,2026-08-23,92,0,0,0,0,0,92,0,0,0,0,0,2026-06-15,2026-04-04,kg,,
GEOMJUNG,3-8,,2026-08-23,48,0,0,0,0,0,48,0,0,0,0,0,2026-06-15,2026-04-09,kg,,
GEOMJUNG,4-1,,2026-08-23,100,0,0,0,0,0,100,0,0,0,0,0,2026-07-28,2026-04-17,kg,,
GEOMJUNG,4-2,,2026-08-23,97,0,0,0,0,0,97,0,0,0,0,0,2026-07-28,2026-04-17,kg,,
GEOMJUNG,4-3,,2026-08-23,99,0,0,0,0,0,99,0,0,0,0,0,2026-07-21,2026-04-17,kg,,
GEOMJUNG,4-4,,2026-08-23,100,0,0,0,0,0,100,0,0,0,0,0,2026-07-21,2026-04-09,kg,,
GEOMJUNG,4-5,,2026-08-23,100,0,0,0,0,0,100,0,0,0,0,0,2026-07-21,2026-04-09,kg,,
GEOMJUNG,4-6,,2026-08-23,97,0,0,0,0,0,97,0,0,0,0,0,2026-07-21,2026-04-09,kg,,
GEOMJUNG,4-7,,2026-08-23,100,0,0,0,0,0,100,0,0,0,0,0,2026-07-21,2026-04-09,kg,,
GEOMJUNG,4-8,,2026-08-23,49,0,0,0,0,0,49,0,0,0,0,0,2026-07-21,2026-04-09,kg,,
GEOMJUNG,5-1,,2026-08-23,100,0,0,0,0,0,100,0,0,0,0,0,2026-08-18,2026-05-14,kg,,
GEOMJUNG,5-2,,2026-08-23,100,0,0,0,0,0,100,0,0,0,0,0,2026-08-18,2026-05-14,kg,,
GEOMJUNG,5-3,,2026-08-23,100,0,0,0,0,0,100,0,0,0,0,0,2026-08-18,2026-05-14,kg,,
GEOMJUNG,5-4,,2026-08-23,100,0,0,0,0,0,100,0,0,0,0,0,2026-08-18,2026-05-14,kg,,
GEOMJUNG,5-5,,2026-08-23,99,0,0,0,0,0,99,0,0,0,0,0,2026-08-04,2026-05-04,kg,,
GEOMJUNG,5-6,,2026-08-23,100,0,0,0,0,0,100,0,0,0,0,0,2026-08-04,2026-05-04,kg,,
GEOMJUNG,5-7,,2026-08-23,100,0,0,0,0,0,100,0,0,0,0,0,2026-08-04,2026-05-04,kg,,
GEOMJUNG,5-8,,2026-08-23,100,0,0,0,0,0,100,0,0,0,0,0,2026-08-04,2026-05-04,kg,,
IMSIN1,,CAND_F,2026-08-23,0,0,0,0,0,0,0,0,0,0,0,0,,,,,
IMSIN1,,PREG,2026-08-23,359,40,54,0,0,0,345,0,0,0,0,0,,,,,
IMSIN1,,STAY_S,2026-08-23,0,0,0,0,0,0,0,0,0,0,0,0,,,,,
IMSIN2,,CAND_F,2026-08-23,0,0,0,0,0,0,0,0,0,0,0,0,,,,,
IMSIN2,,PREG,2026-08-23,359,0,5,0,0,0,354,0,0,0,0,0,,,,,
IMSIN2,,STAY_S,2026-08-23,0,0,0,0,0,0,0,0,0,0,0,0,,,,,
JADON,1-1,,2026-08-23,130,0,0,0,0,0,130,0,0,0,0,0,2026-07-23,2026-07-02,5,암,
JADON,1-10,,2026-08-23,131,0,0,0,0,0,131,0,0,0,0,0,/,2026-07-16,,암,
JADON,1-11,,2026-08-23,130,0,0,0,0,0,130,0,0,0,0,0,,2026-07-16,,암,
JADON,1-12,,2026-08-23,134,0,0,0,0,0,134,0,0,0,0,0,/,2026-07-16,,수,암55
JADON,1-13,,2026-08-23,132,0,0,0,0,0,132,0,0,0,0,0,8-13,2026-07-23,4.92,암,
JADON,1-14,,2026-08-23,132,0,0,0,0,0,132,0,0,0,0,0,/,2026-07-23,,수,
JADON,1-2,,2026-08-23,129,0,0,0,0,0,129,0,0,0,0,0,/,2026-07-02,,수,
JADON,1-3,,2026-08-23,140,0,0,0,0,0,140,0,0,0,0,0,7-30,2026-07-09,4.8,수,
JADON,1-4,,2026-08-23,140,0,0,0,0,0,140,0,0,0,0,0,/,2026-07-09,,암수,수44
JADON,1-5,,2026-08-23,139,0,0,0,0,0,139,0,0,0,0,0,/,2026-07-09,,암,
JADON,1-6,,2026-08-23,129,0,0,0,0,0,129,0,0,0,0,0,/,2026-07-09,,암,
JADON,1-7,,2026-08-23,131,0,0,0,0,0,131,0,0,0,0,0,/,2026-07-09,,수,
JADON,1-8,,2026-08-23,132,0,0,0,0,1,131,0,0,0,0,0,8-6,2026-07-16,4.9,수,
JADON,1-9,,2026-08-23,129,0,0,0,0,0,129,0,0,0,0,0,/,2026-07-16,,암수,암42
JADON,2-1,,2026-08-23,138,0,0,0,0,0,138,0,0,0,0,0,/,2026-07-23,,암수,35암
JADON,2-10,,2026-08-23,139,0,0,0,0,0,139,0,0,0,0,0,/,,,암,
JADON,2-11,,2026-08-23,151,0,0,0,0,0,151,0,0,0,0,0,/,,,수,
JADON,2-12,,2026-08-23,130,0,0,0,0,0,130,0,0,0,0,0,7-23,2026-07-02,5,암,
JADON,2-13,,2026-08-23,129,0,0,0,0,0,129,0,0,0,0,0,/,2026-07-02,,암,암68
JADON,2-14,,2026-08-23,132,0,0,0,0,0,132,0,0,0,0,0,/,2026-07-02,,암,
JADON,2-2,,2026-08-23,131,0,0,0,0,0,131,0,0,0,0,0,,2026-07-23,,수,
JADON,2-3,,2026-08-23,132,0,0,0,0,0,132,0,0,0,0,0,/,2026-07-23,,암,
JADON,2-4,,2026-08-23,204,0,0,0,0,0,204,0,0,0,0,0,8/20,2026-07-30,5.2,암,
JADON,2-5,,2026-08-23,199,0,0,0,0,0,199,0,0,0,0,0,/,2026-07-30,,암/수,93암
JADON,2-6,,2026-08-23,202,0,0,0,0,0,202,0,0,0,0,0,/,2026-07-30,,수,
JADON,2-7,,2026-08-23,139,0,0,0,0,0,139,0,0,0,0,0,7-16,,5.4,암,
JADON,2-8,,2026-08-23,128,0,0,0,0,0,128,0,0,0,0,0,/,,,암수,암68
JADON,2-9,,2026-08-23,139,0,0,0,0,0,139,0,0,0,0,0,/,,,수,
JONGBU,,BOAR,2026-08-23,0,0,0,0,0,0,0,0,0,0,0,0,,,,,
JONGBU,,CAND_F,2026-08-23,33,0,0,0,0,0,33,0,0,0,0,0,,,,,
JONGBU,,PREG,2026-08-23,247,0,40,0,0,0,207,0,0,0,0,0,,,,,
JONGBU,,STAY_L,2026-08-23,0,0,0,0,0,0,0,0,0,0,0,0,,,,,
JONGBU,,STAY_S,2026-08-23,0,0,0,0,0,0,0,0,0,0,0,0,,,,,
JONGBU,,WEAN_PIG,2026-08-23,0,55,0,0,0,0,55,0,0,0,0,0,,,,,
SUNCHI,,CAND_F,2026-08-23,184,0,0,0,0,0,184,0,0,0,0,0,,,,,
SUNCHI,,CAND_M,2026-08-23,12,0,0,0,0,0,12,0,0,0,0,0,,,,,
SUNCHI,,PREG,2026-08-23,0,0,0,0,0,0,0,0,0,0,0,0,,,,,
SUNCHI,,STAY,2026-08-23,10,0,0,0,0,0,10,0,0,0,0,0,,,,,
SUNCHI,,WEAN_SOW,2026-08-23,56,0,55,0,0,0,1,0,0,0,0,0,,,,,
YUKSUNG,1-1,,2026-08-23,411,0,0,0,0,0,411,0,0,0,0,0,2026-08-10,2026-06-11,kg,수,
YUKSUNG,1-2,,2026-08-23,407,0,0,0,0,1,406,0,0,0,0,0,2026-08-17,2026-06-18,kg,수,
YUKSUNG,1-3,,2026-08-23,0,0,0,0,0,0,0,0,0,0,0,0,,,kg,수,
YUKSUNG,1-4,,2026-08-23,34,0,0,0,0,0,34,0,0,0,0,0,2026-07-13,2026-05-14,kg,수,
YUKSUNG,1-5,,2026-08-23,397,0,0,0,0,1,396,0,0,0,0,0,2026-07-20,2026-05-21,kg,수,
YUKSUNG,1-6,,2026-08-23,409,0,0,0,0,0,409,0,0,0,0,0,2026-07-27,2026-05-28,kg,수,
YUKSUNG,1-7,,2026-08-23,400,0,0,0,0,0,400,0,0,0,0,0,2026-08-03,2026-06-04,kg,수,
YUKSUNG,2-1,,2026-08-23,140,0,0,0,0,0,140,0,0,0,0,0,,,kg,암,
YUKSUNG,2-2,,2026-08-23,267,0,0,0,0,0,267,0,0,0,0,0,2026-08-10,2026-06-11,kg,암,
YUKSUNG,2-3,,2026-08-23,267,0,0,0,0,0,267,0,0,0,0,0,2026-08-17,2026-06-18,kg,암,
YUKSUNG,2-4,,2026-08-23,0,0,0,0,0,0,0,0,0,0,0,0,2026-07-14,2026-05-14,kg,암,
YUKSUNG,2-5,,2026-08-23,0,0,0,0,0,0,0,0,0,0,0,0,,,kg,암,
YUKSUNG,2-6,,2026-08-23,40,0,0,0,0,0,40,0,0,0,0,0,2026-07-20,2026-05-21,kg,암,
YUKSUNG,2-7,,2026-08-23,241,0,0,0,0,0,241,0,0,0,0,0,2026-07-27,2026-05-28,kg,암,
YUKSUNG,2-8,,2026-08-23,226,0,0,0,0,0,226,0,0,0,0,0,2026-08-03,2026-06-04,kg,암,
BIYUK_M,1-1,,2026-08-24,92,0,0,0,0,0,92,0,0,0,0,0,2026-06-02,2026-03-05,kg,,
BIYUK_M,1-2,,2026-08-24,161,0,0,0,0,0,161,0,0,0,0,0,2026-06-02,2026-03-05,kg,,
BIYUK_M,1-3,,2026-08-24,148,0,0,0,0,0,148,0,0,0,0,0,2026-06-09,2026-03-12,kg,,
BIYUK_M,1-4,,2026-08-24,179,0,0,0,0,0,179,0,0,0,0,0,2026-06-09,2026-03-12,kg,,
BIYUK_M,1-5,,2026-08-24,206,0,0,0,0,0,206,0,0,0,0,0,2026-06-15,2026-03-19,kg,,
BIYUK_M,1-6,,2026-08-24,177,0,0,0,0,0,177,0,0,0,0,0,2026-06-15,2026-03-26,kg,,
BIYUK_M,3-1,,2026-08-24,196,0,0,0,0,0,196,0,0,0,0,0,2026-06-23,2026-03-26,kg,,
BIYUK_M,3-2,,2026-08-24,192,0,0,0,0,0,192,0,0,0,0,0,2026-06-23,2026-04-04,kg,,
BIYUK_M,3-3,,2026-08-24,198,0,0,0,0,0,198,0,0,0,0,0,2026-06-30,2026-04-04,kg,,
BIYUK_M,3-4,,2026-08-24,195,0,0,0,0,0,195,0,0,0,0,0,2026-06-30,2026-04-09,kg,,
BIYUK_M,3-5,,2026-08-24,204,0,0,0,0,0,204,0,0,0,0,0,2026-07-15,2026-04-09,kg,,
BIYUK_M,3-6,,2026-08-24,209,0,0,0,0,0,209,0,0,0,0,0,2026-07-15,2026-04-17,kg,,
BIYUK_M,4-1,,2026-08-24,181,0,0,0,0,0,181,0,0,0,0,0,2026-07-21,2026-04-17,kg,,
BIYUK_M,4-2,,2026-08-24,183,0,0,0,0,0,183,0,0,0,0,0,2026-07-21,2026-04-17,kg,,
BIYUK_M,4-3,,2026-08-24,182,0,0,0,0,0,182,0,0,0,0,0,2026-07-28,2026-04-30,kg,,
BIYUK_M,4-4,,2026-08-24,184,0,0,0,0,0,184,0,0,0,0,0,2026-07-28,2026-04-30,kg,,
BIYUK_M,4-5,,2026-08-24,183,0,0,0,0,0,183,0,0,0,0,0,2026-08-04,2026-05-07,kg,,
BIYUK_M,4-6,,2026-08-24,198,0,0,0,0,0,198,0,0,0,0,0,2026-08-04,2026-05-07,kg,,
BIYUK_M,5-1,,2026-08-24,187,0,0,0,0,0,187,0,0,0,0,0,2026-08-18,2026-05-14,kg,,
BIYUK_M,5-2,,2026-08-24,175,0,0,0,0,0,175,0,0,0,0,0,2026-08-18,2026-05-21,kg,,
BIYUK_M,5-3,,2026-08-24,0,0,0,0,0,0,0,0,0,0,0,0,/,,kg,,
BIYUK_M,5-4,,2026-08-24,0,0,0,0,0,0,0,0,0,0,0,0,/,,kg,,
BIYUK_M,5-5,,2026-08-24,0,0,0,0,0,0,0,0,0,0,0,0,/,,kg,,
BIYUK_M,5-6,,2026-08-24,0,0,0,0,0,0,0,0,0,0,0,0,2026-05-19,2026-02-26,kg,,
BIYUK_M,6-1,,2026-08-24,0,0,0,0,0,0,0,0,0,0,0,0,2026-05-26,2026-02-26,kg,,
BIYUK_M,6-2,,2026-08-24,54,0,0,0,0,0,54,0,0,0,0,0,2026-05-26,2026-02-26,kg,,
BIYUK_M,6-3,,2026-08-24,0,0,0,0,0,0,0,0,0,0,0,0,2026-05-26,2026-02-26,kg,,
BIYUK_M,6-4,,2026-08-24,0,0,0,0,0,0,0,0,0,0,0,0,2026-05-26,2026-02-26,kg,,
BUNMAN1,1-1,LACT_SOW,2026-08-24,12,0,0,0,0,0,12,0,0,0,0,0,2026-08-12,,,,
BUNMAN1,1-1,SUCK,2026-08-24,143,0,0,0,0,0,143,0,0,0,0,0,2026-08-12,,,,
BUNMAN1,1-10,LACT_SOW,2026-08-24,11,0,0,0,0,0,11,0,0,0,0,0,,,,,
BUNMAN1,1-10,SUCK,2026-08-24,130,0,0,0,0,0,130,0,0,0,0,0,,,,,
BUNMAN1,1-2,LACT_SOW,2026-08-24,12,0,0,0,0,0,12,0,0,0,0,0,,,,,
BUNMAN1,1-2,SUCK,2026-08-24,109,0,0,0,0,0,109,0,0,0,0,0,,,,,
BUNMAN1,1-3,LACT_SOW,2026-08-24,12,0,0,0,0,0,12,0,0,0,0,0,,,,,
BUNMAN1,1-3,SUCK,2026-08-24,122,0,0,0,0,0,122,0,0,0,0,0,,,,,
BUNMAN1,1-4,LACT_SOW,2026-08-24,12,0,0,0,0,0,12,0,0,0,0,0,,,,,
BUNMAN1,1-4,SUCK,2026-08-24,114,0,0,0,0,0,114,0,0,0,0,0,,,,,
BUNMAN1,1-5,LACT_SOW,2026-08-24,8,0,0,0,0,0,8,0,0,0,0,0,,,,,
BUNMAN1,1-5,SUCK,2026-08-24,103,0,0,0,0,0,103,0,0,0,0,0,,,,,
BUNMAN1,1-6,LACT_SOW,2026-08-24,12,0,0,0,0,0,12,0,0,0,0,0,2026-07-09,,,,
BUNMAN1,1-6,SUCK,2026-08-24,132,0,0,0,0,0,132,0,0,0,0,0,2026-07-09,,,,
BUNMAN1,1-7,LACT_SOW,2026-08-24,12,0,0,0,0,0,12,0,0,0,0,0,2026-07-12,,,,
BUNMAN1,1-7,SUCK,2026-08-24,139,0,0,0,0,0,139,0,0,0,0,0,2026-07-12,,,,
BUNMAN1,1-8,LACT_SOW,2026-08-24,12,0,0,0,0,0,12,0,0,0,0,0,,,,,
BUNMAN1,1-8,SUCK,2026-08-24,144,0,0,0,0,1,143,0,0,0,0,0,,,,,
BUNMAN1,1-9,LACT_SOW,2026-08-24,12,0,0,0,0,0,12,0,0,0,0,0,,,,,
BUNMAN1,1-9,SUCK,2026-08-24,150,0,0,0,0,0,150,0,0,0,0,0,,,,,
BUNMAN2,2-1,LACT_SOW,2026-08-24,12,0,0,0,0,0,12,0,0,0,0,0,2026-08-16,,,,
BUNMAN2,2-1,SUCK,2026-08-24,133,0,0,0,0,0,133,0,0,0,0,0,2026-08-16,,,,
BUNMAN2,2-10,FARROW_WAIT,2026-08-24,12,0,0,0,0,0,12,0,0,0,0,0,2026-08-23,,,,
BUNMAN2,2-11,FARROW_WAIT,2026-08-24,12,0,0,0,0,0,12,0,0,0,0,0,2026-08-23,,,,
BUNMAN2,2-2,LACT_SOW,2026-08-24,12,0,0,0,0,0,12,0,0,0,0,0,2026-08-16,,,,
BUNMAN2,2-2,SUCK,2026-08-24,131,0,0,0,0,0,131,0,0,0,0,0,2026-08-16,,,,
BUNMAN2,2-3,LACT_SOW,2026-08-24,12,0,0,0,0,0,12,0,0,0,0,0,2026-08-16,,,,
BUNMAN2,2-3,SUCK,2026-08-24,147,0,0,0,0,1,146,0,0,0,0,0,2026-08-16,,,,
BUNMAN2,2-4,FARROW_WAIT,2026-08-24,2,0,0,2,0,0,0,0,0,0,0,0,2026-08-16,,,,
BUNMAN2,2-4,LACT_SOW,2026-08-24,9,2,0,0,0,0,11,0,0,0,0,0,2026-08-16,,,,
BUNMAN2,2-4,SUCK,2026-08-24,117,25,0,0,0,1,141,0,0,0,0,0,2026-08-16,,,,
BUNMAN2,2-5,FARROW_WAIT,2026-08-24,11,0,0,0,0,0,11,0,0,0,0,0,2026-08-16,,,,
BUNMAN2,2-6,FARROW_WAIT,2026-08-24,12,0,0,1,0,0,11,0,0,0,0,0,2026-08-16,,,,
BUNMAN2,2-6,LACT_SOW,2026-08-24,0,1,0,0,0,0,1,0,0,0,0,0,2026-08-16,,,,
BUNMAN2,2-6,SUCK,2026-08-24,0,14,0,0,0,0,14,0,0,0,0,0,2026-08-16,,,,
BUNMAN2,2-7,FARROW_WAIT,2026-08-24,12,0,0,0,0,0,12,0,0,0,0,0,2026-08-23,,,,
BUNMAN2,2-8,FARROW_WAIT,2026-08-24,12,0,0,0,0,0,12,0,0,0,0,0,2026-08-23,,,,
BUNMAN2,2-9,FARROW_WAIT,2026-08-24,11,0,0,0,0,0,11,0,0,0,0,0,2026-08-23,,,,
GEOMJUNG,1-1,,2026-08-24,0,0,0,0,0,0,0,0,0,0,0,0,2026-05-25,2026-02-13,kg,,
GEOMJUNG,1-2,,2026-08-24,0,0,0,0,0,0,0,0,0,0,0,0,2026-05-25,2026-02-13,kg,,
GEOMJUNG,1-3,,2026-08-24,58,0,58,0,0,0,0,0,0,0,0,0,2026-02-25,2026-02-13,kg,,
GEOMJUNG,1-4,,2026-08-24,7,0,0,0,0,0,7,0,0,0,0,0,2026-05-25,2026-02-13,kg,,
GEOMJUNG,1-5,,2026-08-24,68,0,22,0,0,0,46,0,0,0,0,0,2026-05-25,2026-02-13,kg,,
GEOMJUNG,1-6,,2026-08-24,81,0,0,0,0,0,81,0,0,0,0,0,2026-05-25,2026-02-13,kg,,
GEOMJUNG,1-7,,2026-08-24,89,0,0,0,0,1,88,0,0,0,0,0,2026-06-14,2026-03-05,kg,,
GEOMJUNG,1-8,,2026-08-24,33,0,0,0,0,0,33,0,0,0,0,0,2026-06-14,2026-03-05,kg,,
GEOMJUNG,2-1,,2026-08-24,73,0,0,0,6,0,67,0,0,0,0,0,2026-06-15,2026-03-12,kg,,
GEOMJUNG,2-2,,2026-08-24,75,0,0,0,9,0,66,0,0,0,0,0,2026-06-15,2026-03-12,kg,,
GEOMJUNG,2-3,,2026-08-24,74,0,0,0,1,1,72,0,0,0,0,0,2026-06-15,2026-03-12,kg,,
GEOMJUNG,2-4,,2026-08-24,62,0,0,0,4,0,58,0,0,0,0,0,2026-06-09,2026-03-05,kg,,
GEOMJUNG,2-5,,2026-08-24,85,0,0,0,0,0,85,0,0,0,0,0,2026-06-09,2026-03-05,kg,,
GEOMJUNG,2-6,,2026-08-24,64,0,0,0,0,0,64,0,0,0,0,0,2026-06-09,2026-03-05,kg,,
GEOMJUNG,2-7,,2026-08-24,42,0,0,0,0,0,42,0,0,0,0,0,2026-06-09,2026-03-05,kg,,
GEOMJUNG,2-8,,2026-08-24,22,0,0,0,0,0,22,0,0,0,0,0,2026-06-09,2026-03-05,kg,,
GEOMJUNG,3-1,,2026-08-24,80,0,0,0,0,0,80,0,0,0,0,0,2026-06-23,2026-03-19,kg,,
GEOMJUNG,3-2,,2026-08-24,65,0,0,0,0,0,65,0,0,0,0,0,2026-06-23,2026-03-26,kg,,
GEOMJUNG,3-3,,2026-08-24,81,0,0,0,0,0,81,0,0,0,0,0,2026-06-23,2026-03-26,kg,,
GEOMJUNG,3-4,,2026-08-24,88,0,0,0,0,0,88,0,0,0,0,0,2026-06-30,2026-03-26,kg,,
GEOMJUNG,3-5,,2026-08-24,89,0,0,0,0,0,89,0,0,0,0,0,2026-06-30,2026-04-04,kg,,
GEOMJUNG,3-6,,2026-08-24,75,0,0,0,0,0,75,0,0,0,0,0,2026-06-30,2026-04-04,kg,,
GEOMJUNG,3-7,,2026-08-24,92,0,0,0,0,0,92,0,0,0,0,0,2026-06-15,2026-04-04,kg,,
GEOMJUNG,3-8,,2026-08-24,48,0,0,0,0,0,48,0,0,0,0,0,2026-06-15,2026-04-09,kg,,
GEOMJUNG,4-1,,2026-08-24,100,0,0,0,0,0,100,0,0,0,0,0,2026-07-28,2026-04-17,kg,,
GEOMJUNG,4-2,,2026-08-24,97,0,0,0,0,0,97,0,0,0,0,0,2026-07-28,2026-04-17,kg,,
GEOMJUNG,4-3,,2026-08-24,99,0,0,0,0,0,99,0,0,0,0,0,2026-07-21,2026-04-17,kg,,
GEOMJUNG,4-4,,2026-08-24,100,0,0,0,0,0,100,0,0,0,0,0,2026-07-21,2026-04-09,kg,,
GEOMJUNG,4-5,,2026-08-24,100,0,0,0,0,0,100,0,0,0,0,0,2026-07-21,2026-04-09,kg,,
GEOMJUNG,4-6,,2026-08-24,97,0,0,0,0,0,97,0,0,0,0,0,2026-07-21,2026-04-09,kg,,
GEOMJUNG,4-7,,2026-08-24,100,0,0,0,0,0,100,0,0,0,0,0,2026-07-21,2026-04-09,kg,,
GEOMJUNG,4-8,,2026-08-24,49,0,0,0,0,0,49,0,0,0,0,0,2026-07-21,2026-04-09,kg,,
GEOMJUNG,5-1,,2026-08-24,100,0,0,0,0,0,100,0,0,0,0,0,2026-08-18,2026-05-14,kg,,
GEOMJUNG,5-2,,2026-08-24,100,0,0,0,0,0,100,0,0,0,0,0,2026-08-18,2026-05-14,kg,,
GEOMJUNG,5-3,,2026-08-24,100,0,0,0,0,0,100,0,0,0,0,0,2026-08-18,2026-05-14,kg,,
GEOMJUNG,5-4,,2026-08-24,100,0,0,0,0,0,100,0,0,0,0,0,2026-08-18,2026-05-14,kg,,
GEOMJUNG,5-5,,2026-08-24,99,0,0,0,0,0,99,0,0,0,0,0,2026-08-04,2026-05-04,kg,,
GEOMJUNG,5-6,,2026-08-24,100,0,0,0,0,0,100,0,0,0,0,0,2026-08-04,2026-05-04,kg,,
GEOMJUNG,5-7,,2026-08-24,100,0,0,0,0,0,100,0,0,0,0,0,2026-08-04,2026-05-04,kg,,
GEOMJUNG,5-8,,2026-08-24,100,0,0,0,0,0,100,0,0,0,0,0,2026-08-04,2026-05-04,kg,,
IMSIN1,,CAND_F,2026-08-24,0,0,0,0,0,0,0,0,0,0,0,0,,,,,
IMSIN1,,PREG,2026-08-24,345,0,0,0,0,0,345,0,0,0,0,0,,,,,
IMSIN1,,STAY_S,2026-08-24,0,0,0,0,0,0,0,0,0,0,0,0,,,,,
IMSIN2,,CAND_F,2026-08-24,0,0,0,0,0,0,0,0,0,0,0,0,,,,,
IMSIN2,,PREG,2026-08-24,354,0,0,1,0,0,353,0,0,0,1,0,,,,,
IMSIN2,,STAY_S,2026-08-24,0,0,0,0,0,0,0,0,0,0,0,0,,,,,
JADON,1-1,,2026-08-24,130,0,0,0,0,0,130,0,0,0,0,0,2026-07-23,2026-07-02,5,암,
JADON,1-10,,2026-08-24,131,0,0,0,0,0,131,0,0,0,0,0,/,2026-07-16,,암,
JADON,1-11,,2026-08-24,130,0,0,0,0,0,130,0,0,0,0,0,,2026-07-16,,암,
JADON,1-12,,2026-08-24,134,0,0,0,0,0,134,0,0,0,0,0,/,2026-07-16,,수,암55
JADON,1-13,,2026-08-24,132,0,0,0,0,0,132,0,0,0,0,0,8-13,2026-07-23,4.92,암,
JADON,1-14,,2026-08-24,132,0,0,0,0,0,132,0,0,0,0,0,/,2026-07-23,,수,
JADON,1-2,,2026-08-24,129,0,0,0,0,0,129,0,0,0,0,0,/,2026-07-02,,수,
JADON,1-3,,2026-08-24,140,0,0,0,0,0,140,0,0,0,0,0,7-30,2026-07-09,4.8,수,
JADON,1-4,,2026-08-24,140,0,0,0,0,0,140,0,0,0,0,0,/,2026-07-09,,암수,수44
JADON,1-5,,2026-08-24,139,0,0,0,0,0,139,0,0,0,0,0,/,2026-07-09,,암,
JADON,1-6,,2026-08-24,129,0,0,0,0,0,129,0,0,0,0,0,/,2026-07-09,,암,
JADON,1-7,,2026-08-24,131,0,0,0,0,0,131,0,0,0,0,0,/,2026-07-09,,수,
JADON,1-8,,2026-08-24,131,0,0,0,0,0,131,0,0,0,0,0,8-6,2026-07-16,4.9,수,
JADON,1-9,,2026-08-24,129,0,0,0,0,0,129,0,0,0,0,0,/,2026-07-16,,암수,암42
JADON,2-1,,2026-08-24,138,0,0,0,0,0,138,0,0,0,0,0,/,2026-07-23,,암수,35암
JADON,2-10,,2026-08-24,139,0,137,2,0,0,0,0,0,0,0,0,/,,,암,
JADON,2-11,,2026-08-24,151,0,149,0,0,0,0,0,0,0,0,0,/,,,수,
JADON,2-12,,2026-08-24,130,13,0,0,0,0,143,0,0,0,0,0,7-23,2026-07-02,5,암,
JADON,2-13,,2026-08-24,129,0,0,0,0,0,129,0,0,0,0,0,/,2026-07-02,,암,암68
JADON,2-14,,2026-08-24,132,0,0,0,0,0,132,0,0,0,0,0,/,2026-07-02,,암,
JADON,2-2,,2026-08-24,131,0,0,0,0,0,131,0,0,0,0,0,,2026-07-23,,수,
JADON,2-3,,2026-08-24,132,0,0,0,0,0,132,0,0,0,0,0,/,2026-07-23,,암,
JADON,2-4,,2026-08-24,204,0,0,0,0,0,204,0,0,0,0,0,8/20,2026-07-30,5.2,암,
JADON,2-5,,2026-08-24,199,0,0,0,0,0,199,0,0,0,0,0,/,2026-07-30,,암/수,93암
JADON,2-6,,2026-08-24,202,0,0,0,0,0,202,0,0,0,0,0,/,2026-07-30,,수,
JADON,2-7,,2026-08-24,139,0,135,4,0,0,0,0,0,0,0,0,7-16,,5.4,암,
JADON,2-8,,2026-08-24,128,0,120,7,0,0,0,0,0,0,0,0,/,,,암수,
JADON,2-9,,2026-08-24,139,0,139,0,0,0,0,0,0,0,0,0,/,,,수,
JONGBU,,BOAR,2026-08-24,0,0,0,0,0,0,0,0,0,0,0,0,,,,,
JONGBU,,CAND_F,2026-08-24,33,0,4,0,0,0,29,0,0,0,0,0,,,,,
JONGBU,,PREG,2026-08-24,207,28,0,0,0,0,235,0,0,0,0,0,,,,,
JONGBU,,STAY_L,2026-08-24,0,0,0,0,0,0,0,0,0,0,0,0,,,,,
JONGBU,,STAY_S,2026-08-24,0,0,0,0,0,0,0,0,0,0,0,0,,,,,
JONGBU,,WEAN_PIG,2026-08-24,55,0,24,0,0,0,31,0,0,0,0,0,,,,,
SUNCHI,,CAND_F,2026-08-24,184,0,0,0,0,0,184,0,0,0,0,0,,,,,
SUNCHI,,CAND_M,2026-08-24,12,0,0,0,0,0,12,0,0,0,0,0,,,,,
SUNCHI,,PREG,2026-08-24,0,0,0,0,0,0,0,0,0,0,0,0,,,,,
SUNCHI,,STAY,2026-08-24,10,1,0,0,0,0,11,0,0,0,0,0,,,,,
SUNCHI,,WEAN_SOW,2026-08-24,1,0,0,0,0,0,1,0,0,0,0,0,,,,,
YUKSUNG,1-1,,2026-08-24,411,0,0,9,0,0,402,402,0,0,0,0,2026-08-10,2026-06-11,kg,수,
YUKSUNG,1-2,,2026-08-24,406,9,0,0,0,0,415,0,0,0,0,0,2026-08-17,2026-06-18,kg,수,
YUKSUNG,1-3,,2026-08-24,0,408,0,0,0,0,408,0,0,0,0,0,2026-08-24,2026-06-25,kg,수,
YUKSUNG,1-4,,2026-08-24,34,0,0,0,0,0,34,0,0,0,0,0,2026-07-13,2026-05-14,kg,수,
YUKSUNG,1-5,,2026-08-24,396,0,0,0,0,0,396,0,0,0,0,0,2026-07-20,2026-05-21,kg,수,
YUKSUNG,1-6,,2026-08-24,409,0,0,0,0,0,409,0,0,0,0,0,2026-07-27,2026-05-28,kg,수,
YUKSUNG,1-7,,2026-08-24,400,0,0,0,0,0,400,0,0,0,0,0,2026-08-03,2026-06-04,kg,수,
YUKSUNG,2-1,,2026-08-24,140,22,0,38,0,0,124,0,0,0,0,0,,,kg,암,
YUKSUNG,2-2,,2026-08-24,267,0,0,0,0,0,267,0,0,0,0,0,2026-08-10,2026-06-11,kg,암,
YUKSUNG,2-3,,2026-08-24,267,0,0,0,0,1,266,0,0,0,0,0,2026-08-17,2026-06-18,kg,암,
YUKSUNG,2-4,,2026-08-24,0,272,0,22,0,0,250,0,0,0,0,0,2026-08-24,2026-06-25,kg,암,
YUKSUNG,2-5,,2026-08-24,0,0,0,0,0,0,0,0,0,0,0,0,,,kg,암,
YUKSUNG,2-6,,2026-08-24,40,38,0,0,0,0,78,0,0,0,0,0,2026-07-20,2026-05-21,kg,암,
YUKSUNG,2-7,,2026-08-24,241,0,0,0,0,0,241,0,0,0,0,0,2026-07-27,2026-05-28,kg,암,
YUKSUNG,2-8,,2026-08-24,226,0,0,0,0,0,226,0,0,0,0,0,2026-08-03,2026-06-04,kg,암,
BIYUK_M,1-1,,2026-08-25,92,0,0,0,25,0,67,0,0,0,0,0,2026-06-02,2026-03-05,kg,,
BIYUK_M,1-2,,2026-08-25,161,0,0,0,32,0,129,0,0,0,0,0,2026-06-02,2026-03-05,kg,,
BIYUK_M,1-3,,2026-08-25,148,0,0,0,37,0,111,0,0,0,0,0,2026-06-09,2026-03-12,kg,,
BIYUK_M,1-4,,2026-08-25,179,0,0,0,16,0,163,0,0,0,0,0,2026-06-09,2026-03-12,kg,,
BIYUK_M,1-5,,2026-08-25,206,0,0,0,17,0,189,0,0,0,0,0,2026-06-15,2026-03-19,kg,,
BIYUK_M,1-6,,2026-08-25,177,0,0,0,14,0,163,0,0,0,0,0,2026-06-15,2026-03-26,kg,,
BIYUK_M,3-1,,2026-08-25,196,0,0,0,0,0,196,0,0,0,0,0,2026-06-23,2026-03-26,kg,,
BIYUK_M,3-2,,2026-08-25,192,0,0,0,0,1,191,0,0,0,0,0,2026-06-23,2026-04-04,kg,,
BIYUK_M,3-3,,2026-08-25,198,0,0,0,0,0,198,0,0,0,0,0,2026-06-30,2026-04-04,kg,,
BIYUK_M,3-4,,2026-08-25,195,0,0,0,0,0,195,0,0,0,0,0,2026-06-30,2026-04-09,kg,,
BIYUK_M,3-5,,2026-08-25,204,0,0,0,0,0,204,0,0,0,0,0,2026-07-15,2026-04-09,kg,,
BIYUK_M,3-6,,2026-08-25,209,0,0,0,0,1,208,0,0,0,0,0,2026-07-15,2026-04-17,kg,,
BIYUK_M,4-1,,2026-08-25,181,0,0,0,0,1,180,0,0,0,0,0,2026-07-21,2026-04-17,kg,,
BIYUK_M,4-2,,2026-08-25,183,0,0,0,0,0,183,0,0,0,0,0,2026-07-21,2026-04-17,kg,,
BIYUK_M,4-3,,2026-08-25,182,0,0,0,0,0,182,0,0,0,0,0,2026-07-28,2026-04-30,kg,,
BIYUK_M,4-4,,2026-08-25,184,0,0,0,0,0,184,0,0,0,0,0,2026-07-28,2026-04-30,kg,,
BIYUK_M,4-5,,2026-08-25,183,0,0,0,0,0,183,0,0,0,0,0,2026-08-04,2026-05-07,kg,,
BIYUK_M,4-6,,2026-08-25,198,0,0,0,0,0,198,0,0,0,0,0,2026-08-04,2026-05-07,kg,,
BIYUK_M,5-1,,2026-08-25,187,0,0,0,0,0,187,0,0,0,0,0,2026-08-18,2026-05-14,kg,,
BIYUK_M,5-2,,2026-08-25,175,0,0,0,0,0,175,0,0,0,0,0,2026-08-18,2026-05-14,kg,,
BIYUK_M,5-3,,2026-08-25,0,188,0,0,0,0,188,0,0,0,0,0,2026-08-25,2026-05-21,kg,,
BIYUK_M,5-4,,2026-08-25,0,188,0,0,0,0,188,0,0,0,0,0,2026-08-25,2026-05-21,kg,,
BIYUK_M,5-5,,2026-08-25,0,0,0,0,0,0,0,0,0,0,0,0,/,,kg,,
BIYUK_M,5-6,,2026-08-25,0,0,0,0,0,0,0,0,0,0,0,0,2026-05-19,2026-02-26,kg,,
BIYUK_M,6-1,,2026-08-25,0,0,0,0,0,0,0,0,0,0,0,0,2026-05-26,2026-02-26,kg,,
BIYUK_M,6-2,,2026-08-25,54,0,0,0,0,0,54,0,0,0,0,0,2026-05-26,2026-02-26,kg,,
BIYUK_M,6-3,,2026-08-25,0,0,0,0,0,0,0,0,0,0,0,0,2026-05-26,2026-02-26,kg,,
BIYUK_M,6-4,,2026-08-25,0,0,0,0,0,0,0,0,0,0,0,0,2026-05-26,2026-02-26,kg,,
BUNMAN1,1-1,LACT_SOW,2026-08-25,12,0,0,0,0,0,12,0,0,0,0,0,2026-08-12,,,,
BUNMAN1,1-1,SUCK,2026-08-25,143,0,0,0,0,0,143,0,0,0,0,0,2026-08-12,,,,
BUNMAN1,1-10,LACT_SOW,2026-08-25,11,0,0,0,0,0,11,0,0,0,0,0,,,,,
BUNMAN1,1-10,SUCK,2026-08-25,130,0,0,0,0,0,130,0,0,0,0,0,,,,,
BUNMAN1,1-2,LACT_SOW,2026-08-25,12,0,0,0,0,0,12,0,0,0,0,0,,,,,
BUNMAN1,1-2,SUCK,2026-08-25,109,0,0,0,0,0,109,0,0,0,0,0,,,,,
BUNMAN1,1-3,LACT_SOW,2026-08-25,12,0,0,0,0,0,12,0,0,0,0,0,,,,,
BUNMAN1,1-3,SUCK,2026-08-25,122,0,0,0,0,0,122,0,0,0,0,0,,,,,
BUNMAN1,1-4,LACT_SOW,2026-08-25,12,0,0,0,0,0,12,0,0,0,0,0,,,,,
BUNMAN1,1-4,SUCK,2026-08-25,114,0,0,0,0,0,114,0,0,0,0,0,,,,,
BUNMAN1,1-5,LACT_SOW,2026-08-25,8,0,0,0,0,0,8,0,0,0,0,0,,,,,
BUNMAN1,1-5,SUCK,2026-08-25,103,0,0,0,0,0,103,0,0,0,0,0,,,,,
BUNMAN1,1-6,LACT_SOW,2026-08-25,12,0,0,0,0,0,12,0,0,0,0,0,2026-07-09,,,,
BUNMAN1,1-6,SUCK,2026-08-25,132,0,0,0,0,0,132,0,0,0,0,0,2026-07-09,,,,
BUNMAN1,1-7,LACT_SOW,2026-08-25,12,0,0,0,0,0,12,0,0,0,0,0,2026-07-12,,,,
BUNMAN1,1-7,SUCK,2026-08-25,139,0,0,0,0,0,139,0,0,0,0,0,2026-07-12,,,,
BUNMAN1,1-8,LACT_SOW,2026-08-25,12,0,0,0,0,0,12,0,0,0,0,0,,,,,
BUNMAN1,1-8,SUCK,2026-08-25,143,0,0,0,0,0,143,0,0,0,0,0,,,,,
BUNMAN1,1-9,LACT_SOW,2026-08-25,12,0,0,0,0,0,12,0,0,0,0,0,,,,,
BUNMAN1,1-9,SUCK,2026-08-25,150,0,0,0,0,1,149,0,0,0,0,0,,,,,
BUNMAN2,2-1,LACT_SOW,2026-08-25,12,0,0,0,0,0,12,0,0,0,0,0,2026-08-16,,,,
BUNMAN2,2-1,SUCK,2026-08-25,133,0,0,0,0,0,133,0,0,0,0,0,2026-08-16,,,,
BUNMAN2,2-10,FARROW_WAIT,2026-08-25,12,0,0,0,0,0,12,0,0,0,0,0,2026-08-23,,,,
BUNMAN2,2-11,FARROW_WAIT,2026-08-25,12,0,0,0,0,0,12,0,0,0,0,0,2026-08-23,,,,
BUNMAN2,2-2,LACT_SOW,2026-08-25,12,0,0,0,0,1,11,0,0,0,0,0,2026-08-16,,,,
BUNMAN2,2-2,SUCK,2026-08-25,131,0,0,0,0,0,131,0,0,0,0,0,2026-08-16,,,,
BUNMAN2,2-3,LACT_SOW,2026-08-25,12,0,0,0,0,0,12,0,0,0,0,0,2026-08-16,,,,
BUNMAN2,2-3,SUCK,2026-08-25,146,0,0,0,0,0,146,0,0,0,0,0,2026-08-16,,,,
BUNMAN2,2-4,LACT_SOW,2026-08-25,11,0,0,0,0,0,11,0,0,0,0,0,2026-08-16,,,,
BUNMAN2,2-4,SUCK,2026-08-25,141,0,0,0,0,0,141,0,0,0,0,0,2026-08-16,,,,
BUNMAN2,2-5,FARROW_WAIT,2026-08-25,11,0,0,1,0,0,10,0,0,0,0,0,2026-08-16,,,,
BUNMAN2,2-5,LACT_SOW,2026-08-25,0,1,0,0,0,0,1,0,0,0,0,0,2026-08-16,,,,
BUNMAN2,2-5,SUCK,2026-08-25,0,12,0,0,0,0,12,0,0,0,0,0,2026-08-16,,,,
BUNMAN2,2-6,FARROW_WAIT,2026-08-25,11,0,0,0,0,0,11,0,0,0,0,0,2026-08-16,,,,
BUNMAN2,2-6,LACT_SOW,2026-08-25,1,0,0,0,0,0,1,0,0,0,0,0,2026-08-16,,,,
BUNMAN2,2-6,SUCK,2026-08-25,14,0,0,0,0,0,14,0,0,0,0,0,2026-08-16,,,,
BUNMAN2,2-7,FARROW_WAIT,2026-08-25,12,0,0,0,0,0,12,0,0,0,0,0,2026-08-23,,,,
BUNMAN2,2-8,FARROW_WAIT,2026-08-25,12,0,0,0,0,0,12,0,0,0,0,0,2026-08-23,,,,
BUNMAN2,2-9,FARROW_WAIT,2026-08-25,11,0,0,0,0,0,11,0,0,0,0,0,2026-08-23,,,,
GEOMJUNG,1-1,,2026-08-25,0,100,0,0,0,0,100,0,0,0,0,0,2026-08-25,2026-05-21,kg,,
GEOMJUNG,1-2,,2026-08-25,0,100,0,0,0,0,100,0,0,0,0,0,2026-08-25,2026-05-28,kg,,
GEOMJUNG,1-3,,2026-08-25,0,100,0,0,0,0,100,0,0,0,0,0,2026-08-25,2026-05-28,kg,,
GEOMJUNG,1-4,,2026-08-25,7,0,0,0,0,0,7,0,0,0,0,0,2026-05-25,2026-02-13,kg,,
GEOMJUNG,1-5,,2026-08-25,46,0,0,0,2,0,44,0,0,0,0,0,2026-05-25,2026-02-13,kg,,
GEOMJUNG,1-6,,2026-08-25,81,0,0,0,6,0,75,0,0,0,0,0,2026-05-25,2026-02-13,kg,,
GEOMJUNG,1-7,,2026-08-25,88,0,0,0,8,0,80,0,0,0,0,0,2026-06-14,2026-03-05,kg,,
GEOMJUNG,1-8,,2026-08-25,33,0,0,0,3,0,30,0,0,0,0,0,2026-06-14,2026-03-05,kg,,
GEOMJUNG,2-1,,2026-08-25,67,0,0,0,0,0,67,0,0,0,0,0,2026-06-15,2026-03-12,kg,,
GEOMJUNG,2-2,,2026-08-25,66,0,0,0,0,0,66,0,0,0,0,0,2026-06-15,2026-03-12,kg,,
GEOMJUNG,2-3,,2026-08-25,72,0,0,0,0,0,72,0,0,0,0,0,2026-06-15,2026-03-12,kg,,
GEOMJUNG,2-4,,2026-08-25,58,0,0,0,0,0,58,0,0,0,0,0,2026-06-09,2026-03-05,kg,,
GEOMJUNG,2-5,,2026-08-25,85,0,0,0,2,0,83,0,0,0,0,0,2026-06-09,2026-03-05,kg,,
GEOMJUNG,2-6,,2026-08-25,64,0,0,0,7,0,57,0,0,0,0,0,2026-06-09,2026-03-05,kg,,
GEOMJUNG,2-7,,2026-08-25,42,0,0,0,6,0,36,0,0,0,0,0,2026-06-09,2026-03-05,kg,,
GEOMJUNG,2-8,,2026-08-25,22,0,0,0,6,0,16,0,0,0,0,0,2026-06-09,2026-03-05,kg,,
GEOMJUNG,3-1,,2026-08-25,80,0,0,0,0,0,80,0,0,0,0,0,2026-06-23,2026-03-19,kg,,
GEOMJUNG,3-2,,2026-08-25,65,0,0,0,0,0,65,0,0,0,0,0,2026-06-23,2026-03-26,kg,,
GEOMJUNG,3-3,,2026-08-25,81,0,0,0,0,0,81,0,0,0,0,0,2026-06-23,2026-03-26,kg,,
GEOMJUNG,3-4,,2026-08-25,88,0,0,0,0,0,88,0,0,0,0,0,2026-06-30,2026-03-26,kg,,
GEOMJUNG,3-5,,2026-08-25,89,0,0,0,0,0,89,0,0,0,0,0,2026-06-30,2026-04-04,kg,,
GEOMJUNG,3-6,,2026-08-25,75,0,0,0,0,0,75,0,0,0,0,0,2026-06-30,2026-04-04,kg,,
GEOMJUNG,3-7,,2026-08-25,92,0,0,0,0,0,92,0,0,0,0,0,2026-06-15,2026-04-04,kg,,
GEOMJUNG,3-8,,2026-08-25,48,0,0,0,0,0,48,0,0,0,0,0,2026-06-15,2026-04-09,kg,,
GEOMJUNG,4-1,,2026-08-25,100,0,0,0,0,0,100,0,0,0,0,0,2026-07-28,2026-04-17,kg,,
GEOMJUNG,4-2,,2026-08-25,97,0,0,0,0,0,97,0,0,0,0,0,2026-07-28,2026-04-17,kg,,
GEOMJUNG,4-3,,2026-08-25,99,0,0,0,0,0,99,0,0,0,0,0,2026-07-21,2026-04-17,kg,,
GEOMJUNG,4-4,,2026-08-25,100,0,0,0,0,0,100,0,0,0,0,0,2026-07-21,2026-04-09,kg,,
GEOMJUNG,4-5,,2026-08-25,100,0,0,0,0,0,100,0,0,0,0,0,2026-07-21,2026-04-09,kg,,
GEOMJUNG,4-6,,2026-08-25,97,0,0,0,0,0,97,0,0,0,0,0,2026-07-21,2026-04-09,kg,,
GEOMJUNG,4-7,,2026-08-25,100,0,0,0,0,0,100,0,0,0,0,0,2026-07-21,2026-04-09,kg,,
GEOMJUNG,4-8,,2026-08-25,49,0,0,0,0,0,49,0,0,0,0,0,2026-07-21,2026-04-09,kg,,
GEOMJUNG,5-1,,2026-08-25,100,0,0,0,0,0,100,0,0,0,0,0,2026-08-18,2026-05-14,kg,,
GEOMJUNG,5-2,,2026-08-25,100,0,0,0,0,0,100,0,0,0,0,0,2026-08-18,2026-05-14,kg,,
GEOMJUNG,5-3,,2026-08-25,100,0,0,0,0,0,100,0,0,0,0,0,2026-08-18,2026-05-14,kg,,
GEOMJUNG,5-4,,2026-08-25,100,0,0,0,0,0,100,0,0,0,0,0,2026-08-18,2026-05-14,kg,,
GEOMJUNG,5-5,,2026-08-25,99,0,0,0,0,0,99,0,0,0,0,0,2026-08-04,2026-05-04,kg,,
GEOMJUNG,5-6,,2026-08-25,100,0,0,0,0,0,100,0,0,0,0,0,2026-08-04,2026-05-04,kg,,
GEOMJUNG,5-7,,2026-08-25,100,0,0,0,0,0,100,0,0,0,0,0,2026-08-04,2026-05-04,kg,,
GEOMJUNG,5-8,,2026-08-25,100,0,0,0,0,0,100,0,0,0,0,0,2026-08-04,2026-05-04,kg,,
IMSIN1,,CAND_F,2026-08-25,0,0,0,0,0,0,0,0,0,0,0,0,,,,,
IMSIN1,,PREG,2026-08-25,345,0,0,0,0,0,345,0,0,0,0,0,,,,,
IMSIN1,,STAY_S,2026-08-25,0,0,0,0,0,0,0,0,0,0,0,0,,,,,
IMSIN2,,CAND_F,2026-08-25,0,0,0,0,0,0,0,0,0,0,0,0,,,,,
IMSIN2,,PREG,2026-08-25,353,0,0,0,0,0,353,0,0,0,0,0,,,,,
IMSIN2,,STAY_S,2026-08-25,0,0,0,0,0,0,0,0,0,0,0,0,,,,,
JADON,1-1,,2026-08-25,130,0,0,0,0,0,130,0,0,0,0,0,2026-07-23,2026-07-02,5,암,
JADON,1-10,,2026-08-25,131,0,0,0,0,0,131,0,0,0,0,0,/,2026-07-16,,암,
JADON,1-11,,2026-08-25,130,0,0,0,0,0,130,0,0,0,0,0,,2026-07-16,,암,
JADON,1-12,,2026-08-25,134,0,0,0,0,0,134,0,0,0,0,0,/,2026-07-16,,수,암55
JADON,1-13,,2026-08-25,132,0,0,0,0,0,132,0,0,0,0,0,8-13,2026-07-23,4.92,암,
JADON,1-14,,2026-08-25,132,0,0,0,0,0,132,0,0,0,0,0,/,2026-07-23,,수,
JADON,1-2,,2026-08-25,129,0,0,0,0,0,129,0,0,0,0,0,/,2026-07-02,,수,
JADON,1-3,,2026-08-25,140,0,0,0,0,0,140,0,0,0,0,0,7-30,2026-07-09,4.8,수,
JADON,1-4,,2026-08-25,140,0,0,0,0,0,140,0,0,0,0,0,/,2026-07-09,,암수,수44
JADON,1-5,,2026-08-25,139,0,0,0,0,0,139,0,0,0,0,0,/,2026-07-09,,암,
JADON,1-6,,2026-08-25,129,0,0,0,0,0,129,0,0,0,0,0,/,2026-07-09,,암,
JADON,1-7,,2026-08-25,131,0,0,0,0,1,130,0,0,0,0,0,/,2026-07-09,,수,
JADON,1-8,,2026-08-25,131,0,0,0,0,0,131,0,0,0,0,0,8-6,2026-07-16,4.9,수,
JADON,1-9,,2026-08-25,129,0,0,0,0,0,129,0,0,0,0,0,/,2026-07-16,,암수,암42
JADON,2-1,,2026-08-25,138,0,0,0,0,0,138,0,0,0,0,0,/,2026-07-23,,암수,35암
JADON,2-10,,2026-08-25,0,0,0,0,0,0,0,0,0,0,0,0,/,,,,
JADON,2-11,,2026-08-25,0,0,0,0,0,0,0,0,0,0,0,0,/,,,,
JADON,2-12,,2026-08-25,143,0,0,0,0,0,143,0,0,0,0,0,7-23,2026-07-02,5,암,
JADON,2-13,,2026-08-25,129,0,0,0,0,0,129,0,0,0,0,0,/,2026-07-02,,암,암68
JADON,2-14,,2026-08-25,132,0,0,0,0,0,132,0,0,0,0,0,/,2026-07-02,,암,
JADON,2-2,,2026-08-25,131,0,0,0,0,0,131,0,0,0,0,0,,2026-07-23,,수,
JADON,2-3,,2026-08-25,132,0,0,0,0,0,132,0,0,0,0,0,/,2026-07-23,,암,
JADON,2-4,,2026-08-25,204,0,0,0,0,0,204,0,0,0,0,0,8/20,2026-07-30,5.2,암,
JADON,2-5,,2026-08-25,199,0,0,0,0,0,199,0,0,0,0,0,/,2026-07-30,,암/수,93암
JADON,2-6,,2026-08-25,202,0,0,0,0,0,202,0,0,0,0,0,/,2026-07-30,,수,
JADON,2-7,,2026-08-25,0,0,0,0,0,0,0,0,0,0,0,0,/,,,,
JADON,2-8,,2026-08-25,0,0,0,0,0,0,0,0,0,0,0,0,/,,,,
JADON,2-9,,2026-08-25,0,0,0,0,0,0,0,0,0,0,0,0,/,,,,
JONGBU,,BOAR,2026-08-25,0,0,0,0,0,0,0,0,0,0,0,0,,,,,
JONGBU,,CAND_F,2026-08-25,29,0,8,0,0,0,21,0,0,0,0,0,,,,,
JONGBU,,PREG,2026-08-25,235,32,0,0,0,0,267,0,0,0,0,0,,,,,
JONGBU,,STAY_L,2026-08-25,0,0,0,0,0,0,0,0,0,0,0,0,,,,,
JONGBU,,STAY_S,2026-08-25,0,0,0,0,0,0,0,0,0,0,0,0,,,,,
JONGBU,,WEAN_PIG,2026-08-25,31,0,23,0,0,0,8,0,0,0,0,0,,,,,
SUNCHI,,CAND_F,2026-08-25,184,0,5,0,0,0,179,0,0,0,0,0,,,,,
SUNCHI,,CAND_M,2026-08-25,12,0,0,0,0,0,12,0,0,0,0,0,,,,,
SUNCHI,,PREG,2026-08-25,0,0,0,0,0,0,0,0,0,0,0,0,,,,,
SUNCHI,,STAY,2026-08-25,11,0,1,0,0,0,10,0,0,0,0,0,,,,,
SUNCHI,,WEAN_SOW,2026-08-25,1,0,0,0,0,0,1,0,0,0,0,0,,,,,
YUKSUNG,1-1,,2026-08-25,402,0,0,0,0,0,402,0,0,0,0,0,2026-08-10,2026-06-11,kg,수,
YUKSUNG,1-2,,2026-08-25,415,0,0,0,0,0,415,0,0,0,0,0,2026-08-17,2026-06-18,kg,수,
YUKSUNG,1-3,,2026-08-25,408,0,0,0,0,0,408,0,0,0,0,0,2026-08-24,2026-06-25,kg,수,
YUKSUNG,1-4,,2026-08-25,34,0,34,0,0,0,0,0,0,0,0,0,2026-07-13,2026-05-14,kg,수,
YUKSUNG,1-5,,2026-08-25,396,0,342,0,0,2,52,0,0,0,0,0,2026-07-20,2026-05-21,kg,수,
YUKSUNG,1-6,,2026-08-25,409,0,0,0,0,0,409,0,0,0,0,0,2026-07-27,2026-05-28,kg,수,
YUKSUNG,1-7,,2026-08-25,400,0,0,0,0,1,399,0,0,0,0,0,2026-08-03,2026-06-04,kg,수,
YUKSUNG,2-1,,2026-08-25,124,0,0,0,0,0,124,0,0,0,0,0,,,kg,암,
YUKSUNG,2-2,,2026-08-25,267,0,0,0,0,0,267,0,0,0,0,0,2026-08-10,2026-06-11,kg,암,
YUKSUNG,2-3,,2026-08-25,266,0,0,0,0,0,266,0,0,0,0,0,2026-08-17,2026-06-18,kg,암,
YUKSUNG,2-4,,2026-08-25,250,0,0,0,0,0,250,0,0,0,0,0,2026-08-24,2026-06-25,kg,암,
YUKSUNG,2-5,,2026-08-25,0,0,0,0,0,0,0,0,0,0,0,0,,,kg,암,
YUKSUNG,2-6,,2026-08-25,78,0,78,0,0,0,0,0,0,0,0,0,2026-07-20,2026-05-21,kg,암,
YUKSUNG,2-7,,2026-08-25,241,0,222,0,0,0,19,0,0,0,0,0,2026-07-27,2026-05-28,kg,암,
YUKSUNG,2-8,,2026-08-25,226,0,0,0,0,0,226,0,0,0,0,0,2026-08-03,2026-06-04,kg,암,
BIYUK_M,1-1,,2026-08-26,67,0,0,0,0,0,67,0,0,0,0,0,2026-06-02,2026-03-05,kg,,
BIYUK_M,1-2,,2026-08-26,129,0,0,0,0,0,129,0,0,0,0,0,2026-06-02,2026-03-05,kg,,
BIYUK_M,1-3,,2026-08-26,111,0,0,0,0,0,111,0,0,0,0,0,2026-06-09,2026-03-12,kg,,
BIYUK_M,1-4,,2026-08-26,163,0,0,0,0,0,163,0,0,0,0,0,2026-06-09,2026-03-12,kg,,
BIYUK_M,1-5,,2026-08-26,189,0,0,0,0,0,189,0,0,0,0,0,2026-06-15,2026-03-19,kg,,
BIYUK_M,1-6,,2026-08-26,163,0,0,0,0,1,162,0,0,0,0,0,2026-06-15,2026-03-26,kg,,
BIYUK_M,3-1,,2026-08-26,196,0,0,0,0,0,196,0,0,0,0,0,2026-06-23,2026-03-26,kg,,
BIYUK_M,3-2,,2026-08-26,191,0,0,0,0,0,191,0,0,0,0,0,2026-06-23,2026-04-04,kg,,
BIYUK_M,3-3,,2026-08-26,198,0,0,0,0,0,198,0,0,0,0,0,2026-06-30,2026-04-04,kg,,
BIYUK_M,3-4,,2026-08-26,195,0,0,0,0,1,194,0,0,0,0,0,2026-06-30,2026-04-09,kg,,
BIYUK_M,3-5,,2026-08-26,204,0,0,0,0,0,204,0,0,0,0,0,2026-07-15,2026-04-09,kg,,
BIYUK_M,3-6,,2026-08-26,208,0,0,0,0,0,208,0,0,0,0,0,2026-07-15,2026-04-17,kg,,
BIYUK_M,4-1,,2026-08-26,180,0,0,0,0,0,180,0,0,0,0,0,2026-07-21,2026-04-17,kg,,
BIYUK_M,4-2,,2026-08-26,183,0,0,0,0,0,183,0,0,0,0,0,2026-07-21,2026-04-17,kg,,
BIYUK_M,4-3,,2026-08-26,182,0,0,0,0,0,182,0,0,0,0,0,2026-07-28,2026-04-30,kg,,
BIYUK_M,4-4,,2026-08-26,184,0,0,0,0,0,184,0,0,0,0,0,2026-07-28,2026-04-30,kg,,
BIYUK_M,4-5,,2026-08-26,183,0,0,0,0,0,183,0,0,0,0,0,2026-08-04,2026-05-07,kg,,
BIYUK_M,4-6,,2026-08-26,198,0,0,0,0,0,198,0,0,0,0,0,2026-08-04,2026-05-07,kg,,
BIYUK_M,5-1,,2026-08-26,187,0,0,0,0,0,187,0,0,0,0,0,2026-08-18,2026-05-14,kg,,
BIYUK_M,5-2,,2026-08-26,175,0,0,0,0,0,175,0,0,0,0,0,2026-08-18,2026-05-14,kg,,
BIYUK_M,5-3,,2026-08-26,188,0,0,0,0,0,188,0,0,0,0,0,2026-08-25,2026-05-21,kg,,
BIYUK_M,5-4,,2026-08-26,188,0,0,0,0,0,188,0,0,0,0,0,2026-08-25,2026-05-21,kg,,
BIYUK_M,5-5,,2026-08-26,0,0,0,0,0,0,0,0,0,0,0,0,/,,kg,,
BIYUK_M,5-6,,2026-08-26,0,0,0,0,0,0,0,0,0,0,0,0,2026-05-19,2026-02-26,kg,,
BIYUK_M,6-1,,2026-08-26,0,0,0,0,0,0,0,0,0,0,0,0,2026-05-26,2026-02-26,kg,,
BIYUK_M,6-2,,2026-08-26,54,0,0,0,0,0,54,0,0,0,0,0,2026-05-26,2026-02-26,kg,,
BIYUK_M,6-3,,2026-08-26,0,0,0,0,0,0,0,0,0,0,0,0,2026-05-26,2026-02-26,kg,,
BIYUK_M,6-4,,2026-08-26,0,0,0,0,0,0,0,0,0,0,0,0,2026-05-26,2026-02-26,kg,,
BUNMAN1,1-1,LACT_SOW,2026-08-26,12,0,0,0,0,0,12,0,0,0,0,0,2026-08-12,,,,
BUNMAN1,1-1,SUCK,2026-08-26,143,0,0,0,0,0,143,0,0,0,0,0,2026-08-12,,,,
BUNMAN1,1-10,LACT_SOW,2026-08-26,11,0,0,0,0,0,11,0,0,0,0,0,,,,,
BUNMAN1,1-10,SUCK,2026-08-26,130,0,0,0,0,0,130,0,0,0,0,0,,,,,
BUNMAN1,1-2,LACT_SOW,2026-08-26,12,0,0,0,0,0,12,0,0,0,0,0,,,,,
BUNMAN1,1-2,SUCK,2026-08-26,109,0,0,0,0,0,109,0,0,0,0,0,,,,,
BUNMAN1,1-3,LACT_SOW,2026-08-26,12,0,0,0,0,0,12,0,0,0,0,0,,,,,
BUNMAN1,1-3,SUCK,2026-08-26,122,0,0,0,0,0,122,0,0,0,0,0,,,,,
BUNMAN1,1-4,LACT_SOW,2026-08-26,12,0,0,0,0,0,12,0,0,0,0,0,,,,,
BUNMAN1,1-4,SUCK,2026-08-26,114,0,0,0,0,2,112,0,0,0,0,0,,,,,
BUNMAN1,1-5,LACT_SOW,2026-08-26,8,0,0,0,0,0,8,0,0,0,0,0,,,,,
BUNMAN1,1-5,SUCK,2026-08-26,103,0,0,0,0,0,103,0,0,0,0,0,,,,,
BUNMAN1,1-6,LACT_SOW,2026-08-26,12,0,0,0,0,0,12,0,0,0,0,0,2026-07-09,,,,
BUNMAN1,1-6,SUCK,2026-08-26,132,0,0,0,0,0,132,0,0,0,0,0,2026-07-09,,,,
BUNMAN1,1-7,LACT_SOW,2026-08-26,12,0,0,0,0,0,12,0,0,0,0,0,2026-07-12,,,,
BUNMAN1,1-7,SUCK,2026-08-26,139,0,0,0,0,0,139,0,0,0,0,0,2026-07-12,,,,
BUNMAN1,1-8,LACT_SOW,2026-08-26,12,0,0,0,0,0,12,0,0,0,0,0,,,,,
BUNMAN1,1-8,SUCK,2026-08-26,143,0,0,0,0,0,143,0,0,0,0,0,,,,,
BUNMAN1,1-9,LACT_SOW,2026-08-26,12,0,0,0,0,0,12,0,0,0,0,0,,,,,
BUNMAN1,1-9,SUCK,2026-08-26,149,0,0,0,0,0,149,0,0,0,0,0,,,,,
BUNMAN2,2-1,LACT_SOW,2026-08-26,12,0,0,0,0,0,12,0,0,0,0,0,2026-08-16,,,,
BUNMAN2,2-1,SUCK,2026-08-26,133,0,0,0,0,0,133,0,0,0,0,0,2026-08-16,,,,
BUNMAN2,2-10,FARROW_WAIT,2026-08-26,12,0,0,0,0,0,12,0,0,0,0,0,2026-08-23,,,,
BUNMAN2,2-11,FARROW_WAIT,2026-08-26,12,0,0,0,0,0,12,0,0,0,0,0,2026-08-23,,,,
BUNMAN2,2-2,LACT_SOW,2026-08-26,11,0,0,0,0,0,11,0,0,0,0,0,2026-08-16,,,,
BUNMAN2,2-2,SUCK,2026-08-26,131,0,0,0,0,0,131,0,0,0,0,0,2026-08-16,,,,
BUNMAN2,2-3,LACT_SOW,2026-08-26,12,0,0,0,0,0,12,0,0,0,0,0,2026-08-16,,,,
BUNMAN2,2-3,SUCK,2026-08-26,146,0,0,0,0,0,146,0,0,0,0,0,2026-08-16,,,,
BUNMAN2,2-4,LACT_SOW,2026-08-26,11,0,0,0,0,0,11,0,0,0,0,0,2026-08-16,,,,
BUNMAN2,2-4,SUCK,2026-08-26,141,0,0,0,0,0,141,0,0,0,0,0,2026-08-16,,,,
BUNMAN2,2-5,FARROW_WAIT,2026-08-26,10,0,0,5,0,0,5,0,0,0,0,0,2026-08-16,,,,
BUNMAN2,2-5,LACT_SOW,2026-08-26,1,5,0,0,0,0,6,0,0,0,0,0,2026-08-16,,,,
BUNMAN2,2-5,SUCK,2026-08-26,12,61,0,0,0,0,73,0,0,0,0,0,2026-08-16,,,,
BUNMAN2,2-6,FARROW_WAIT,2026-08-26,11,0,0,1,0,0,10,0,0,0,0,0,2026-08-16,,,,
BUNMAN2,2-6,LACT_SOW,2026-08-26,1,1,0,0,0,0,2,0,0,0,0,0,2026-08-16,,,,
BUNMAN2,2-6,SUCK,2026-08-26,14,13,0,0,0,1,26,0,0,0,0,0,2026-08-16,,,,
BUNMAN2,2-7,FARROW_WAIT,2026-08-26,12,0,0,1,0,0,11,0,0,0,0,0,2026-08-23,,,,
BUNMAN2,2-7,LACT_SOW,2026-08-26,0,1,0,0,0,0,1,0,0,0,0,0,2026-08-23,,,,
BUNMAN2,2-7,SUCK,2026-08-26,0,14,0,0,0,0,14,0,0,0,0,0,2026-08-23,,,,
BUNMAN2,2-8,FARROW_WAIT,2026-08-26,12,0,0,1,0,0,11,0,0,0,0,0,2026-08-23,,,,
BUNMAN2,2-8,LACT_SOW,2026-08-26,0,1,0,0,0,0,1,0,0,0,0,0,2026-08-23,,,,
BUNMAN2,2-8,SUCK,2026-08-26,0,16,0,0,0,0,16,0,0,0,0,0,2026-08-23,,,,
BUNMAN2,2-9,FARROW_WAIT,2026-08-26,11,0,0,0,0,0,11,0,0,0,0,0,2026-08-23,,,,
GEOMJUNG,1-1,,2026-08-26,100,0,0,0,0,0,100,0,0,0,0,0,2026-08-25,2026-05-21,kg,,
GEOMJUNG,1-2,,2026-08-26,100,0,0,0,0,0,100,0,0,0,0,0,2026-08-25,2026-05-28,kg,,
GEOMJUNG,1-3,,2026-08-26,100,0,0,0,0,0,100,0,0,0,0,0,2026-08-25,2026-05-28,kg,,
GEOMJUNG,1-4,,2026-08-26,7,0,0,0,0,0,7,0,0,0,0,0,2026-05-25,2026-02-13,kg,,
GEOMJUNG,1-5,,2026-08-26,44,0,0,0,0,0,44,0,0,0,0,0,2026-05-25,2026-02-13,kg,,
GEOMJUNG,1-6,,2026-08-26,75,0,0,0,0,0,75,0,0,0,0,0,2026-05-25,2026-02-13,kg,,
GEOMJUNG,1-7,,2026-08-26,80,0,0,0,0,0,80,0,0,0,0,0,2026-06-14,2026-03-05,kg,,
GEOMJUNG,1-8,,2026-08-26,30,0,0,0,0,0,30,0,0,0,0,0,2026-06-14,2026-03-05,kg,,
GEOMJUNG,2-1,,2026-08-26,67,0,0,0,0,0,67,0,0,0,0,0,2026-06-15,2026-03-12,kg,,
GEOMJUNG,2-2,,2026-08-26,66,0,0,0,2,0,64,0,0,0,0,0,2026-06-15,2026-03-12,kg,,
GEOMJUNG,2-3,,2026-08-26,72,0,0,0,7,0,65,0,0,0,0,0,2026-06-15,2026-03-12,kg,,
GEOMJUNG,2-4,,2026-08-26,58,0,0,0,0,0,58,0,0,0,0,0,2026-06-09,2026-03-05,kg,,
GEOMJUNG,2-5,,2026-08-26,83,0,0,0,2,0,81,0,0,0,0,0,2026-06-09,2026-03-05,kg,,
GEOMJUNG,2-6,,2026-08-26,57,0,0,0,1,0,56,0,0,0,0,0,2026-06-09,2026-03-05,kg,,
GEOMJUNG,2-7,,2026-08-26,36,0,0,0,2,0,34,0,0,0,0,0,2026-06-09,2026-03-05,kg,,
GEOMJUNG,2-8,,2026-08-26,16,0,0,0,1,0,15,0,0,0,0,0,2026-06-09,2026-03-05,kg,,
GEOMJUNG,3-1,,2026-08-26,80,0,0,0,4,0,76,0,0,0,0,0,2026-06-23,2026-03-19,kg,,
GEOMJUNG,3-2,,2026-08-26,65,0,0,0,6,0,59,0,0,0,0,0,2026-06-23,2026-03-26,kg,,
GEOMJUNG,3-3,,2026-08-26,81,0,0,0,0,0,81,0,0,0,0,0,2026-06-23,2026-03-26,kg,,
GEOMJUNG,3-4,,2026-08-26,88,0,0,0,0,0,88,0,0,0,0,0,2026-06-30,2026-03-26,kg,,
GEOMJUNG,3-5,,2026-08-26,89,0,0,0,0,0,89,0,0,0,0,0,2026-06-30,2026-04-04,kg,,
GEOMJUNG,3-6,,2026-08-26,75,0,0,0,0,0,75,0,0,0,0,0,2026-06-30,2026-04-04,kg,,
GEOMJUNG,3-7,,2026-08-26,92,0,0,0,0,1,91,0,0,0,0,0,2026-06-15,2026-04-04,kg,,
GEOMJUNG,3-8,,2026-08-26,48,0,0,0,0,0,48,0,0,0,0,0,2026-06-15,2026-04-09,kg,,
GEOMJUNG,4-1,,2026-08-26,100,0,0,0,0,0,100,0,0,0,0,0,2026-07-28,2026-04-17,kg,,
GEOMJUNG,4-2,,2026-08-26,97,0,0,0,0,1,96,0,0,0,0,0,2026-07-28,2026-04-17,kg,,
GEOMJUNG,4-3,,2026-08-26,99,0,0,0,0,0,99,0,0,0,0,0,2026-07-21,2026-04-17,kg,,
GEOMJUNG,4-4,,2026-08-26,100,0,0,0,0,0,100,0,0,0,0,0,2026-07-21,2026-04-09,kg,,
GEOMJUNG,4-5,,2026-08-26,100,0,0,0,0,0,100,0,0,0,0,0,2026-07-21,2026-04-09,kg,,
GEOMJUNG,4-6,,2026-08-26,97,0,0,0,0,0,97,0,0,0,0,0,2026-07-21,2026-04-09,kg,,
GEOMJUNG,4-7,,2026-08-26,100,0,0,0,0,0,100,0,0,0,0,0,2026-07-21,2026-04-09,kg,,
GEOMJUNG,4-8,,2026-08-26,49,0,0,0,0,0,49,0,0,0,0,0,2026-07-21,2026-04-09,kg,,
GEOMJUNG,5-1,,2026-08-26,100,0,0,0,0,0,100,0,0,0,0,0,2026-08-18,2026-05-14,kg,,
GEOMJUNG,5-2,,2026-08-26,100,0,0,0,0,0,100,0,0,0,0,0,2026-08-18,2026-05-14,kg,,
GEOMJUNG,5-3,,2026-08-26,100,0,0,0,0,0,100,0,0,0,0,0,2026-08-18,2026-05-14,kg,,
GEOMJUNG,5-4,,2026-08-26,100,0,0,0,0,0,100,0,0,0,0,0,2026-08-18,2026-05-14,kg,,
GEOMJUNG,5-5,,2026-08-26,99,0,0,0,0,0,99,0,0,0,0,0,2026-08-04,2026-05-04,kg,,
GEOMJUNG,5-6,,2026-08-26,100,0,0,0,0,0,100,0,0,0,0,0,2026-08-04,2026-05-04,kg,,
GEOMJUNG,5-7,,2026-08-26,100,0,0,0,0,0,100,0,0,0,0,0,2026-08-04,2026-05-04,kg,,
GEOMJUNG,5-8,,2026-08-26,100,0,0,0,0,0,100,0,0,0,0,0,2026-08-04,2026-05-04,kg,,
IMSIN1,,CAND_F,2026-08-26,0,0,0,0,0,0,0,0,0,0,0,0,,,,,
IMSIN1,,PREG,2026-08-26,345,17,0,2,0,0,360,0,0,0,2,0,,,,,
IMSIN1,,STAY_S,2026-08-26,0,0,0,0,0,0,0,0,0,0,0,0,,,,,
IMSIN2,,CAND_F,2026-08-26,0,0,0,0,0,0,0,0,0,0,0,0,,,,,
IMSIN2,,PREG,2026-08-26,353,0,0,0,0,0,353,0,0,0,0,0,,,,,
IMSIN2,,STAY_S,2026-08-26,0,0,0,0,0,0,0,0,0,0,0,0,,,,,
JADON,1-1,,2026-08-26,130,0,0,0,0,0,130,0,0,0,0,0,2026-07-23,2026-07-02,5,암,
JADON,1-10,,2026-08-26,131,0,0,0,0,1,130,0,0,0,0,0,/,2026-07-16,,암,
JADON,1-11,,2026-08-26,130,0,0,0,0,0,130,0,0,0,0,0,,2026-07-16,,암,
JADON,1-12,,2026-08-26,134,0,0,0,0,0,134,0,0,0,0,0,/,2026-07-16,,수,암55
JADON,1-13,,2026-08-26,132,0,0,0,0,0,132,0,0,0,0,0,8-13,2026-07-23,4.92,암,
JADON,1-14,,2026-08-26,132,0,0,0,0,0,132,0,0,0,0,0,/,2026-07-23,,수,
JADON,1-2,,2026-08-26,129,0,0,0,0,0,129,0,0,0,0,0,/,2026-07-02,,수,
JADON,1-3,,2026-08-26,140,0,0,0,0,0,140,0,0,0,0,0,7-30,2026-07-09,4.8,수,
JADON,1-4,,2026-08-26,140,0,0,0,0,0,140,0,0,0,0,0,/,2026-07-09,,암수,수44
JADON,1-5,,2026-08-26,139,0,0,0,0,0,139,0,0,0,0,0,/,2026-07-09,,암,
JADON,1-6,,2026-08-26,129,0,0,0,0,1,128,0,0,0,0,0,/,2026-07-09,,암,
JADON,1-7,,2026-08-26,130,0,0,0,0,0,130,0,0,0,0,0,/,2026-07-09,,수,
JADON,1-8,,2026-08-26,131,0,0,0,0,0,131,0,0,0,0,0,8-6,2026-07-16,4.9,수,
JADON,1-9,,2026-08-26,129,0,0,0,0,0,129,0,0,0,0,0,/,2026-07-16,,암수,암42
JADON,2-1,,2026-08-26,138,0,0,0,0,0,138,0,0,0,0,0,/,2026-07-23,,암수,35암
JADON,2-10,,2026-08-26,0,0,0,0,0,0,0,0,0,0,0,0,/,,,,
JADON,2-11,,2026-08-26,0,0,0,0,0,0,0,0,0,0,0,0,/,,,,
JADON,2-12,,2026-08-26,143,0,0,0,0,0,143,0,0,0,0,0,7-23,2026-07-02,5,암,
JADON,2-13,,2026-08-26,129,0,0,0,0,0,129,0,0,0,0,0,/,2026-07-02,,암,암68
JADON,2-14,,2026-08-26,132,0,0,0,0,1,131,0,0,0,0,0,/,2026-07-02,,암,
JADON,2-2,,2026-08-26,131,0,0,0,0,0,131,0,0,0,0,0,,2026-07-23,,수,
JADON,2-3,,2026-08-26,132,0,0,0,0,0,132,0,0,0,0,0,/,2026-07-23,,암,
JADON,2-4,,2026-08-26,204,0,0,0,0,0,204,0,0,0,0,0,8/20,2026-07-30,5.2,암,
JADON,2-5,,2026-08-26,199,0,0,0,0,0,199,0,0,0,0,0,/,2026-07-30,,암/수,93암
JADON,2-6,,2026-08-26,202,0,0,0,0,0,202,0,0,0,0,0,/,2026-07-30,,수,
JADON,2-7,,2026-08-26,0,0,0,0,0,0,0,0,0,0,0,0,/,,,,
JADON,2-8,,2026-08-26,0,0,0,0,0,0,0,0,0,0,0,0,/,,,,
JADON,2-9,,2026-08-26,0,0,0,0,0,0,0,0,0,0,0,0,/,,,,
JONGBU,,BOAR,2026-08-26,0,0,0,0,0,0,0,0,0,0,0,0,,,,,
JONGBU,,CAND_F,2026-08-26,21,16,1,0,0,0,36,0,0,0,0,0,,,,,
JONGBU,,PREG,2026-08-26,267,1,17,0,0,0,251,0,0,0,0,0,,,,,
JONGBU,,STAY_L,2026-08-26,0,0,0,0,0,0,0,0,0,0,0,0,,,,,
JONGBU,,STAY_S,2026-08-26,0,0,0,0,0,0,0,0,0,0,0,0,,,,,
JONGBU,,WEAN_PIG,2026-08-26,8,0,0,0,0,0,8,0,0,0,0,0,,,,,
SUNCHI,,CAND_F,2026-08-26,179,0,16,0,0,0,163,0,0,0,0,0,,,,,
SUNCHI,,CAND_M,2026-08-26,12,0,0,0,0,0,12,0,0,0,0,0,,,,,
SUNCHI,,PREG,2026-08-26,0,0,0,0,0,0,0,0,0,0,0,0,,,,,
SUNCHI,,STAY,2026-08-26,10,2,0,0,0,0,12,0,0,0,0,0,,,,,
SUNCHI,,WEAN_SOW,2026-08-26,1,0,0,0,0,0,1,0,0,0,0,0,,,,,
YUKSUNG,1-1,,2026-08-26,402,0,0,0,0,0,402,0,0,0,0,0,2026-08-10,2026-06-11,kg,수,
YUKSUNG,1-2,,2026-08-26,415,0,0,0,0,0,415,0,0,0,0,0,2026-08-17,2026-06-18,kg,수,
YUKSUNG,1-3,,2026-08-26,408,0,0,0,0,0,408,0,0,0,0,0,2026-08-24,2026-06-25,kg,수,
YUKSUNG,1-4,,2026-08-26,0,0,0,0,0,0,0,0,0,0,0,0,2026-07-13,2026-05-14,kg,수,
YUKSUNG,1-5,,2026-08-26,52,0,0,0,0,0,52,0,0,0,0,0,2026-07-20,2026-05-21,kg,수,
YUKSUNG,1-6,,2026-08-26,409,0,0,0,0,0,409,0,0,0,0,0,2026-07-27,2026-05-28,kg,수,
YUKSUNG,1-7,,2026-08-26,399,0,0,0,0,0,399,0,0,0,0,0,2026-08-03,2026-06-04,kg,수,
YUKSUNG,2-1,,2026-08-26,124,0,0,0,0,0,124,0,0,0,0,0,,,kg,암,
YUKSUNG,2-2,,2026-08-26,267,0,0,0,0,0,267,0,0,0,0,0,2026-08-10,2026-06-11,kg,암,
YUKSUNG,2-3,,2026-08-26,266,0,0,0,0,0,266,0,0,0,0,0,2026-08-17,2026-06-18,kg,암,
YUKSUNG,2-4,,2026-08-26,250,0,0,0,0,0,250,0,0,0,0,0,2026-08-24,2026-06-25,kg,암,
YUKSUNG,2-5,,2026-08-26,0,0,0,0,0,0,0,0,0,0,0,0,,,kg,암,
YUKSUNG,2-6,,2026-08-26,0,0,0,0,0,0,0,0,0,0,0,0,2026-07-20,2026-05-21,kg,암,
YUKSUNG,2-7,,2026-08-26,19,0,0,0,0,0,19,0,0,0,0,0,2026-07-27,2026-05-28,kg,암,
YUKSUNG,2-8,,2026-08-26,226,0,0,0,0,1,225,0,0,0,0,0,2026-08-03,2026-06-04,kg,암,
BIYUK_M,1-1,,2026-08-27,67,0,0,0,0,0,67,0,0,0,0,0,2026-06-02,2026-03-05,kg,,
BIYUK_M,1-2,,2026-08-27,129,0,0,0,0,0,129,0,0,0,0,0,2026-06-02,2026-03-05,kg,,
BIYUK_M,1-3,,2026-08-27,111,0,0,0,0,0,111,0,0,0,0,0,2026-06-09,2026-03-12,kg,,
BIYUK_M,1-4,,2026-08-27,163,0,0,0,0,0,163,0,0,0,0,0,2026-06-09,2026-03-12,kg,,
BIYUK_M,1-5,,2026-08-27,189,0,0,0,0,0,189,0,0,0,0,0,2026-06-15,2026-03-19,kg,,
BIYUK_M,1-6,,2026-08-27,162,0,0,0,0,2,160,0,0,0,0,0,2026-06-15,2026-03-26,kg,,
BIYUK_M,3-1,,2026-08-27,196,0,0,0,0,0,196,0,0,0,0,0,2026-06-23,2026-03-26,kg,,
BIYUK_M,3-2,,2026-08-27,191,0,0,0,0,0,191,0,0,0,0,0,2026-06-23,2026-04-04,kg,,
BIYUK_M,3-3,,2026-08-27,198,0,0,0,0,0,198,0,0,0,0,0,2026-06-30,2026-04-04,kg,,
BIYUK_M,3-4,,2026-08-27,194,0,0,0,0,0,194,0,0,0,0,0,2026-06-30,2026-04-09,kg,,
BIYUK_M,3-5,,2026-08-27,204,0,0,0,0,1,203,0,0,0,0,0,2026-07-15,2026-04-09,kg,,
BIYUK_M,3-6,,2026-08-27,208,0,0,0,0,0,208,0,0,0,0,0,2026-07-15,2026-04-17,kg,,
BIYUK_M,4-1,,2026-08-27,180,0,0,0,0,0,180,0,0,0,0,0,2026-07-21,2026-04-17,kg,,
BIYUK_M,4-2,,2026-08-27,183,0,0,0,0,0,183,0,0,0,0,0,2026-07-21,2026-04-17,kg,,
BIYUK_M,4-3,,2026-08-27,182,0,0,0,0,0,182,0,0,0,0,0,2026-07-28,2026-04-30,kg,,
BIYUK_M,4-4,,2026-08-27,184,0,0,0,0,0,184,0,0,0,0,0,2026-07-28,2026-04-30,kg,,
BIYUK_M,4-5,,2026-08-27,183,0,0,0,0,0,183,0,0,0,0,0,2026-08-04,2026-05-07,kg,,
BIYUK_M,4-6,,2026-08-27,198,0,0,0,0,0,198,0,0,0,0,0,2026-08-04,2026-05-07,kg,,
BIYUK_M,5-1,,2026-08-27,187,0,0,0,0,0,187,0,0,0,0,0,2026-08-18,2026-05-14,kg,,
BIYUK_M,5-2,,2026-08-27,175,0,0,0,0,0,175,0,0,0,0,0,2026-08-18,2026-05-14,kg,,
BIYUK_M,5-3,,2026-08-27,188,0,0,0,0,0,188,0,0,0,0,0,2026-08-25,2026-05-21,kg,,
BIYUK_M,5-4,,2026-08-27,188,0,0,0,0,0,188,0,0,0,0,0,2026-08-25,2026-05-21,kg,,
BIYUK_M,5-5,,2026-08-27,0,0,0,0,0,0,0,0,0,0,0,0,/,,kg,,
BIYUK_M,5-6,,2026-08-27,0,0,0,0,0,0,0,0,0,0,0,0,2026-05-19,2026-02-26,kg,,
BIYUK_M,6-1,,2026-08-27,0,0,0,0,0,0,0,0,0,0,0,0,2026-05-26,2026-02-26,kg,,
BIYUK_M,6-2,,2026-08-27,54,0,0,0,0,0,54,0,0,0,0,0,2026-05-26,2026-02-26,kg,,
BIYUK_M,6-3,,2026-08-27,0,0,0,0,0,0,0,0,0,0,0,0,2026-05-26,2026-02-26,kg,,
BIYUK_M,6-4,,2026-08-27,0,0,0,0,0,0,0,0,0,0,0,0,2026-05-26,2026-02-26,kg,,
BUNMAN1,1-1,LACT_SOW,2026-08-27,12,0,12,0,0,0,0,0,0,0,0,0,2026-08-12,,,,
BUNMAN1,1-1,SUCK,2026-08-27,143,0,143,0,0,0,0,0,143,0,0,0,2026-08-12,,,,
BUNMAN1,1-10,LACT_SOW,2026-08-27,11,1,0,0,0,0,12,0,0,0,0,0,,,,,
BUNMAN1,1-10,SUCK,2026-08-27,130,10,0,0,0,0,140,0,0,0,0,0,,,,,
BUNMAN1,1-2,LACT_SOW,2026-08-27,12,0,12,0,0,0,0,0,0,0,0,0,,,,,
BUNMAN1,1-2,SUCK,2026-08-27,109,0,109,0,0,0,0,0,109,0,0,0,,,,,
BUNMAN1,1-3,LACT_SOW,2026-08-27,12,0,12,0,0,0,0,0,0,0,0,0,,,,,
BUNMAN1,1-3,SUCK,2026-08-27,122,0,122,0,0,0,0,0,122,0,0,0,,,,,
BUNMAN1,1-4,LACT_SOW,2026-08-27,12,0,12,0,0,0,0,0,0,0,0,0,,,,,
BUNMAN1,1-4,SUCK,2026-08-27,112,0,112,0,0,0,0,0,112,0,0,0,,,,,
BUNMAN1,1-5,LACT_SOW,2026-08-27,8,0,8,0,0,0,0,0,0,0,0,0,,,,,
BUNMAN1,1-5,SUCK,2026-08-27,103,0,103,0,0,0,0,0,93,0,0,0,,,,,
BUNMAN1,1-6,LACT_SOW,2026-08-27,12,0,0,0,0,0,12,0,0,0,0,0,2026-07-09,,,,
BUNMAN1,1-6,SUCK,2026-08-27,132,0,0,0,0,0,132,0,0,0,0,0,2026-07-09,,,,
BUNMAN1,1-7,LACT_SOW,2026-08-27,12,0,0,0,0,0,12,0,0,0,0,0,2026-07-12,,,,
BUNMAN1,1-7,SUCK,2026-08-27,139,0,0,0,0,1,138,0,0,0,0,0,2026-07-12,,,,
BUNMAN1,1-8,LACT_SOW,2026-08-27,12,0,0,0,0,0,12,0,0,0,0,0,,,,,
BUNMAN1,1-8,SUCK,2026-08-27,143,0,0,0,0,0,143,0,0,0,0,0,,,,,
BUNMAN1,1-9,LACT_SOW,2026-08-27,12,0,0,0,0,0,12,0,0,0,0,0,,,,,
BUNMAN1,1-9,SUCK,2026-08-27,149,0,0,0,0,1,148,0,0,0,0,0,,,,,
BUNMAN2,2-1,LACT_SOW,2026-08-27,12,0,0,0,0,0,12,0,0,0,0,0,2026-08-16,,,,
BUNMAN2,2-1,SUCK,2026-08-27,133,0,0,0,0,1,132,0,0,0,0,0,2026-08-16,,,,
BUNMAN2,2-10,FARROW_WAIT,2026-08-27,12,0,0,0,0,0,12,0,0,0,0,0,2026-08-23,,,,
BUNMAN2,2-11,FARROW_WAIT,2026-08-27,12,0,0,0,0,0,12,0,0,0,0,0,2026-08-23,,,,
BUNMAN2,2-2,LACT_SOW,2026-08-27,11,0,0,0,0,0,11,0,0,0,0,0,2026-08-16,,,,
BUNMAN2,2-2,SUCK,2026-08-27,131,0,0,0,0,1,130,0,0,0,0,0,2026-08-16,,,,
BUNMAN2,2-3,LACT_SOW,2026-08-27,12,0,0,0,0,0,12,0,0,0,0,0,2026-08-16,,,,
BUNMAN2,2-3,SUCK,2026-08-27,146,0,0,0,0,0,146,0,0,0,0,0,2026-08-16,,,,
BUNMAN2,2-4,LACT_SOW,2026-08-27,11,0,0,0,0,1,10,0,0,0,0,0,2026-08-16,,,,
BUNMAN2,2-4,SUCK,2026-08-27,141,0,0,0,0,2,139,0,0,0,0,0,2026-08-16,,,,
BUNMAN2,2-5,FARROW_WAIT,2026-08-27,5,0,0,5,0,0,0,0,0,0,0,0,2026-08-16,,,,
BUNMAN2,2-5,LACT_SOW,2026-08-27,6,5,0,0,0,0,11,0,0,0,0,0,2026-08-16,,,,
BUNMAN2,2-5,SUCK,2026-08-27,73,58,0,0,0,0,131,0,0,0,0,0,2026-08-16,,,,
BUNMAN2,2-6,FARROW_WAIT,2026-08-27,10,0,0,6,0,0,4,0,0,0,0,0,2026-08-16,,,,
BUNMAN2,2-6,LACT_SOW,2026-08-27,2,6,0,0,0,0,8,0,0,0,0,0,2026-08-16,,,,
BUNMAN2,2-6,SUCK,2026-08-27,26,83,0,0,0,0,109,0,0,0,0,0,2026-08-16,,,,
BUNMAN2,2-7,FARROW_WAIT,2026-08-27,11,0,0,6,0,0,5,0,0,0,0,0,2026-08-23,,,,
BUNMAN2,2-7,LACT_SOW,2026-08-27,1,6,0,0,0,0,7,0,0,0,0,0,2026-08-23,,,,
BUNMAN2,2-7,SUCK,2026-08-27,14,79,0,0,0,1,92,0,0,0,0,0,2026-08-23,,,,
BUNMAN2,2-8,FARROW_WAIT,2026-08-27,11,0,0,0,0,0,11,0,0,0,0,0,2026-08-23,,,,
BUNMAN2,2-8,LACT_SOW,2026-08-27,1,0,0,0,0,0,1,0,0,0,0,0,2026-08-23,,,,
BUNMAN2,2-8,SUCK,2026-08-27,16,0,0,0,0,0,16,0,0,0,0,0,2026-08-23,,,,
BUNMAN2,2-9,FARROW_WAIT,2026-08-27,11,0,0,2,0,0,9,0,0,0,0,0,2026-08-23,,,,
BUNMAN2,2-9,LACT_SOW,2026-08-27,0,2,0,0,0,0,2,0,0,0,0,0,2026-08-23,,,,
BUNMAN2,2-9,SUCK,2026-08-27,0,23,0,0,0,0,23,0,0,0,0,0,2026-08-23,,,,
GEOMJUNG,1-1,,2026-08-27,100,0,0,0,0,0,100,0,0,0,0,0,2026-08-25,2026-05-21,kg,,
GEOMJUNG,1-2,,2026-08-27,100,0,0,0,0,0,100,0,0,0,0,0,2026-08-25,2026-05-28,kg,,
GEOMJUNG,1-3,,2026-08-27,100,0,0,0,0,0,100,0,0,0,0,0,2026-08-25,2026-05-28,kg,,
GEOMJUNG,1-4,,2026-08-27,7,0,6,0,0,1,0,0,0,0,0,0,2026-05-25,2026-02-13,kg,,
GEOMJUNG,1-5,,2026-08-27,44,0,39,0,5,0,0,0,0,0,0,0,2026-05-25,2026-02-13,kg,,
GEOMJUNG,1-6,,2026-08-27,75,0,39,0,6,0,30,0,0,0,0,0,2026-05-25,2026-02-13,kg,,
GEOMJUNG,1-7,,2026-08-27,80,0,41,0,1,0,38,0,0,0,0,0,2026-06-14,2026-03-05,kg,,
GEOMJUNG,1-8,,2026-08-27,30,0,0,0,4,0,26,0,0,0,0,0,2026-06-14,2026-03-05,kg,,
GEOMJUNG,2-1,,2026-08-27,67,0,0,0,16,0,51,0,0,0,0,0,2026-06-15,2026-03-12,kg,,
GEOMJUNG,2-2,,2026-08-27,64,0,0,0,13,0,51,0,0,0,0,0,2026-06-15,2026-03-12,kg,,
GEOMJUNG,2-3,,2026-08-27,65,0,0,0,10,0,55,0,0,0,0,0,2026-06-15,2026-03-12,kg,,
GEOMJUNG,2-4,,2026-08-27,58,0,0,0,10,0,48,0,0,0,0,0,2026-06-09,2026-03-05,kg,,
GEOMJUNG,2-5,,2026-08-27,81,0,0,0,2,1,78,0,0,0,0,0,2026-06-09,2026-03-05,kg,,
GEOMJUNG,2-6,,2026-08-27,56,0,0,0,2,0,54,0,0,0,0,0,2026-06-09,2026-03-05,kg,,
GEOMJUNG,2-7,,2026-08-27,34,0,0,0,1,0,33,0,0,0,0,0,2026-06-09,2026-03-05,kg,,
GEOMJUNG,2-8,,2026-08-27,15,0,0,0,0,0,15,0,0,0,0,0,2026-06-09,2026-03-05,kg,,
GEOMJUNG,3-1,,2026-08-27,76,0,0,0,8,0,68,0,0,0,0,0,2026-06-23,2026-03-19,kg,,
GEOMJUNG,3-2,,2026-08-27,59,0,0,0,0,0,59,0,0,0,0,0,2026-06-23,2026-03-26,kg,,
GEOMJUNG,3-3,,2026-08-27,81,0,0,0,5,0,76,0,0,0,0,0,2026-06-23,2026-03-26,kg,,
GEOMJUNG,3-4,,2026-08-27,88,0,0,0,3,0,85,0,0,0,0,0,2026-06-30,2026-03-26,kg,,
GEOMJUNG,3-5,,2026-08-27,89,0,0,0,4,0,85,0,0,0,0,0,2026-06-30,2026-04-04,kg,,
GEOMJUNG,3-6,,2026-08-27,75,0,0,0,0,0,75,0,0,0,0,0,2026-06-30,2026-04-04,kg,,
GEOMJUNG,3-7,,2026-08-27,91,0,0,0,0,0,91,0,0,0,0,0,2026-06-15,2026-04-04,kg,,
GEOMJUNG,3-8,,2026-08-27,48,0,0,0,0,0,48,0,0,0,0,0,2026-06-15,2026-04-09,kg,,
GEOMJUNG,4-1,,2026-08-27,100,0,0,0,0,0,100,0,0,0,0,0,2026-07-28,2026-04-17,kg,,
GEOMJUNG,4-2,,2026-08-27,96,0,0,0,0,1,95,0,0,0,0,0,2026-07-28,2026-04-17,kg,,
GEOMJUNG,4-3,,2026-08-27,99,0,0,0,0,0,99,0,0,0,0,0,2026-07-21,2026-04-17,kg,,
GEOMJUNG,4-4,,2026-08-27,100,0,0,0,0,0,100,0,0,0,0,0,2026-07-21,2026-04-09,kg,,
GEOMJUNG,4-5,,2026-08-27,100,0,0,0,0,0,100,0,0,0,0,0,2026-07-21,2026-04-09,kg,,
GEOMJUNG,4-6,,2026-08-27,97,0,0,0,0,0,97,0,0,0,0,0,2026-07-21,2026-04-09,kg,,
GEOMJUNG,4-7,,2026-08-27,100,0,0,0,0,0,100,0,0,0,0,0,2026-07-21,2026-04-09,kg,,
GEOMJUNG,4-8,,2026-08-27,49,0,0,0,0,0,49,0,0,0,0,0,2026-07-21,2026-04-09,kg,,
GEOMJUNG,5-1,,2026-08-27,100,0,0,0,0,0,100,0,0,0,0,0,2026-08-18,2026-05-14,kg,,
GEOMJUNG,5-2,,2026-08-27,100,0,0,0,0,0,100,0,0,0,0,0,2026-08-18,2026-05-14,kg,,
GEOMJUNG,5-3,,2026-08-27,100,0,0,0,0,0,100,0,0,0,0,0,2026-08-18,2026-05-14,kg,,
GEOMJUNG,5-4,,2026-08-27,100,0,0,0,0,0,100,0,0,0,0,0,2026-08-18,2026-05-14,kg,,
GEOMJUNG,5-5,,2026-08-27,99,0,0,0,0,0,99,0,0,0,0,0,2026-08-04,2026-05-04,kg,,
GEOMJUNG,5-6,,2026-08-27,100,0,0,0,0,0,100,0,0,0,0,0,2026-08-04,2026-05-04,kg,,
GEOMJUNG,5-7,,2026-08-27,100,0,0,0,0,0,100,0,0,0,0,0,2026-08-04,2026-05-04,kg,,
GEOMJUNG,5-8,,2026-08-27,100,0,0,0,0,0,100,0,0,0,0,0,2026-08-04,2026-05-04,kg,,
IMSIN1,,CAND_F,2026-08-27,0,0,0,0,0,0,0,0,0,0,0,0,,,,,
IMSIN1,,PREG,2026-08-27,360,0,0,0,0,0,360,0,0,0,0,0,,,,,
IMSIN1,,STAY_S,2026-08-27,0,0,0,0,0,0,0,0,0,0,0,0,,,,,
IMSIN2,,CAND_F,2026-08-27,0,0,0,0,0,0,0,0,0,0,0,0,,,,,
IMSIN2,,PREG,2026-08-27,353,0,0,0,0,0,353,0,0,0,0,0,,,,,
IMSIN2,,STAY_S,2026-08-27,0,0,0,0,0,0,0,0,0,0,0,0,,,,,
JADON,1-1,,2026-08-27,130,0,0,0,0,0,130,0,0,0,0,0,2026-07-23,2026-07-02,5,암,
JADON,1-10,,2026-08-27,130,0,0,0,0,0,130,0,0,0,0,0,/,2026-07-16,,암,
JADON,1-11,,2026-08-27,130,0,0,0,0,0,130,0,0,0,0,0,,2026-07-16,,암,
JADON,1-12,,2026-08-27,134,0,0,0,0,0,134,0,0,0,0,0,/,2026-07-16,,수,암55
JADON,1-13,,2026-08-27,132,0,0,0,0,0,132,0,0,0,0,0,8-13,2026-07-23,4.92,암,
JADON,1-14,,2026-08-27,132,0,0,0,0,0,132,0,0,0,0,0,/,2026-07-23,,수,
JADON,1-2,,2026-08-27,129,0,0,0,0,0,129,0,0,0,0,0,/,2026-07-02,,수,
JADON,1-3,,2026-08-27,140,0,0,0,0,0,140,0,0,0,0,0,7-30,2026-07-09,4.8,수,
JADON,1-4,,2026-08-27,140,0,0,0,0,1,139,0,0,0,0,0,/,2026-07-09,,암수,수44
JADON,1-5,,2026-08-27,139,0,0,0,0,0,139,0,0,0,0,0,/,2026-07-09,,암,
JADON,1-6,,2026-08-27,128,0,0,0,0,0,128,0,0,0,0,0,/,2026-07-09,,암,
JADON,1-7,,2026-08-27,130,0,0,0,0,1,129,0,0,0,0,0,/,2026-07-09,,수,
JADON,1-8,,2026-08-27,131,0,0,0,0,0,131,0,0,0,0,0,8-6,2026-07-16,4.9,수,
JADON,1-9,,2026-08-27,129,0,0,0,0,0,129,0,0,0,0,0,/,2026-07-16,,암수,암42
JADON,2-1,,2026-08-27,138,0,0,0,0,0,138,0,0,0,0,0,/,2026-07-23,,암수,35암
JADON,2-10,,2026-08-27,0,194,0,0,0,0,194,0,0,0,0,0,/,,,암/수,80암
JADON,2-11,,2026-08-27,0,195,0,0,0,0,195,0,0,0,0,0,/,,,암,
JADON,2-12,,2026-08-27,143,0,0,0,0,0,143,0,0,0,0,0,7-23,2026-07-02,5,암,
JADON,2-13,,2026-08-27,129,0,0,0,0,0,129,0,0,0,0,0,/,2026-07-02,,암,암68
JADON,2-14,,2026-08-27,131,0,0,0,0,0,131,0,0,0,0,0,/,2026-07-02,,암,
JADON,2-2,,2026-08-27,131,0,0,0,0,1,130,0,0,0,0,0,,2026-07-23,,수,
JADON,2-3,,2026-08-27,132,0,0,0,0,0,132,0,0,0,0,0,/,2026-07-23,,암,
JADON,2-4,,2026-08-27,204,0,0,83,0,0,121,0,0,0,0,0,8/20,2026-07-30,5.2,암,
JADON,2-5,,2026-08-27,199,0,0,78,0,0,121,0,0,0,0,0,/,2026-07-30,,암/수,93암
JADON,2-6,,2026-08-27,202,0,0,81,0,0,121,0,0,0,0,0,/,2026-07-30,,수,
JADON,2-7,,2026-08-27,0,121,0,0,0,0,121,0,0,0,0,0,/,,,수,
JADON,2-8,,2026-08-27,0,121,0,0,0,0,121,0,0,0,0,0,/,,,암,
JADON,2-9,,2026-08-27,0,190,0,0,0,0,190,0,0,0,0,0,8/27,2026-08-06,5.52,수,
JONGBU,,BOAR,2026-08-27,0,0,0,0,0,0,0,0,0,0,0,0,,,,,
JONGBU,,CAND_F,2026-08-27,36,0,1,0,0,0,35,0,0,0,0,0,,,,,
JONGBU,,PREG,2026-08-27,251,3,0,0,0,0,254,0,0,0,0,0,,,,,
JONGBU,,STAY_L,2026-08-27,0,0,0,0,0,0,0,0,0,0,0,0,,,,,
JONGBU,,STAY_S,2026-08-27,0,0,0,0,0,0,0,0,0,0,0,0,,,,,
JONGBU,,WEAN_PIG,2026-08-27,8,0,2,0,0,0,6,0,0,0,0,0,,,,,
SUNCHI,,CAND_F,2026-08-27,163,0,0,0,0,0,163,0,0,0,0,0,,,,,
SUNCHI,,CAND_M,2026-08-27,12,0,0,0,0,0,12,0,0,0,0,0,,,,,
SUNCHI,,PREG,2026-08-27,0,0,0,0,0,0,0,0,0,0,0,0,,,,,
SUNCHI,,STAY,2026-08-27,12,0,0,0,0,0,12,0,0,0,0,0,,,,,
SUNCHI,,WEAN_SOW,2026-08-27,1,55,0,0,0,0,56,0,0,0,0,0,,,,,
YUKSUNG,1-1,,2026-08-27,402,0,0,0,0,0,402,0,0,0,0,0,2026-08-10,2026-06-11,kg,수,
YUKSUNG,1-2,,2026-08-27,415,0,0,0,0,0,415,0,0,0,0,0,2026-08-17,2026-06-18,kg,수,
YUKSUNG,1-3,,2026-08-27,408,0,0,0,0,0,408,0,0,0,0,0,2026-08-24,2026-06-25,kg,수,
YUKSUNG,1-4,,2026-08-27,0,0,0,0,0,0,0,0,0,0,0,0,2026-07-13,2026-05-14,kg,수,
YUKSUNG,1-5,,2026-08-27,52,0,0,0,0,0,52,0,0,0,0,0,2026-07-20,2026-05-21,kg,수,
YUKSUNG,1-6,,2026-08-27,409,0,0,0,0,0,409,0,0,0,0,0,2026-07-27,2026-05-28,kg,수,
YUKSUNG,1-7,,2026-08-27,399,0,0,0,0,0,399,0,0,0,0,0,2026-08-03,2026-06-04,kg,수,
YUKSUNG,2-1,,2026-08-27,124,0,0,0,0,0,124,0,0,0,0,0,,,kg,암,
YUKSUNG,2-2,,2026-08-27,267,0,0,0,0,0,267,0,0,0,0,0,2026-08-10,2026-06-11,kg,암,
YUKSUNG,2-3,,2026-08-27,266,0,0,0,0,0,266,0,0,0,0,0,2026-08-17,2026-06-18,kg,암,
YUKSUNG,2-4,,2026-08-27,250,0,0,0,0,0,250,0,0,0,0,0,2026-08-24,2026-06-25,kg,암,
YUKSUNG,2-5,,2026-08-27,0,0,0,0,0,0,0,0,0,0,0,0,,,kg,암,
YUKSUNG,2-6,,2026-08-27,0,0,0,0,0,0,0,0,0,0,0,0,2026-07-20,2026-05-21,kg,암,
YUKSUNG,2-7,,2026-08-27,19,0,0,0,0,0,19,0,0,0,0,0,2026-07-27,2026-05-28,kg,암,
YUKSUNG,2-8,,2026-08-27,225,0,0,0,0,0,225,0,0,0,0,0,2026-08-03,2026-06-04,kg,암,
BIYUK_M,1-1,,2026-08-28,67,0,0,0,0,0,67,0,0,0,0,0,2026-06-02,2026-03-05,kg,,
BIYUK_M,1-2,,2026-08-28,129,0,0,0,0,0,129,0,0,0,0,0,2026-06-02,2026-03-05,kg,,
BIYUK_M,1-3,,2026-08-28,111,0,0,0,0,0,111,0,0,0,0,0,2026-06-09,2026-03-12,kg,,
BIYUK_M,1-4,,2026-08-28,163,0,0,0,0,0,163,0,0,0,0,0,2026-06-09,2026-03-12,kg,,
BIYUK_M,1-5,,2026-08-28,189,0,0,0,0,0,189,0,0,0,0,0,2026-06-15,2026-03-19,kg,,
BIYUK_M,1-6,,2026-08-28,160,0,0,0,0,0,160,0,0,0,0,0,2026-06-15,2026-03-26,kg,,
BIYUK_M,3-1,,2026-08-28,196,0,0,0,0,0,196,0,0,0,0,0,2026-06-23,2026-03-26,kg,,
BIYUK_M,3-2,,2026-08-28,191,0,0,0,0,0,191,0,0,0,0,0,2026-06-23,2026-04-04,kg,,
BIYUK_M,3-3,,2026-08-28,198,0,0,0,0,0,198,0,0,0,0,0,2026-06-30,2026-04-04,kg,,
BIYUK_M,3-4,,2026-08-28,194,0,0,0,0,0,194,0,0,0,0,0,2026-06-30,2026-04-09,kg,,
BIYUK_M,3-5,,2026-08-28,203,0,0,0,0,0,203,0,0,0,0,0,2026-07-15,2026-04-09,kg,,
BIYUK_M,3-6,,2026-08-28,208,0,0,0,0,0,208,0,0,0,0,0,2026-07-15,2026-04-17,kg,,
BIYUK_M,4-1,,2026-08-28,180,0,0,0,0,0,180,0,0,0,0,0,2026-07-21,2026-04-17,kg,,
BIYUK_M,4-2,,2026-08-28,183,0,0,0,0,0,183,0,0,0,0,0,2026-07-21,2026-04-17,kg,,
BIYUK_M,4-3,,2026-08-28,182,0,0,0,0,0,182,0,0,0,0,0,2026-07-28,2026-04-30,kg,,
BIYUK_M,4-4,,2026-08-28,184,0,0,0,0,0,184,0,0,0,0,0,2026-07-28,2026-04-30,kg,,
BIYUK_M,4-5,,2026-08-28,183,0,0,0,0,0,183,0,0,0,0,0,2026-08-04,2026-05-07,kg,,
BIYUK_M,4-6,,2026-08-28,198,0,0,0,0,0,198,0,0,0,0,0,2026-08-04,2026-05-07,kg,,
BIYUK_M,5-1,,2026-08-28,187,0,0,0,0,0,187,0,0,0,0,0,2026-08-18,2026-05-14,kg,,
BIYUK_M,5-2,,2026-08-28,175,0,0,0,0,0,175,0,0,0,0,0,2026-08-18,2026-05-14,kg,,
BIYUK_M,5-3,,2026-08-28,188,0,0,0,0,0,188,0,0,0,0,0,2026-08-25,2026-05-21,kg,,
BIYUK_M,5-4,,2026-08-28,188,0,0,0,0,0,188,0,0,0,0,0,2026-08-25,2026-05-21,kg,,
BIYUK_M,5-5,,2026-08-28,0,0,0,0,0,0,0,0,0,0,0,0,/,,kg,,
BIYUK_M,5-6,,2026-08-28,0,0,0,0,0,0,0,0,0,0,0,0,2026-05-19,2026-02-26,kg,,
BIYUK_M,6-1,,2026-08-28,0,0,0,0,0,0,0,0,0,0,0,0,2026-05-26,2026-02-26,kg,,
BIYUK_M,6-2,,2026-08-28,54,0,0,0,0,0,54,0,0,0,0,0,2026-05-26,2026-02-26,kg,,
BIYUK_M,6-3,,2026-08-28,0,0,0,0,0,0,0,0,0,0,0,0,2026-05-26,2026-02-26,kg,,
BIYUK_M,6-4,,2026-08-28,0,0,0,0,0,0,0,0,0,0,0,0,2026-05-26,2026-02-26,kg,,
BUNMAN1,1-10,LACT_SOW,2026-08-28,12,0,0,0,0,0,12,0,0,0,0,0,,,,,
BUNMAN1,1-10,SUCK,2026-08-28,140,0,0,0,0,0,140,0,0,0,0,0,,,,,
BUNMAN1,1-6,LACT_SOW,2026-08-28,12,0,0,0,0,0,12,0,0,0,0,0,2026-07-09,,,,
BUNMAN1,1-6,SUCK,2026-08-28,132,0,0,0,0,0,132,0,0,0,0,0,2026-07-09,,,,
BUNMAN1,1-7,LACT_SOW,2026-08-28,12,0,0,0,0,0,12,0,0,0,0,0,2026-07-12,,,,
BUNMAN1,1-7,SUCK,2026-08-28,138,0,0,0,0,0,138,0,0,0,0,0,2026-07-12,,,,
BUNMAN1,1-8,LACT_SOW,2026-08-28,12,0,0,0,0,0,12,0,0,0,0,0,,,,,
BUNMAN1,1-8,SUCK,2026-08-28,143,0,0,0,0,0,143,0,0,0,0,0,,,,,
BUNMAN1,1-9,LACT_SOW,2026-08-28,12,0,0,0,0,0,12,0,0,0,0,0,,,,,
BUNMAN1,1-9,SUCK,2026-08-28,148,0,0,0,0,1,147,0,0,0,0,0,,,,,
BUNMAN2,2-1,LACT_SOW,2026-08-28,12,0,0,0,0,0,12,0,0,0,0,0,2026-08-16,,,,
BUNMAN2,2-1,SUCK,2026-08-28,132,0,0,0,0,0,132,0,0,0,0,0,2026-08-16,,,,
BUNMAN2,2-10,FARROW_WAIT,2026-08-28,12,0,0,1,0,0,11,0,0,0,0,0,2026-08-23,,,,
BUNMAN2,2-10,LACT_SOW,2026-08-28,0,1,0,0,0,0,1,0,0,0,0,0,2026-08-23,,,,
BUNMAN2,2-11,FARROW_WAIT,2026-08-28,12,0,0,0,0,0,12,0,0,0,0,0,2026-08-23,,,,
BUNMAN2,2-2,LACT_SOW,2026-08-28,11,0,0,0,0,0,11,0,0,0,0,0,2026-08-16,,,,
BUNMAN2,2-2,SUCK,2026-08-28,130,0,0,0,0,0,130,0,0,0,0,0,2026-08-16,,,,
BUNMAN2,2-3,LACT_SOW,2026-08-28,12,0,0,0,0,0,12,0,0,0,0,0,2026-08-16,,,,
BUNMAN2,2-3,SUCK,2026-08-28,146,0,0,0,0,0,146,0,0,0,0,0,2026-08-16,,,,
BUNMAN2,2-4,LACT_SOW,2026-08-28,10,0,0,0,0,0,10,0,0,0,0,0,2026-08-16,,,,
BUNMAN2,2-4,SUCK,2026-08-28,139,0,0,0,0,0,139,0,0,0,0,0,2026-08-16,,,,
BUNMAN2,2-5,LACT_SOW,2026-08-28,11,0,0,0,0,0,11,0,0,0,0,0,2026-08-16,,,,
BUNMAN2,2-5,SUCK,2026-08-28,131,0,0,0,0,0,131,0,0,0,0,0,2026-08-16,,,,
BUNMAN2,2-6,FARROW_WAIT,2026-08-28,4,0,0,4,0,0,0,0,0,0,0,0,2026-08-16,,,,
BUNMAN2,2-6,LACT_SOW,2026-08-28,8,4,0,0,0,0,12,0,0,0,0,0,2026-08-16,,,,
BUNMAN2,2-6,SUCK,2026-08-28,109,36,0,0,0,0,145,0,0,0,0,0,2026-08-16,,,,
BUNMAN2,2-7,FARROW_WAIT,2026-08-28,5,0,0,5,0,0,0,0,0,0,0,0,2026-08-23,,,,
BUNMAN2,2-7,LACT_SOW,2026-08-28,7,5,0,0,0,0,12,0,0,0,0,0,2026-08-23,,,,
BUNMAN2,2-7,SUCK,2026-08-28,92,64,0,0,0,0,156,0,0,0,0,0,2026-08-23,,,,
BUNMAN2,2-8,FARROW_WAIT,2026-08-28,11,0,0,9,0,0,2,0,0,0,0,0,2026-08-23,,,,
BUNMAN2,2-8,LACT_SOW,2026-08-28,1,9,0,0,0,0,10,0,0,0,0,0,2026-08-23,,,,
BUNMAN2,2-8,SUCK,2026-08-28,16,129,0,0,0,0,145,0,0,0,0,0,2026-08-23,,,,
BUNMAN2,2-9,FARROW_WAIT,2026-08-28,9,0,0,3,0,0,6,0,0,0,0,0,2026-08-23,,,,
BUNMAN2,2-9,LACT_SOW,2026-08-28,2,3,0,0,0,0,5,0,0,0,0,0,2026-08-23,,,,
BUNMAN2,2-9,SUCK,2026-08-28,23,26,0,0,0,3,46,0,0,0,0,0,2026-08-23,,,,
GEOMJUNG,1-1,,2026-08-28,100,0,0,0,0,0,100,0,0,0,0,0,2026-08-25,2026-05-21,kg,,
GEOMJUNG,1-2,,2026-08-28,100,0,0,0,0,0,100,0,0,0,0,0,2026-08-25,2026-05-28,kg,,
GEOMJUNG,1-3,,2026-08-28,100,0,0,0,0,0,100,0,0,0,0,0,2026-08-25,2026-05-28,kg,,
GEOMJUNG,1-4,,2026-08-28,0,0,0,0,0,0,0,0,0,0,0,0,2026-05-25,2026-02-13,kg,,
GEOMJUNG,1-5,,2026-08-28,0,0,0,0,0,0,0,0,0,0,0,0,2026-05-25,2026-02-13,kg,,
GEOMJUNG,1-6,,2026-08-28,30,0,0,0,0,0,30,0,0,0,0,0,2026-05-25,2026-02-13,kg,,
GEOMJUNG,1-7,,2026-08-28,38,0,0,0,0,0,38,0,0,0,0,0,2026-06-14,2026-03-05,kg,,
GEOMJUNG,1-8,,2026-08-28,26,0,0,0,0,0,26,0,0,0,0,0,2026-06-14,2026-03-05,kg,,
GEOMJUNG,2-1,,2026-08-28,51,0,0,0,0,1,50,0,0,0,0,0,2026-06-15,2026-03-12,kg,,
GEOMJUNG,2-2,,2026-08-28,51,0,0,0,0,0,51,0,0,0,0,0,2026-06-15,2026-03-12,kg,,
GEOMJUNG,2-3,,2026-08-28,55,0,0,0,0,0,55,0,0,0,0,0,2026-06-15,2026-03-12,kg,,
GEOMJUNG,2-4,,2026-08-28,48,0,0,0,0,0,48,0,0,0,0,0,2026-06-09,2026-03-05,kg,,
GEOMJUNG,2-5,,2026-08-28,78,0,0,0,0,0,78,0,0,0,0,0,2026-06-09,2026-03-05,kg,,
GEOMJUNG,2-6,,2026-08-28,54,0,0,0,0,0,54,0,0,0,0,0,2026-06-09,2026-03-05,kg,,
GEOMJUNG,2-7,,2026-08-28,33,0,0,0,0,0,33,0,0,0,0,0,2026-06-09,2026-03-05,kg,,
GEOMJUNG,2-8,,2026-08-28,15,0,0,0,0,0,15,0,0,0,0,0,2026-06-09,2026-03-05,kg,,
GEOMJUNG,3-1,,2026-08-28,68,0,0,0,0,0,68,0,0,0,0,0,2026-06-23,2026-03-19,kg,,
GEOMJUNG,3-2,,2026-08-28,59,0,0,0,0,0,59,0,0,0,0,0,2026-06-23,2026-03-26,kg,,
GEOMJUNG,3-3,,2026-08-28,76,0,0,0,0,0,76,0,0,0,0,0,2026-06-23,2026-03-26,kg,,
GEOMJUNG,3-4,,2026-08-28,85,0,0,0,0,0,85,0,0,0,0,0,2026-06-30,2026-03-26,kg,,
GEOMJUNG,3-5,,2026-08-28,85,0,0,0,0,0,85,0,0,0,0,0,2026-06-30,2026-04-04,kg,,
GEOMJUNG,3-6,,2026-08-28,75,0,0,0,0,0,75,0,0,0,0,0,2026-06-30,2026-04-04,kg,,
GEOMJUNG,3-7,,2026-08-28,91,0,0,0,0,0,91,0,0,0,0,0,2026-06-15,2026-04-04,kg,,
GEOMJUNG,3-8,,2026-08-28,48,0,0,0,0,0,48,0,0,0,0,0,2026-06-15,2026-04-09,kg,,
GEOMJUNG,4-1,,2026-08-28,100,0,0,0,0,0,100,0,0,0,0,0,2026-07-28,2026-04-17,kg,,
GEOMJUNG,4-2,,2026-08-28,95,0,0,0,0,0,95,0,0,0,0,0,2026-07-28,2026-04-17,kg,,
GEOMJUNG,4-3,,2026-08-28,99,0,0,0,0,0,99,0,0,0,0,0,2026-07-21,2026-04-17,kg,,
GEOMJUNG,4-4,,2026-08-28,100,0,0,0,0,0,100,0,0,0,0,0,2026-07-21,2026-04-09,kg,,
GEOMJUNG,4-5,,2026-08-28,100,0,0,0,0,0,100,0,0,0,0,0,2026-07-21,2026-04-09,kg,,
GEOMJUNG,4-6,,2026-08-28,97,0,0,0,0,0,97,0,0,0,0,0,2026-07-21,2026-04-09,kg,,
GEOMJUNG,4-7,,2026-08-28,100,0,0,0,0,0,100,0,0,0,0,0,2026-07-21,2026-04-09,kg,,
GEOMJUNG,4-8,,2026-08-28,49,0,0,0,0,0,49,0,0,0,0,0,2026-07-21,2026-04-09,kg,,
GEOMJUNG,5-1,,2026-08-28,100,0,0,0,0,0,100,0,0,0,0,0,2026-08-18,2026-05-14,kg,,
GEOMJUNG,5-2,,2026-08-28,100,0,0,0,0,0,100,0,0,0,0,0,2026-08-18,2026-05-14,kg,,
GEOMJUNG,5-3,,2026-08-28,100,0,0,0,0,0,100,0,0,0,0,0,2026-08-18,2026-05-14,kg,,
GEOMJUNG,5-4,,2026-08-28,100,0,0,0,0,0,100,0,0,0,0,0,2026-08-18,2026-05-14,kg,,
GEOMJUNG,5-5,,2026-08-28,99,0,0,0,0,0,99,0,0,0,0,0,2026-08-04,2026-05-04,kg,,
GEOMJUNG,5-6,,2026-08-28,100,0,0,0,0,0,100,0,0,0,0,0,2026-08-04,2026-05-04,kg,,
GEOMJUNG,5-7,,2026-08-28,100,0,0,0,0,0,100,0,0,0,0,0,2026-08-04,2026-05-04,kg,,
GEOMJUNG,5-8,,2026-08-28,100,0,0,0,0,0,100,0,0,0,0,0,2026-08-04,2026-05-04,kg,,
IMSIN1,,CAND_F,2026-08-28,0,0,0,0,0,0,0,0,0,0,0,0,,,,,
IMSIN1,,PREG,2026-08-28,360,0,0,0,0,0,360,0,0,0,0,0,,,,,
IMSIN1,,STAY_S,2026-08-28,0,0,0,0,0,0,0,0,0,0,0,0,,,,,
IMSIN2,,CAND_F,2026-08-28,0,0,0,0,0,0,0,0,0,0,0,0,,,,,
IMSIN2,,PREG,2026-08-28,353,0,0,0,0,0,353,0,0,0,0,0,,,,,
IMSIN2,,STAY_S,2026-08-28,0,0,0,0,0,0,0,0,0,0,0,0,,,,,
JADON,1-1,,2026-08-28,130,0,0,0,0,0,130,0,0,0,0,0,2026-07-23,2026-07-02,5,암,
JADON,1-10,,2026-08-28,130,0,0,0,0,0,130,0,0,0,0,0,/,2026-07-16,,암,
JADON,1-11,,2026-08-28,130,0,0,0,0,0,130,0,0,0,0,0,,2026-07-16,,암,
JADON,1-12,,2026-08-28,134,0,0,0,0,0,134,0,0,0,0,0,/,2026-07-16,,수,암55
JADON,1-13,,2026-08-28,132,0,0,0,0,0,132,0,0,0,0,0,8-13,2026-07-23,4.92,암,
JADON,1-14,,2026-08-28,132,0,0,0,0,0,132,0,0,0,0,0,/,2026-07-23,,수,
JADON,1-2,,2026-08-28,129,0,0,0,0,0,129,0,0,0,0,0,/,2026-07-02,,수,
JADON,1-3,,2026-08-28,140,0,0,0,0,0,140,0,0,0,0,0,7-30,2026-07-09,4.8,수,
JADON,1-4,,2026-08-28,139,0,0,0,0,0,139,0,0,0,0,0,/,2026-07-09,,암수,수44
JADON,1-5,,2026-08-28,139,0,0,0,0,0,139,0,0,0,0,0,/,2026-07-09,,암,
JADON,1-6,,2026-08-28,128,0,0,0,0,2,126,0,0,0,0,0,/,2026-07-09,,암,
JADON,1-7,,2026-08-28,129,0,0,0,0,0,129,0,0,0,0,0,/,2026-07-09,,수,
JADON,1-8,,2026-08-28,131,0,0,0,0,0,131,0,0,0,0,0,8-6,2026-07-16,4.9,수,
JADON,1-9,,2026-08-28,129,0,0,0,0,0,129,0,0,0,0,0,/,2026-07-16,,암수,암42
JADON,2-1,,2026-08-28,138,0,0,0,0,0,138,0,0,0,0,0,/,2026-07-23,,암수,35암
JADON,2-10,,2026-08-28,194,0,0,0,0,0,194,0,0,0,0,0,/,,,암/수,80암
JADON,2-11,,2026-08-28,195,0,0,0,0,0,195,0,0,0,0,0,/,,,암,
JADON,2-12,,2026-08-28,143,0,0,0,0,1,142,0,0,0,0,0,7-23,2026-07-02,5,암,
JADON,2-13,,2026-08-28,129,0,0,0,0,0,129,0,0,0,0,0,/,2026-07-02,,암,암68
JADON,2-14,,2026-08-28,131,0,0,0,0,0,131,0,0,0,0,0,/,2026-07-02,,암,
JADON,2-2,,2026-08-28,130,0,0,0,0,0,130,0,0,0,0,0,,2026-07-23,,수,
JADON,2-3,,2026-08-28,132,0,0,0,0,0,132,0,0,0,0,0,/,2026-07-23,,암,
JADON,2-4,,2026-08-28,121,0,0,0,0,0,121,0,0,0,0,0,8/20,2026-07-30,5.2,암,
JADON,2-5,,2026-08-28,121,0,0,0,0,0,121,0,0,0,0,0,/,2026-07-30,,암/수,93암
JADON,2-6,,2026-08-28,121,0,0,0,0,0,121,0,0,0,0,0,/,2026-07-30,,수,
JADON,2-7,,2026-08-28,121,0,0,0,0,0,121,0,0,0,0,0,/,,,수,
JADON,2-8,,2026-08-28,121,0,0,0,0,0,121,0,0,0,0,0,/,,,암,
JADON,2-9,,2026-08-28,190,0,0,0,0,0,190,0,0,0,0,0,8/27,2026-08-06,5.52,수,
JONGBU,,BOAR,2026-08-28,0,0,0,0,0,0,0,0,0,0,0,0,,,,,
JONGBU,,CAND_F,2026-08-28,35,0,0,0,0,0,35,0,0,0,0,0,,,,,
JONGBU,,PREG,2026-08-28,254,0,0,0,0,0,254,0,0,0,0,0,,,,,
JONGBU,,STAY_L,2026-08-28,0,0,0,0,0,0,0,0,0,0,0,0,,,,,
JONGBU,,STAY_S,2026-08-28,0,0,0,0,0,0,0,0,0,0,0,0,,,,,
JONGBU,,WEAN_PIG,2026-08-28,6,0,0,0,0,0,6,0,0,0,0,0,,,,,
SUNCHI,,CAND_F,2026-08-28,163,0,0,0,0,0,163,0,0,0,0,0,,,,,
SUNCHI,,CAND_M,2026-08-28,12,0,0,0,0,0,12,0,0,0,0,0,,,,,
SUNCHI,,PREG,2026-08-28,0,0,0,0,0,0,0,0,0,0,0,0,,,,,
SUNCHI,,STAY,2026-08-28,12,0,0,0,0,0,12,0,0,0,0,0,,,,,
SUNCHI,,WEAN_SOW,2026-08-28,56,0,0,0,0,0,56,0,0,0,0,0,,,,,
YUKSUNG,1-1,,2026-08-28,402,0,0,0,0,1,401,0,0,0,0,0,2026-08-10,2026-06-11,kg,수,
YUKSUNG,1-2,,2026-08-28,415,0,0,0,0,0,415,0,0,0,0,0,2026-08-17,2026-06-18,kg,수,
YUKSUNG,1-3,,2026-08-28,408,0,0,0,0,0,408,0,0,0,0,0,2026-08-24,2026-06-25,kg,수,
YUKSUNG,1-4,,2026-08-28,0,0,0,0,0,0,0,0,0,0,0,0,2026-07-13,2026-05-14,kg,수,
YUKSUNG,1-5,,2026-08-28,52,0,0,0,0,0,52,0,0,0,0,0,2026-07-20,2026-05-21,kg,수,
YUKSUNG,1-6,,2026-08-28,409,0,0,0,0,0,409,0,0,0,0,0,2026-07-27,2026-05-28,kg,수,
YUKSUNG,1-7,,2026-08-28,399,0,0,0,0,0,399,0,0,0,0,0,2026-08-03,2026-06-04,kg,수,
YUKSUNG,2-1,,2026-08-28,124,0,0,0,0,0,124,0,0,0,0,0,,,kg,암,
YUKSUNG,2-2,,2026-08-28,267,0,0,0,0,0,267,0,0,0,0,0,2026-08-10,2026-06-11,kg,암,
YUKSUNG,2-3,,2026-08-28,266,0,0,0,0,0,266,0,0,0,0,0,2026-08-17,2026-06-18,kg,암,
YUKSUNG,2-4,,2026-08-28,250,0,0,0,0,0,250,0,0,0,0,0,2026-08-24,2026-06-25,kg,암,
YUKSUNG,2-5,,2026-08-28,0,0,0,0,0,0,0,0,0,0,0,0,,,kg,암,
YUKSUNG,2-6,,2026-08-28,0,0,0,0,0,0,0,0,0,0,0,0,2026-07-20,2026-05-21,kg,암,
YUKSUNG,2-7,,2026-08-28,19,0,0,0,0,0,19,0,0,0,0,0,2026-07-27,2026-05-28,kg,암,
YUKSUNG,2-8,,2026-08-28,225,0,0,0,0,0,225,0,0,0,0,0,2026-08-03,2026-06-04,kg,암,
BIYUK_M,1-1,,2026-08-29,67,0,0,0,0,0,67,0,0,0,0,0,2026-06-02,2026-03-05,kg,,
BIYUK_M,1-2,,2026-08-29,129,0,0,0,0,0,129,0,0,0,0,0,2026-06-02,2026-03-05,kg,,
BIYUK_M,1-3,,2026-08-29,111,0,0,0,0,0,111,0,0,0,0,0,2026-06-09,2026-03-12,kg,,
BIYUK_M,1-4,,2026-08-29,163,0,0,0,0,0,163,0,0,0,0,0,2026-06-09,2026-03-12,kg,,
BIYUK_M,1-5,,2026-08-29,189,0,0,0,0,0,189,0,0,0,0,0,2026-06-15,2026-03-19,kg,,
BIYUK_M,1-6,,2026-08-29,160,0,0,0,0,0,160,0,0,0,0,0,2026-06-15,2026-03-26,kg,,
BIYUK_M,3-1,,2026-08-29,196,0,0,0,0,0,196,0,0,0,0,0,2026-06-23,2026-03-26,kg,,
BIYUK_M,3-2,,2026-08-29,191,0,0,0,0,0,191,0,0,0,0,0,2026-06-23,2026-04-04,kg,,
BIYUK_M,3-3,,2026-08-29,198,0,0,0,0,0,198,0,0,0,0,0,2026-06-30,2026-04-04,kg,,
BIYUK_M,3-4,,2026-08-29,194,0,0,0,0,0,194,0,0,0,0,0,2026-06-30,2026-04-09,kg,,
BIYUK_M,3-5,,2026-08-29,203,0,0,0,0,0,203,0,0,0,0,0,2026-07-15,2026-04-09,kg,,
BIYUK_M,3-6,,2026-08-29,208,0,0,0,0,0,208,0,0,0,0,0,2026-07-15,2026-04-17,kg,,
BIYUK_M,4-1,,2026-08-29,180,0,0,0,0,0,180,0,0,0,0,0,2026-07-21,2026-04-17,kg,,
BIYUK_M,4-2,,2026-08-29,183,0,0,0,0,0,183,0,0,0,0,0,2026-07-21,2026-04-17,kg,,
BIYUK_M,4-3,,2026-08-29,182,0,0,0,0,0,182,0,0,0,0,0,2026-07-28,2026-04-30,kg,,
BIYUK_M,4-4,,2026-08-29,184,0,0,0,0,0,184,0,0,0,0,0,2026-07-28,2026-04-30,kg,,
BIYUK_M,4-5,,2026-08-29,183,0,0,0,0,0,183,0,0,0,0,0,2026-08-04,2026-05-07,kg,,
BIYUK_M,4-6,,2026-08-29,198,0,0,0,0,0,198,0,0,0,0,0,2026-08-04,2026-05-07,kg,,
BIYUK_M,5-1,,2026-08-29,187,0,0,0,0,0,187,0,0,0,0,0,2026-08-18,2026-05-14,kg,,
BIYUK_M,5-2,,2026-08-29,175,0,0,0,0,0,175,0,0,0,0,0,2026-08-18,2026-05-14,kg,,
BIYUK_M,5-3,,2026-08-29,188,0,0,0,0,0,188,0,0,0,0,0,2026-08-25,2026-05-21,kg,,
BIYUK_M,5-4,,2026-08-29,188,0,0,0,0,0,188,0,0,0,0,0,2026-08-25,2026-05-21,kg,,
BIYUK_M,5-5,,2026-08-29,0,0,0,0,0,0,0,0,0,0,0,0,/,,kg,,
BIYUK_M,5-6,,2026-08-29,0,0,0,0,0,0,0,0,0,0,0,0,/,,kg,,
BIYUK_M,6-1,,2026-08-29,0,0,0,0,0,0,0,0,0,0,0,0,2026-05-26,2026-02-26,kg,,
BIYUK_M,6-2,,2026-08-29,54,0,0,0,0,1,53,0,0,0,0,0,2026-05-26,2026-02-26,kg,,
BIYUK_M,6-3,,2026-08-29,0,0,0,0,0,0,0,0,0,0,0,0,2026-05-26,2026-02-26,kg,,
BIYUK_M,6-4,,2026-08-29,0,0,0,0,0,0,0,0,0,0,0,0,2026-05-26,2026-02-26,kg,,
BUNMAN1,1-10,LACT_SOW,2026-08-29,12,0,0,0,0,0,12,0,0,0,0,0,,,,,
BUNMAN1,1-10,SUCK,2026-08-29,140,0,0,0,0,0,140,0,0,0,0,0,,,,,
BUNMAN1,1-6,LACT_SOW,2026-08-29,12,0,0,0,0,0,12,0,0,0,0,0,2026-07-09,,,,
BUNMAN1,1-6,SUCK,2026-08-29,132,0,0,0,0,1,131,0,0,0,0,0,2026-07-09,,,,
BUNMAN1,1-7,LACT_SOW,2026-08-29,12,0,0,0,0,0,12,0,0,0,0,0,2026-07-12,,,,
BUNMAN1,1-7,SUCK,2026-08-29,138,0,0,0,0,0,138,0,0,0,0,0,2026-07-12,,,,
BUNMAN1,1-8,LACT_SOW,2026-08-29,12,0,0,0,0,0,12,0,0,0,0,0,,,,,
BUNMAN1,1-8,SUCK,2026-08-29,143,0,0,0,0,0,143,0,0,0,0,0,,,,,
BUNMAN1,1-9,LACT_SOW,2026-08-29,12,0,0,0,0,0,12,0,0,0,0,0,,,,,
BUNMAN1,1-9,SUCK,2026-08-29,147,0,0,0,0,0,147,0,0,0,0,0,,,,,
BUNMAN2,2-1,LACT_SOW,2026-08-29,12,0,0,0,0,0,12,0,0,0,0,0,2026-08-16,,,,
BUNMAN2,2-1,SUCK,2026-08-29,132,0,0,0,0,1,131,0,0,0,0,0,2026-08-16,,,,
BUNMAN2,2-10,FARROW_WAIT,2026-08-29,11,0,0,0,0,1,10,0,0,0,0,0,2026-08-23,,,,
BUNMAN2,2-10,LACT_SOW,2026-08-29,1,0,0,0,0,1,0,0,0,0,0,0,2026-08-23,,,,
BUNMAN2,2-11,FARROW_WAIT,2026-08-29,12,0,0,0,0,0,12,0,0,0,0,0,2026-08-23,,,,
BUNMAN2,2-2,LACT_SOW,2026-08-29,11,0,0,0,0,0,11,0,0,0,0,0,2026-08-16,,,,
BUNMAN2,2-2,SUCK,2026-08-29,130,0,0,0,0,0,130,0,0,0,0,0,2026-08-16,,,,
BUNMAN2,2-3,LACT_SOW,2026-08-29,12,0,0,0,0,0,12,0,0,0,0,0,2026-08-16,,,,
BUNMAN2,2-3,SUCK,2026-08-29,146,0,0,0,0,0,146,0,0,0,0,0,2026-08-16,,,,
BUNMAN2,2-4,LACT_SOW,2026-08-29,10,0,0,0,0,0,10,0,0,0,0,0,2026-08-16,,,,
BUNMAN2,2-4,SUCK,2026-08-29,139,0,0,0,0,1,138,0,0,0,0,0,2026-08-16,,,,
BUNMAN2,2-5,LACT_SOW,2026-08-29,11,0,0,0,0,0,11,0,0,0,0,0,2026-08-16,,,,
BUNMAN2,2-5,SUCK,2026-08-29,131,0,0,0,0,0,131,0,0,0,0,0,2026-08-16,,,,
BUNMAN2,2-6,LACT_SOW,2026-08-29,12,0,0,0,0,0,12,0,0,0,0,0,2026-08-16,,,,
BUNMAN2,2-6,SUCK,2026-08-29,145,0,0,0,0,2,143,0,0,0,0,0,2026-08-16,,,,
BUNMAN2,2-7,LACT_SOW,2026-08-29,12,0,0,0,0,0,12,0,0,0,0,0,2026-08-23,,,,
BUNMAN2,2-7,SUCK,2026-08-29,156,0,0,0,0,1,155,0,0,0,0,0,2026-08-23,,,,
BUNMAN2,2-8,FARROW_WAIT,2026-08-29,2,0,0,2,0,0,0,0,0,0,0,0,2026-08-23,,,,
BUNMAN2,2-8,LACT_SOW,2026-08-29,10,2,0,0,0,0,12,0,0,0,0,0,2026-08-23,,,,
BUNMAN2,2-8,SUCK,2026-08-29,145,28,0,0,0,4,169,0,0,0,0,0,2026-08-23,,,,
BUNMAN2,2-9,FARROW_WAIT,2026-08-29,6,0,0,3,0,0,3,0,0,0,0,0,2026-08-23,,,,
BUNMAN2,2-9,LACT_SOW,2026-08-29,5,3,0,0,0,0,8,0,0,0,0,0,2026-08-23,,,,
BUNMAN2,2-9,SUCK,2026-08-29,46,39,0,0,0,0,85,0,0,0,0,0,2026-08-23,,,,
GEOMJUNG,1-1,,2026-08-29,100,0,0,0,0,0,100,0,0,0,0,0,2026-08-25,2026-05-21,kg,,
GEOMJUNG,1-2,,2026-08-29,100,0,0,0,0,0,100,0,0,0,0,0,2026-08-25,2026-05-28,kg,,
GEOMJUNG,1-3,,2026-08-29,100,0,0,0,0,0,100,0,0,0,0,0,2026-08-25,2026-05-28,kg,,
GEOMJUNG,1-4,,2026-08-29,0,0,0,0,0,0,0,0,0,0,0,0,2026-05-25,2026-02-13,kg,,
GEOMJUNG,1-5,,2026-08-29,0,0,0,0,0,0,0,0,0,0,0,0,2026-05-25,2026-02-13,kg,,
GEOMJUNG,1-6,,2026-08-29,30,0,0,0,0,0,30,0,0,0,0,0,2026-05-25,2026-02-13,kg,,
GEOMJUNG,1-7,,2026-08-29,38,0,0,0,0,0,38,0,0,0,0,0,2026-06-14,2026-03-05,kg,,
GEOMJUNG,1-8,,2026-08-29,26,0,0,0,0,0,26,0,0,0,0,0,2026-06-14,2026-03-05,kg,,
GEOMJUNG,2-1,,2026-08-29,50,0,0,0,0,0,50,0,0,0,0,0,2026-06-15,2026-03-12,kg,,
GEOMJUNG,2-2,,2026-08-29,51,0,0,0,0,0,51,0,0,0,0,0,2026-06-15,2026-03-12,kg,,
GEOMJUNG,2-3,,2026-08-29,55,0,0,0,0,0,55,0,0,0,0,0,2026-06-15,2026-03-12,kg,,
GEOMJUNG,2-4,,2026-08-29,48,0,0,0,0,0,48,0,0,0,0,0,2026-06-09,2026-03-05,kg,,
GEOMJUNG,2-5,,2026-08-29,78,0,0,0,0,0,78,0,0,0,0,0,2026-06-09,2026-03-05,kg,,
GEOMJUNG,2-6,,2026-08-29,54,0,0,0,0,0,54,0,0,0,0,0,2026-06-09,2026-03-05,kg,,
GEOMJUNG,2-7,,2026-08-29,33,0,0,0,0,0,33,0,0,0,0,0,2026-06-09,2026-03-05,kg,,
GEOMJUNG,2-8,,2026-08-29,15,0,0,0,0,0,15,0,0,0,0,0,2026-06-09,2026-03-05,kg,,
GEOMJUNG,3-1,,2026-08-29,68,0,0,0,0,0,68,0,0,0,0,0,2026-06-23,2026-03-19,kg,,
GEOMJUNG,3-2,,2026-08-29,59,0,0,0,0,0,59,0,0,0,0,0,2026-06-23,2026-03-26,kg,,
GEOMJUNG,3-3,,2026-08-29,76,0,0,0,0,0,76,0,0,0,0,0,2026-06-23,2026-03-26,kg,,
GEOMJUNG,3-4,,2026-08-29,85,0,0,0,0,0,85,0,0,0,0,0,2026-06-30,2026-03-26,kg,,
GEOMJUNG,3-5,,2026-08-29,85,0,0,0,0,0,85,0,0,0,0,0,2026-06-30,2026-04-04,kg,,
GEOMJUNG,3-6,,2026-08-29,75,0,0,0,0,0,75,0,0,0,0,0,2026-06-30,2026-04-04,kg,,
GEOMJUNG,3-7,,2026-08-29,91,0,0,0,0,0,91,0,0,0,0,0,2026-06-15,2026-04-04,kg,,
GEOMJUNG,3-8,,2026-08-29,48,0,0,0,0,0,48,0,0,0,0,0,2026-06-15,2026-04-09,kg,,
GEOMJUNG,4-1,,2026-08-29,100,0,0,0,0,0,100,0,0,0,0,0,2026-07-28,2026-04-17,kg,,
GEOMJUNG,4-2,,2026-08-29,95,0,0,0,0,0,95,0,0,0,0,0,2026-07-28,2026-04-17,kg,,
GEOMJUNG,4-3,,2026-08-29,99,0,0,0,0,0,99,0,0,0,0,0,2026-07-21,2026-04-17,kg,,
GEOMJUNG,4-4,,2026-08-29,100,0,0,0,0,0,100,0,0,0,0,0,2026-07-21,2026-04-09,kg,,
GEOMJUNG,4-5,,2026-08-29,100,0,0,0,0,0,100,0,0,0,0,0,2026-07-21,2026-04-09,kg,,
GEOMJUNG,4-6,,2026-08-29,97,0,0,0,0,0,97,0,0,0,0,0,2026-07-21,2026-04-09,kg,,
GEOMJUNG,4-7,,2026-08-29,100,0,0,0,0,0,100,0,0,0,0,0,2026-07-21,2026-04-09,kg,,
GEOMJUNG,4-8,,2026-08-29,49,0,0,0,0,0,49,0,0,0,0,0,2026-07-21,2026-04-09,kg,,
GEOMJUNG,5-1,,2026-08-29,100,0,0,0,0,0,100,0,0,0,0,0,2026-08-18,2026-05-14,kg,,
GEOMJUNG,5-2,,2026-08-29,100,0,0,0,0,0,100,0,0,0,0,0,2026-08-18,2026-05-14,kg,,
GEOMJUNG,5-3,,2026-08-29,100,0,0,0,0,0,100,0,0,0,0,0,2026-08-18,2026-05-14,kg,,
GEOMJUNG,5-4,,2026-08-29,100,0,0,0,0,0,100,0,0,0,0,0,2026-08-18,2026-05-14,kg,,
GEOMJUNG,5-5,,2026-08-29,99,0,0,0,0,0,99,0,0,0,0,0,2026-08-04,2026-05-04,kg,,
GEOMJUNG,5-6,,2026-08-29,100,0,0,0,0,0,100,0,0,0,0,0,2026-08-04,2026-05-04,kg,,
GEOMJUNG,5-7,,2026-08-29,100,0,0,0,0,0,100,0,0,0,0,0,2026-08-04,2026-05-04,kg,,
GEOMJUNG,5-8,,2026-08-29,100,0,0,0,0,0,100,0,0,0,0,0,2026-08-04,2026-05-04,kg,,
IMSIN1,,CAND_F,2026-08-29,0,0,0,0,0,0,0,0,0,0,0,0,,,,,
IMSIN1,,PREG,2026-08-29,360,0,0,0,0,0,360,0,0,0,0,0,,,,,
IMSIN1,,STAY_S,2026-08-29,0,0,0,0,0,0,0,0,0,0,0,0,,,,,
IMSIN2,,CAND_F,2026-08-29,0,0,0,0,0,0,0,0,0,0,0,0,,,,,
IMSIN2,,PREG,2026-08-29,353,0,0,0,0,0,353,0,0,0,0,0,,,,,
IMSIN2,,STAY_S,2026-08-29,0,0,0,0,0,0,0,0,0,0,0,0,,,,,
JADON,1-1,,2026-08-29,130,0,0,0,0,0,130,0,0,0,0,0,2026-07-23,2026-07-02,5,암,
JADON,1-10,,2026-08-29,130,0,0,0,0,0,130,0,0,0,0,0,/,2026-07-16,,암,
JADON,1-11,,2026-08-29,130,0,0,0,0,0,130,0,0,0,0,0,,2026-07-16,,암,
JADON,1-12,,2026-08-29,134,0,0,0,0,0,134,0,0,0,0,0,/,2026-07-16,,수,암55
JADON,1-13,,2026-08-29,132,0,0,0,0,0,132,0,0,0,0,0,8-13,2026-07-23,4.92,암,
JADON,1-14,,2026-08-29,132,0,0,0,0,0,132,0,0,0,0,0,/,2026-07-23,,수,
JADON,1-2,,2026-08-29,129,0,0,0,0,1,128,0,0,0,0,0,/,2026-07-02,,수,
JADON,1-3,,2026-08-29,140,0,0,0,0,0,140,0,0,0,0,0,7-30,2026-07-09,4.8,수,
JADON,1-4,,2026-08-29,139,0,0,0,0,0,139,0,0,0,0,0,/,2026-07-09,,암수,수44
JADON,1-5,,2026-08-29,139,0,0,0,0,0,139,0,0,0,0,0,/,2026-07-09,,암,
JADON,1-6,,2026-08-29,126,0,0,0,0,0,126,0,0,0,0,0,/,2026-07-09,,암,
JADON,1-7,,2026-08-29,129,0,0,0,0,0,129,0,0,0,0,0,/,2026-07-09,,수,
JADON,1-8,,2026-08-29,131,0,0,0,0,0,131,0,0,0,0,0,8-6,2026-07-16,4.9,수,
JADON,1-9,,2026-08-29,129,0,0,0,0,0,129,0,0,0,0,0,/,2026-07-16,,암수,암42
JADON,2-1,,2026-08-29,138,0,0,0,0,0,138,0,0,0,0,0,/,2026-07-23,,암수,35암
JADON,2-10,,2026-08-29,194,0,0,0,0,0,194,0,0,0,0,0,/,,,암/수,80암
JADON,2-11,,2026-08-29,195,0,0,0,0,0,195,0,0,0,0,0,/,,,암,
JADON,2-12,,2026-08-29,142,0,0,0,0,0,142,0,0,0,0,0,7-23,2026-07-02,5,암,
JADON,2-13,,2026-08-29,129,0,0,0,0,0,129,0,0,0,0,0,/,2026-07-02,,암,암68
JADON,2-14,,2026-08-29,131,0,0,0,0,0,131,0,0,0,0,0,/,2026-07-02,,암,
JADON,2-2,,2026-08-29,130,0,0,0,0,0,130,0,0,0,0,0,,2026-07-23,,수,
JADON,2-3,,2026-08-29,132,0,0,0,0,1,131,0,0,0,0,0,/,2026-07-23,,암,
JADON,2-4,,2026-08-29,121,0,0,0,0,0,121,0,0,0,0,0,8/20,2026-07-30,5.2,암,
JADON,2-5,,2026-08-29,121,0,0,0,0,0,121,0,0,0,0,0,/,2026-07-30,,암/수,93암
JADON,2-6,,2026-08-29,121,0,0,0,0,0,121,0,0,0,0,0,/,2026-07-30,,수,
JADON,2-7,,2026-08-29,121,0,0,0,0,0,121,0,0,0,0,0,/,,,수,
JADON,2-8,,2026-08-29,121,0,0,0,0,0,121,0,0,0,0,0,/,,,암,
JADON,2-9,,2026-08-29,190,0,0,0,0,0,190,0,0,0,0,0,8/27,2026-08-06,5.52,수,
JONGBU,,BOAR,2026-08-29,0,0,0,0,0,0,0,0,0,0,0,0,,,,,
JONGBU,,CAND_F,2026-08-29,35,0,0,0,0,0,35,0,0,0,0,0,,,,,
JONGBU,,PREG,2026-08-29,254,0,0,0,0,0,254,0,0,0,0,0,,,,,
JONGBU,,STAY_L,2026-08-29,0,0,0,0,0,0,0,0,0,0,0,0,,,,,
JONGBU,,STAY_S,2026-08-29,0,0,0,0,0,0,0,0,0,0,0,0,,,,,
JONGBU,,WEAN_PIG,2026-08-29,6,0,6,0,0,0,0,0,0,0,0,0,,,,,
SUNCHI,,CAND_F,2026-08-29,163,0,0,0,0,0,163,0,0,0,0,0,,,,,
SUNCHI,,CAND_M,2026-08-29,12,0,0,0,0,0,12,0,0,0,0,0,,,,,
SUNCHI,,PREG,2026-08-29,0,0,0,0,0,0,0,0,0,0,0,0,,,,,
SUNCHI,,STAY,2026-08-29,12,6,0,0,0,0,18,0,0,0,0,0,,,,,
SUNCHI,,WEAN_SOW,2026-08-29,56,0,0,0,0,0,56,0,0,0,0,0,,,,,
YUKSUNG,1-1,,2026-08-29,401,0,0,0,0,0,401,0,0,0,0,0,2026-08-10,2026-06-11,kg,수,
YUKSUNG,1-2,,2026-08-29,415,0,0,0,0,0,415,0,0,0,0,0,2026-08-17,2026-06-18,kg,수,
YUKSUNG,1-3,,2026-08-29,408,0,0,0,0,0,408,0,0,0,0,0,2026-08-24,2026-06-25,kg,수,
YUKSUNG,1-4,,2026-08-29,0,0,0,0,0,0,0,0,0,0,0,0,2026-07-13,2026-05-14,kg,수,
YUKSUNG,1-5,,2026-08-29,52,0,0,0,0,0,52,0,0,0,0,0,2026-07-20,2026-05-21,kg,수,
YUKSUNG,1-6,,2026-08-29,409,0,0,0,0,0,409,0,0,0,0,0,2026-07-27,2026-05-28,kg,수,
YUKSUNG,1-7,,2026-08-29,399,0,0,0,0,0,399,0,0,0,0,0,2026-08-03,2026-06-04,kg,수,
YUKSUNG,2-1,,2026-08-29,124,0,0,0,0,0,124,0,0,0,0,0,,,kg,암,
YUKSUNG,2-2,,2026-08-29,267,0,0,0,0,0,267,0,0,0,0,0,2026-08-10,2026-06-11,kg,암,
YUKSUNG,2-3,,2026-08-29,266,0,0,0,0,0,266,0,0,0,0,0,2026-08-17,2026-06-18,kg,암,
YUKSUNG,2-4,,2026-08-29,250,0,0,0,0,0,250,0,0,0,0,0,2026-08-24,2026-06-25,kg,암,
YUKSUNG,2-5,,2026-08-29,0,0,0,0,0,0,0,0,0,0,0,0,,,kg,암,
YUKSUNG,2-6,,2026-08-29,0,0,0,0,0,0,0,0,0,0,0,0,2026-07-20,2026-05-21,kg,암,
YUKSUNG,2-7,,2026-08-29,19,0,0,0,0,1,18,0,0,0,0,0,2026-07-27,2026-05-28,kg,암,
YUKSUNG,2-8,,2026-08-29,225,0,0,0,0,0,225,0,0,0,0,0,2026-08-03,2026-06-04,kg,암,
BIYUK_M,1-1,,2026-08-30,67,0,0,0,45,0,22,0,0,0,0,0,2026-06-02,2026-03-05,kg,,
BIYUK_M,1-2,,2026-08-30,129,28,0,0,43,0,114,0,0,0,0,0,2026-06-02,2026-03-05,kg,,
BIYUK_M,1-3,,2026-08-30,111,0,0,0,34,0,77,0,0,0,0,0,2026-06-09,2026-03-12,kg,,
BIYUK_M,1-4,,2026-08-30,163,0,0,0,24,0,139,0,0,0,0,0,2026-06-09,2026-03-12,kg,,
BIYUK_M,1-5,,2026-08-30,189,0,0,0,30,0,159,0,0,0,0,0,2026-06-15,2026-03-19,kg,,
BIYUK_M,1-6,,2026-08-30,160,0,0,0,10,0,150,0,0,0,0,0,2026-06-15,2026-03-26,kg,,
BIYUK_M,3-1,,2026-08-30,196,0,0,0,0,0,196,0,0,0,0,0,2026-06-23,2026-03-26,kg,,
BIYUK_M,3-2,,2026-08-30,191,0,0,0,0,0,191,0,0,0,0,0,2026-06-23,2026-04-04,kg,,
BIYUK_M,3-3,,2026-08-30,198,0,0,0,0,0,198,0,0,0,0,0,2026-06-30,2026-04-04,kg,,
BIYUK_M,3-4,,2026-08-30,194,0,0,0,0,0,194,0,0,0,0,0,2026-06-30,2026-04-09,kg,,
BIYUK_M,3-5,,2026-08-30,203,0,0,0,0,1,202,0,0,0,0,0,2026-07-15,2026-04-09,kg,,
BIYUK_M,3-6,,2026-08-30,208,0,0,0,0,1,207,0,0,0,0,0,2026-07-15,2026-04-17,kg,,
BIYUK_M,4-1,,2026-08-30,180,0,0,0,0,0,180,0,0,0,0,0,2026-07-21,2026-04-17,kg,,
BIYUK_M,4-2,,2026-08-30,183,0,0,0,0,0,183,0,0,0,0,0,2026-07-21,2026-04-17,kg,,
BIYUK_M,4-3,,2026-08-30,182,0,0,0,0,0,182,0,0,0,0,0,2026-07-28,2026-04-30,kg,,
BIYUK_M,4-4,,2026-08-30,184,0,0,0,0,0,184,0,0,0,0,0,2026-07-28,2026-04-30,kg,,
BIYUK_M,4-5,,2026-08-30,183,0,0,0,0,0,183,0,0,0,0,0,2026-08-04,2026-05-07,kg,,
BIYUK_M,4-6,,2026-08-30,198,0,14,0,0,0,184,0,0,0,0,0,2026-08-04,2026-05-07,kg,,
BIYUK_M,5-1,,2026-08-30,187,0,0,0,0,0,187,0,0,0,0,0,2026-08-18,2026-05-14,kg,,
BIYUK_M,5-2,,2026-08-30,175,14,0,0,0,0,189,0,0,0,0,0,2026-08-18,2026-05-14,kg,,
BIYUK_M,5-3,,2026-08-30,188,0,0,0,0,0,188,0,0,0,0,0,2026-08-25,2026-05-21,kg,,
BIYUK_M,5-4,,2026-08-30,188,0,0,0,0,0,188,0,0,0,0,0,2026-08-25,2026-05-21,kg,,
BIYUK_M,5-5,,2026-08-30,0,0,0,0,0,0,0,0,0,0,0,0,/,,kg,,
BIYUK_M,5-6,,2026-08-30,0,0,0,0,0,0,0,0,0,0,0,0,2026-05-19,2026-02-26,kg,,
BIYUK_M,6-1,,2026-08-30,0,0,0,0,0,0,0,0,0,0,0,0,2026-05-26,2026-02-26,kg,,
BIYUK_M,6-2,,2026-08-30,53,0,28,0,25,0,0,0,0,0,0,0,2026-05-26,2026-02-26,kg,,
BIYUK_M,6-3,,2026-08-30,0,0,0,0,0,0,0,0,0,0,0,0,2026-05-26,2026-02-26,kg,,
BIYUK_M,6-4,,2026-08-30,0,0,0,0,0,0,0,0,0,0,0,0,2026-05-26,2026-02-26,kg,,
BUNMAN1,1-1,FARROW_WAIT,2026-08-30,0,12,0,0,0,0,12,0,0,0,0,0,2026-08-30,,,,
BUNMAN1,1-10,LACT_SOW,2026-08-30,12,0,0,0,0,0,12,0,0,0,0,0,,,,,
BUNMAN1,1-10,SUCK,2026-08-30,140,0,0,0,0,0,140,0,0,0,0,0,,,,,
BUNMAN1,1-2,FARROW_WAIT,2026-08-30,0,12,0,0,0,0,12,0,0,0,0,0,2026-08-30,,,,
BUNMAN1,1-3,FARROW_WAIT,2026-08-30,0,12,0,0,0,0,12,0,0,0,0,0,2026-08-30,,,,
BUNMAN1,1-4,FARROW_WAIT,2026-08-30,0,12,0,0,0,0,12,0,0,0,0,0,2026-08-30,,,,
BUNMAN1,1-5,FARROW_WAIT,2026-08-30,0,8,0,0,0,0,8,0,0,0,0,0,2026-08-30,,,,
BUNMAN1,1-6,LACT_SOW,2026-08-30,12,0,0,0,0,0,12,0,0,0,0,0,2026-07-09,,,,
BUNMAN1,1-6,SUCK,2026-08-30,131,0,0,0,0,0,131,0,0,0,0,0,2026-07-09,,,,
BUNMAN1,1-7,LACT_SOW,2026-08-30,12,0,0,0,0,0,12,0,0,0,0,0,2026-07-12,,,,
BUNMAN1,1-7,SUCK,2026-08-30,138,0,0,0,0,0,138,0,0,0,0,0,2026-07-12,,,,
BUNMAN1,1-8,LACT_SOW,2026-08-30,12,0,0,0,0,0,12,0,0,0,0,0,,,,,
BUNMAN1,1-8,SUCK,2026-08-30,143,0,0,0,0,0,143,0,0,0,0,0,,,,,
BUNMAN1,1-9,LACT_SOW,2026-08-30,12,0,0,0,0,0,12,0,0,0,0,0,,,,,
BUNMAN1,1-9,SUCK,2026-08-30,147,0,0,0,0,0,147,0,0,0,0,0,,,,,
BUNMAN2,2-1,LACT_SOW,2026-08-30,12,0,0,0,0,0,12,0,0,0,0,0,2026-08-16,,,,
BUNMAN2,2-1,SUCK,2026-08-30,131,0,0,0,0,0,131,0,0,0,0,0,2026-08-16,,,,
BUNMAN2,2-10,FARROW_WAIT,2026-08-30,10,0,0,0,0,0,10,0,0,0,0,0,2026-08-23,,,,
BUNMAN2,2-11,FARROW_WAIT,2026-08-30,12,0,0,0,0,0,12,0,0,0,0,0,2026-08-23,,,,
BUNMAN2,2-2,LACT_SOW,2026-08-30,11,0,0,0,0,0,11,0,0,0,0,0,2026-08-16,,,,
BUNMAN2,2-2,SUCK,2026-08-30,130,0,0,0,0,1,129,0,0,0,0,0,2026-08-16,,,,
BUNMAN2,2-3,LACT_SOW,2026-08-30,12,0,0,0,0,0,12,0,0,0,0,0,2026-08-16,,,,
BUNMAN2,2-3,SUCK,2026-08-30,146,0,0,0,0,1,145,0,0,0,0,0,2026-08-16,,,,
BUNMAN2,2-4,LACT_SOW,2026-08-30,10,0,0,0,0,0,10,0,0,0,0,0,2026-08-16,,,,
BUNMAN2,2-4,SUCK,2026-08-30,138,0,0,0,0,0,138,0,0,0,0,0,2026-08-16,,,,
BUNMAN2,2-5,LACT_SOW,2026-08-30,11,0,0,0,0,0,11,0,0,0,0,0,2026-08-16,,,,
BUNMAN2,2-5,SUCK,2026-08-30,131,0,0,0,0,0,131,0,0,0,0,0,2026-08-16,,,,
BUNMAN2,2-6,LACT_SOW,2026-08-30,12,0,0,0,0,0,12,0,0,0,0,0,2026-08-16,,,,
BUNMAN2,2-6,SUCK,2026-08-30,143,0,0,0,0,1,142,0,0,0,0,0,2026-08-16,,,,
BUNMAN2,2-7,LACT_SOW,2026-08-30,12,0,0,0,0,0,12,0,0,0,0,0,2026-08-23,,,,
BUNMAN2,2-7,SUCK,2026-08-30,155,0,0,0,0,0,155,0,0,0,0,0,2026-08-23,,,,
BUNMAN2,2-8,LACT_SOW,2026-08-30,12,0,0,0,0,0,12,0,0,0,0,0,2026-08-23,,,,
BUNMAN2,2-8,SUCK,2026-08-30,169,0,0,0,0,6,163,0,0,0,0,0,2026-08-23,,,,
BUNMAN2,2-9,FARROW_WAIT,2026-08-30,3,0,0,3,0,0,0,0,0,0,0,0,2026-08-23,,,,
BUNMAN2,2-9,LACT_SOW,2026-08-30,8,3,0,0,0,0,11,0,0,0,0,0,2026-08-23,,,,
BUNMAN2,2-9,SUCK,2026-08-30,85,41,0,0,0,0,126,0,0,0,0,0,2026-08-23,,,,
GEOMJUNG,1-1,,2026-08-30,100,0,0,0,0,0,100,0,0,0,0,0,2026-08-25,2026-05-21,kg,,
GEOMJUNG,1-2,,2026-08-30,100,0,0,0,0,0,100,0,0,0,0,0,2026-08-25,2026-05-28,kg,,
GEOMJUNG,1-3,,2026-08-30,100,0,0,0,0,0,100,0,0,0,0,0,2026-08-25,2026-05-28,kg,,
GEOMJUNG,1-4,,2026-08-30,0,0,0,0,0,0,0,0,0,0,0,0,2026-05-25,2026-02-13,kg,,
GEOMJUNG,1-5,,2026-08-30,0,0,0,0,0,0,0,0,0,0,0,0,2026-05-25,2026-02-13,kg,,
GEOMJUNG,1-6,,2026-08-30,30,0,0,0,0,0,30,0,0,0,0,0,2026-05-25,2026-02-13,kg,,
GEOMJUNG,1-7,,2026-08-30,38,0,0,0,0,0,38,0,0,0,0,0,2026-06-14,2026-03-05,kg,,
GEOMJUNG,1-8,,2026-08-30,26,0,0,0,0,0,26,0,0,0,0,0,2026-06-14,2026-03-05,kg,,
GEOMJUNG,2-1,,2026-08-30,50,0,0,0,0,0,50,0,0,0,0,0,2026-06-15,2026-03-12,kg,,
GEOMJUNG,2-2,,2026-08-30,51,0,0,0,0,0,51,0,0,0,0,0,2026-06-15,2026-03-12,kg,,
GEOMJUNG,2-3,,2026-08-30,55,0,0,0,0,0,55,0,0,0,0,0,2026-06-15,2026-03-12,kg,,
GEOMJUNG,2-4,,2026-08-30,48,0,0,0,0,0,48,0,0,0,0,0,2026-06-09,2026-03-05,kg,,
GEOMJUNG,2-5,,2026-08-30,78,0,0,0,0,0,78,0,0,0,0,0,2026-06-09,2026-03-05,kg,,
GEOMJUNG,2-6,,2026-08-30,54,0,0,0,0,0,54,0,0,0,0,0,2026-06-09,2026-03-05,kg,,
GEOMJUNG,2-7,,2026-08-30,33,0,0,0,0,0,33,0,0,0,0,0,2026-06-09,2026-03-05,kg,,
GEOMJUNG,2-8,,2026-08-30,15,0,0,0,0,0,15,0,0,0,0,0,2026-06-09,2026-03-05,kg,,
GEOMJUNG,3-1,,2026-08-30,68,0,0,0,0,0,68,0,0,0,0,0,2026-06-23,2026-03-19,kg,,
GEOMJUNG,3-2,,2026-08-30,59,0,0,0,0,0,59,0,0,0,0,0,2026-06-23,2026-03-26,kg,,
GEOMJUNG,3-3,,2026-08-30,76,0,0,0,0,1,75,0,0,0,0,0,2026-06-23,2026-03-26,kg,,
GEOMJUNG,3-4,,2026-08-30,85,0,0,0,0,0,85,0,0,0,0,0,2026-06-30,2026-03-26,kg,,
GEOMJUNG,3-5,,2026-08-30,85,0,0,0,0,0,85,0,0,0,0,0,2026-06-30,2026-04-04,kg,,
GEOMJUNG,3-6,,2026-08-30,75,0,0,0,0,0,75,0,0,0,0,0,2026-06-30,2026-04-04,kg,,
GEOMJUNG,3-7,,2026-08-30,91,0,0,0,0,0,91,0,0,0,0,0,2026-06-15,2026-04-04,kg,,
GEOMJUNG,3-8,,2026-08-30,48,0,0,0,0,0,48,0,0,0,0,0,2026-06-15,2026-04-09,kg,,
GEOMJUNG,4-1,,2026-08-30,100,0,0,0,0,0,100,0,0,0,0,0,2026-07-28,2026-04-17,kg,,
GEOMJUNG,4-2,,2026-08-30,95,0,0,0,0,0,95,0,0,0,0,0,2026-07-28,2026-04-17,kg,,
GEOMJUNG,4-3,,2026-08-30,99,0,0,0,0,0,99,0,0,0,0,0,2026-07-21,2026-04-17,kg,,
GEOMJUNG,4-4,,2026-08-30,100,0,0,0,0,0,100,0,0,0,0,0,2026-07-21,2026-04-09,kg,,
GEOMJUNG,4-5,,2026-08-30,100,0,0,0,0,0,100,0,0,0,0,0,2026-07-21,2026-04-09,kg,,
GEOMJUNG,4-6,,2026-08-30,97,0,0,0,0,0,97,0,0,0,0,0,2026-07-21,2026-04-09,kg,,
GEOMJUNG,4-7,,2026-08-30,100,0,0,0,0,0,100,0,0,0,0,0,2026-07-21,2026-04-09,kg,,
GEOMJUNG,4-8,,2026-08-30,49,0,0,0,0,0,49,0,0,0,0,0,2026-07-21,2026-04-09,kg,,
GEOMJUNG,5-1,,2026-08-30,100,0,0,0,0,0,100,0,0,0,0,0,2026-08-18,2026-05-14,kg,,
GEOMJUNG,5-2,,2026-08-30,100,0,0,0,0,0,100,0,0,0,0,0,2026-08-18,2026-05-14,kg,,
GEOMJUNG,5-3,,2026-08-30,100,0,0,0,0,0,100,0,0,0,0,0,2026-08-18,2026-05-14,kg,,
GEOMJUNG,5-4,,2026-08-30,100,0,0,0,0,0,100,0,0,0,0,0,2026-08-18,2026-05-14,kg,,
GEOMJUNG,5-5,,2026-08-30,99,0,0,0,0,0,99,0,0,0,0,0,2026-08-04,2026-05-04,kg,,
GEOMJUNG,5-6,,2026-08-30,100,0,0,0,0,0,100,0,0,0,0,0,2026-08-04,2026-05-04,kg,,
GEOMJUNG,5-7,,2026-08-30,100,0,0,0,0,0,100,0,0,0,0,0,2026-08-04,2026-05-04,kg,,
GEOMJUNG,5-8,,2026-08-30,100,0,0,0,0,0,100,0,0,0,0,0,2026-08-04,2026-05-04,kg,,
IMSIN1,,CAND_F,2026-08-30,0,0,0,0,0,0,0,0,0,0,0,0,,,,,
IMSIN1,,PREG,2026-08-30,360,0,0,0,0,0,360,0,0,0,0,0,,,,,
IMSIN1,,STAY_S,2026-08-30,0,0,0,0,0,0,0,0,0,0,0,0,,,,,
IMSIN2,,CAND_F,2026-08-30,0,0,0,0,0,0,0,0,0,0,0,0,,,,,
IMSIN2,,PREG,2026-08-30,353,47,56,0,0,0,344,0,0,0,0,0,,,,,
IMSIN2,,STAY_S,2026-08-30,0,0,0,0,0,0,0,0,0,0,0,0,,,,,
JADON,1-1,,2026-08-30,130,0,0,0,0,0,130,0,0,0,0,0,2026-07-23,2026-07-02,5,암,
JADON,1-10,,2026-08-30,130,0,0,0,0,0,130,0,0,0,0,0,/,2026-07-16,,암,
JADON,1-11,,2026-08-30,130,0,0,0,0,0,130,0,0,0,0,0,,2026-07-16,,암,
JADON,1-12,,2026-08-30,134,0,0,0,0,0,134,0,0,0,0,0,/,2026-07-16,,수,암55
JADON,1-13,,2026-08-30,132,0,0,0,0,0,132,0,0,0,0,0,8-13,2026-07-23,4.92,암,
JADON,1-14,,2026-08-30,132,0,0,0,0,0,132,0,0,0,0,0,/,2026-07-23,,수,
JADON,1-2,,2026-08-30,128,0,0,0,0,0,128,0,0,0,0,0,/,2026-07-02,,수,
JADON,1-3,,2026-08-30,140,0,0,0,0,0,140,0,0,0,0,0,7-30,2026-07-09,4.8,수,
JADON,1-4,,2026-08-30,139,0,0,0,0,0,139,0,0,0,0,0,/,2026-07-09,,암수,수44
JADON,1-5,,2026-08-30,139,0,0,0,0,0,139,0,0,0,0,0,/,2026-07-09,,암,
JADON,1-6,,2026-08-30,126,0,0,0,0,0,126,0,0,0,0,0,/,2026-07-09,,암,
JADON,1-7,,2026-08-30,129,0,0,0,0,0,129,0,0,0,0,0,/,2026-07-09,,수,
JADON,1-8,,2026-08-30,131,0,0,0,0,0,131,0,0,0,0,0,8-6,2026-07-16,4.9,수,
JADON,1-9,,2026-08-30,129,0,0,0,0,0,129,0,0,0,0,0,/,2026-07-16,,암수,암42
JADON,2-1,,2026-08-30,138,0,0,0,0,0,138,0,0,0,0,0,/,2026-07-23,,암수,35암
JADON,2-10,,2026-08-30,194,0,0,0,0,0,194,0,0,0,0,0,/,,,암/수,80암
JADON,2-11,,2026-08-30,195,0,0,0,0,0,195,0,0,0,0,0,/,,,암,
JADON,2-12,,2026-08-30,142,0,0,0,0,0,142,0,0,0,0,0,7-23,2026-07-02,5,암,
JADON,2-13,,2026-08-30,129,0,0,0,0,0,129,0,0,0,0,0,/,2026-07-02,,암,암68
JADON,2-14,,2026-08-30,131,0,0,0,0,1,130,0,0,0,0,0,/,2026-07-02,,암,
JADON,2-2,,2026-08-30,130,0,0,0,0,1,129,0,0,0,0,0,,2026-07-23,,수,
JADON,2-3,,2026-08-30,131,0,0,0,0,0,131,0,0,0,0,0,/,2026-07-23,,암,
JADON,2-4,,2026-08-30,121,0,0,0,0,0,121,0,0,0,0,0,8/20,2026-07-30,5.2,암,
JADON,2-5,,2026-08-30,121,0,0,0,0,0,121,0,0,0,0,0,/,2026-07-30,,암/수,93암
JADON,2-6,,2026-08-30,121,0,0,0,0,0,121,0,0,0,0,0,/,2026-07-30,,수,
JADON,2-7,,2026-08-30,121,0,0,0,0,0,121,0,0,0,0,0,/,,,수,
JADON,2-8,,2026-08-30,121,0,0,0,0,0,121,0,0,0,0,0,/,,,암,
JADON,2-9,,2026-08-30,190,0,0,0,0,0,190,0,0,0,0,0,8/27,2026-08-06,5.52,수,
JONGBU,,BOAR,2026-08-30,0,0,0,0,0,0,0,0,0,0,0,0,,,,,
JONGBU,,CAND_F,2026-08-30,35,0,0,0,0,0,35,0,0,0,0,0,,,,,
JONGBU,,PREG,2026-08-30,254,1,47,0,0,0,208,0,0,0,0,0,,,,,
JONGBU,,STAY_L,2026-08-30,0,0,0,0,0,0,0,0,0,0,0,0,,,,,
JONGBU,,STAY_S,2026-08-30,0,0,0,0,0,0,0,0,0,0,0,0,,,,,
JONGBU,,WEAN_PIG,2026-08-30,0,52,0,0,0,0,52,0,0,0,0,0,,,,,
SUNCHI,,CAND_F,2026-08-30,163,0,0,0,0,0,163,0,0,0,0,0,,,,,
SUNCHI,,CAND_M,2026-08-30,12,0,0,0,0,0,12,0,0,0,0,0,,,,,
SUNCHI,,PREG,2026-08-30,0,0,0,0,0,0,0,0,0,0,0,0,,,,,
SUNCHI,,STAY,2026-08-30,18,0,1,0,0,0,17,0,0,0,0,0,,,,,
SUNCHI,,WEAN_SOW,2026-08-30,56,0,52,0,0,0,4,0,0,0,0,0,,,,,
YUKSUNG,1-1,,2026-08-30,401,0,0,0,0,0,401,0,0,0,0,0,2026-08-10,2026-06-11,kg,수,
YUKSUNG,1-2,,2026-08-30,415,0,0,0,0,0,415,0,0,0,0,0,2026-08-17,2026-06-18,kg,수,
YUKSUNG,1-3,,2026-08-30,408,0,0,0,0,0,408,0,0,0,0,0,2026-08-24,2026-06-25,kg,수,
YUKSUNG,1-4,,2026-08-30,0,0,0,0,0,0,0,0,0,0,0,0,2026-07-13,2026-05-14,kg,수,
YUKSUNG,1-5,,2026-08-30,52,0,0,0,0,1,51,0,0,0,0,0,2026-07-20,2026-05-21,kg,수,
YUKSUNG,1-6,,2026-08-30,409,0,0,0,0,0,409,0,0,0,0,0,2026-07-27,2026-05-28,kg,수,
YUKSUNG,1-7,,2026-08-30,399,0,0,0,0,0,399,0,0,0,0,0,2026-08-03,2026-06-04,kg,수,
YUKSUNG,2-1,,2026-08-30,124,0,0,0,0,0,124,0,0,0,0,0,,,kg,암,
YUKSUNG,2-2,,2026-08-30,267,0,0,0,0,0,267,0,0,0,0,0,2026-08-10,2026-06-11,kg,암,
YUKSUNG,2-3,,2026-08-30,266,0,0,0,0,0,266,0,0,0,0,0,2026-08-17,2026-06-18,kg,암,
YUKSUNG,2-4,,2026-08-30,250,0,0,0,0,0,250,0,0,0,0,0,2026-08-24,2026-06-25,kg,암,
YUKSUNG,2-5,,2026-08-30,0,0,0,0,0,0,0,0,0,0,0,0,,,kg,암,
YUKSUNG,2-6,,2026-08-30,0,0,0,0,0,0,0,0,0,0,0,0,2026-07-20,2026-05-21,kg,암,
YUKSUNG,2-7,,2026-08-30,18,0,0,0,0,0,18,0,0,0,0,0,2026-07-27,2026-05-28,kg,암,
YUKSUNG,2-8,,2026-08-30,225,0,0,0,0,0,225,0,0,0,0,0,2026-08-03,2026-06-04,kg,암,
BIYUK_M,1-1,,2026-08-31,22,0,0,0,0,0,22,0,0,0,0,0,2026-06-02,2026-03-05,kg,,
BIYUK_M,1-2,,2026-08-31,114,0,0,0,0,0,114,0,0,0,0,0,2026-06-02,2026-03-05,kg,,
BIYUK_M,1-3,,2026-08-31,77,0,0,0,0,0,77,0,0,0,0,0,2026-06-09,2026-03-12,kg,,
BIYUK_M,1-4,,2026-08-31,139,0,0,0,0,1,138,0,0,0,0,0,2026-06-09,2026-03-12,kg,,
BIYUK_M,1-5,,2026-08-31,159,0,0,0,0,1,158,0,0,0,0,0,2026-06-15,2026-03-19,kg,,
BIYUK_M,1-6,,2026-08-31,150,0,0,0,0,1,149,0,0,0,0,0,2026-06-15,2026-03-26,kg,,
BIYUK_M,3-1,,2026-08-31,196,0,0,0,0,0,196,0,0,0,0,0,2026-06-23,2026-03-26,kg,,
BIYUK_M,3-2,,2026-08-31,191,0,0,0,0,0,191,0,0,0,0,0,2026-06-23,2026-04-04,kg,,
BIYUK_M,3-3,,2026-08-31,198,0,0,0,0,0,198,0,0,0,0,0,2026-06-30,2026-04-04,kg,,
BIYUK_M,3-4,,2026-08-31,194,0,0,0,0,0,194,0,0,0,0,0,2026-06-30,2026-04-09,kg,,
BIYUK_M,3-5,,2026-08-31,202,0,0,0,0,0,202,0,0,0,0,0,2026-07-15,2026-04-09,kg,,
BIYUK_M,3-6,,2026-08-31,207,0,0,0,0,0,207,0,0,0,0,0,2026-07-15,2026-04-17,kg,,
BIYUK_M,4-1,,2026-08-31,180,0,0,0,0,0,180,0,0,0,0,0,2026-07-21,2026-04-17,kg,,
BIYUK_M,4-2,,2026-08-31,183,0,0,0,0,0,183,0,0,0,0,0,2026-07-21,2026-04-17,kg,,
BIYUK_M,4-3,,2026-08-31,182,0,0,0,0,0,182,0,0,0,0,0,2026-07-28,2026-04-30,kg,,
BIYUK_M,4-4,,2026-08-31,184,0,0,0,0,0,184,0,0,0,0,0,2026-07-28,2026-04-30,kg,,
BIYUK_M,4-5,,2026-08-31,183,0,0,0,0,0,183,0,0,0,0,0,2026-08-04,2026-05-07,kg,,
BIYUK_M,4-6,,2026-08-31,184,0,0,0,0,0,184,0,0,0,0,0,2026-08-04,2026-05-07,kg,,
BIYUK_M,5-1,,2026-08-31,187,0,0,0,0,0,187,0,0,0,0,0,2026-08-18,2026-05-14,kg,,
BIYUK_M,5-2,,2026-08-31,189,0,0,0,0,0,189,0,0,0,0,0,2026-08-18,2026-05-14,kg,,
BIYUK_M,5-3,,2026-08-31,188,0,0,0,0,0,188,0,0,0,0,0,2026-08-25,2026-05-21,kg,,
BIYUK_M,5-4,,2026-08-31,188,0,0,0,0,0,188,0,0,0,0,0,2026-08-25,2026-05-21,kg,,
BIYUK_M,5-5,,2026-08-31,0,0,0,0,0,0,0,0,0,0,0,0,/,,kg,,
BIYUK_M,5-6,,2026-08-31,0,0,0,0,0,0,0,0,0,0,0,0,2026-05-19,2026-02-26,kg,,
BIYUK_M,6-1,,2026-08-31,0,0,0,0,0,0,0,0,0,0,0,0,2026-05-26,2026-02-26,kg,,
BIYUK_M,6-2,,2026-08-31,0,0,0,0,0,0,0,0,0,0,0,0,2026-05-26,2026-02-26,kg,,
BIYUK_M,6-3,,2026-08-31,0,0,0,0,0,0,0,0,0,0,0,0,2026-05-26,2026-02-26,kg,,
BIYUK_M,6-4,,2026-08-31,0,0,0,0,0,0,0,0,0,0,0,0,2026-05-26,2026-02-26,kg,,
BUNMAN1,1-1,FARROW_WAIT,2026-08-31,12,0,0,0,0,0,12,0,0,0,0,0,2026-08-30,,,,
BUNMAN1,1-10,LACT_SOW,2026-08-31,12,0,0,0,0,0,12,0,0,0,0,0,,,,,
BUNMAN1,1-10,SUCK,2026-08-31,140,0,0,0,0,0,140,0,0,0,0,0,,,,,
BUNMAN1,1-2,FARROW_WAIT,2026-08-31,12,0,0,0,0,0,12,0,0,0,0,0,2026-08-30,,,,
BUNMAN1,1-3,FARROW_WAIT,2026-08-31,12,0,0,0,0,0,12,0,0,0,0,0,2026-08-30,,,,
BUNMAN1,1-4,FARROW_WAIT,2026-08-31,12,0,0,0,0,0,12,0,0,0,0,0,2026-08-30,,,,
BUNMAN1,1-5,FARROW_WAIT,2026-08-31,8,0,0,0,0,0,8,0,0,0,0,0,2026-08-30,,,,
BUNMAN1,1-6,LACT_SOW,2026-08-31,12,0,0,0,0,0,12,0,0,0,0,0,2026-07-09,,,,
BUNMAN1,1-6,SUCK,2026-08-31,131,0,0,0,0,0,131,0,0,0,0,0,2026-07-09,,,,
BUNMAN1,1-7,LACT_SOW,2026-08-31,12,0,0,0,0,0,12,0,0,0,0,0,2026-07-12,,,,
BUNMAN1,1-7,SUCK,2026-08-31,138,0,0,0,0,0,138,0,0,0,0,0,2026-07-12,,,,
BUNMAN1,1-8,LACT_SOW,2026-08-31,12,0,0,0,0,0,12,0,0,0,0,0,,,,,
BUNMAN1,1-8,SUCK,2026-08-31,143,0,0,0,0,1,142,0,0,0,0,0,,,,,
BUNMAN1,1-9,LACT_SOW,2026-08-31,12,0,0,0,0,0,12,0,0,0,0,0,,,,,
BUNMAN1,1-9,SUCK,2026-08-31,147,0,0,0,0,0,147,0,0,0,0,0,,,,,
BUNMAN2,2-1,LACT_SOW,2026-08-31,12,0,0,0,0,0,12,0,0,0,0,0,2026-08-16,,,,
BUNMAN2,2-1,SUCK,2026-08-31,131,0,0,0,0,0,131,0,0,0,0,0,2026-08-16,,,,
BUNMAN2,2-10,FARROW_WAIT,2026-08-31,10,0,0,0,0,0,10,0,0,0,0,0,2026-08-23,,,,
BUNMAN2,2-11,FARROW_WAIT,2026-08-31,12,0,0,0,0,0,12,0,0,0,0,0,2026-08-23,,,,
BUNMAN2,2-2,LACT_SOW,2026-08-31,11,0,0,0,0,0,11,0,0,0,0,0,2026-08-16,,,,
BUNMAN2,2-2,SUCK,2026-08-31,129,0,0,0,0,0,129,0,0,0,0,0,2026-08-16,,,,
BUNMAN2,2-3,LACT_SOW,2026-08-31,12,0,0,0,0,0,12,0,0,0,0,0,2026-08-16,,,,
BUNMAN2,2-3,SUCK,2026-08-31,145,0,0,0,0,0,145,0,0,0,0,0,2026-08-16,,,,
BUNMAN2,2-4,LACT_SOW,2026-08-31,10,0,0,0,0,0,10,0,0,0,0,0,2026-08-16,,,,
BUNMAN2,2-4,SUCK,2026-08-31,138,0,0,0,0,1,137,0,0,0,0,0,2026-08-16,,,,
BUNMAN2,2-5,LACT_SOW,2026-08-31,11,0,0,0,0,0,11,0,0,0,0,0,2026-08-16,,,,
BUNMAN2,2-5,SUCK,2026-08-31,131,0,0,0,0,0,131,0,0,0,0,0,2026-08-16,,,,
BUNMAN2,2-6,LACT_SOW,2026-08-31,12,0,0,0,0,0,12,0,0,0,0,0,2026-08-16,,,,
BUNMAN2,2-6,SUCK,2026-08-31,142,0,0,0,0,2,140,0,0,0,0,0,2026-08-16,,,,
BUNMAN2,2-7,LACT_SOW,2026-08-31,12,0,0,0,0,0,12,0,0,0,0,0,2026-08-23,,,,
BUNMAN2,2-7,SUCK,2026-08-31,155,0,0,0,0,1,154,0,0,0,0,0,2026-08-23,,,,
BUNMAN2,2-8,LACT_SOW,2026-08-31,12,0,0,0,0,0,12,0,0,0,0,0,2026-08-23,,,,
BUNMAN2,2-8,SUCK,2026-08-31,163,0,16,0,0,1,146,0,0,0,0,0,2026-08-23,,,,
BUNMAN2,2-9,LACT_SOW,2026-08-31,11,0,0,0,0,0,11,0,0,0,0,0,2026-08-23,,,,
BUNMAN2,2-9,SUCK,2026-08-31,126,16,0,0,0,4,138,0,0,0,0,0,2026-08-23,,,,
GEOMJUNG,1-1,,2026-08-31,100,0,0,0,0,0,100,0,0,0,0,0,2026-08-25,2026-05-21,kg,,
GEOMJUNG,1-2,,2026-08-31,100,0,0,0,0,0,100,0,0,0,0,0,2026-08-25,2026-05-28,kg,,
GEOMJUNG,1-3,,2026-08-31,100,0,0,0,0,0,100,0,0,0,0,0,2026-08-25,2026-05-28,kg,,
GEOMJUNG,1-4,,2026-08-31,0,0,0,0,0,0,0,0,0,0,0,0,,,kg,,
GEOMJUNG,1-5,,2026-08-31,0,0,0,0,0,0,0,0,0,0,0,0,,,kg,,
GEOMJUNG,1-6,,2026-08-31,30,0,30,0,0,0,0,0,0,0,0,0,2026-05-25,2026-02-13,kg,,
GEOMJUNG,1-7,,2026-08-31,38,0,0,0,0,0,38,0,0,0,0,0,2026-06-14,2026-03-05,kg,,
GEOMJUNG,1-8,,2026-08-31,26,0,0,0,0,0,26,0,0,0,0,0,2026-06-14,2026-03-05,kg,,
GEOMJUNG,2-1,,2026-08-31,50,0,0,0,0,0,50,0,0,0,0,0,2026-06-15,2026-03-12,kg,,
GEOMJUNG,2-2,,2026-08-31,51,0,0,0,0,0,51,0,0,0,0,0,2026-06-15,2026-03-12,kg,,
GEOMJUNG,2-3,,2026-08-31,55,0,0,0,0,0,55,0,0,0,0,0,2026-06-15,2026-03-12,kg,,
GEOMJUNG,2-4,,2026-08-31,48,0,0,0,0,0,48,0,0,0,0,0,2026-06-09,2026-03-05,kg,,
GEOMJUNG,2-5,,2026-08-31,78,0,0,0,0,0,78,0,0,0,0,0,2026-06-09,2026-03-05,kg,,
GEOMJUNG,2-6,,2026-08-31,54,0,0,0,0,0,54,0,0,0,0,0,2026-06-09,2026-03-05,kg,,
GEOMJUNG,2-7,,2026-08-31,33,0,0,0,0,0,33,0,0,0,0,0,2026-06-09,2026-03-05,kg,,
GEOMJUNG,2-8,,2026-08-31,15,30,0,0,0,1,44,0,0,0,0,0,2026-06-09,2026-03-05,kg,,
GEOMJUNG,3-1,,2026-08-31,68,0,0,0,0,0,68,0,0,0,0,0,2026-06-23,2026-03-19,kg,,
GEOMJUNG,3-2,,2026-08-31,59,0,0,0,0,0,59,0,0,0,0,0,2026-06-23,2026-03-26,kg,,
GEOMJUNG,3-3,,2026-08-31,75,0,0,0,0,0,75,0,0,0,0,0,2026-06-23,2026-03-26,kg,,
GEOMJUNG,3-4,,2026-08-31,85,0,0,0,0,0,85,0,0,0,0,0,2026-06-30,2026-03-26,kg,,
GEOMJUNG,3-5,,2026-08-31,85,0,0,0,0,0,85,0,0,0,0,0,2026-06-30,2026-04-04,kg,,
GEOMJUNG,3-6,,2026-08-31,75,0,0,0,0,0,75,0,0,0,0,0,2026-06-30,2026-04-04,kg,,
GEOMJUNG,3-7,,2026-08-31,91,0,0,0,0,0,91,0,0,0,0,0,2026-06-15,2026-04-04,kg,,
GEOMJUNG,3-8,,2026-08-31,48,0,0,0,0,0,48,0,0,0,0,0,2026-06-15,2026-04-09,kg,,
GEOMJUNG,4-1,,2026-08-31,100,0,0,0,0,0,100,0,0,0,0,0,2026-07-28,2026-04-17,kg,,
GEOMJUNG,4-2,,2026-08-31,95,0,0,0,0,0,95,0,0,0,0,0,2026-07-28,2026-04-17,kg,,
GEOMJUNG,4-3,,2026-08-31,99,0,0,0,0,0,99,0,0,0,0,0,2026-07-21,2026-04-17,kg,,
GEOMJUNG,4-4,,2026-08-31,100,0,0,0,0,0,100,0,0,0,0,0,2026-07-21,2026-04-09,kg,,
GEOMJUNG,4-5,,2026-08-31,100,0,0,0,0,0,100,0,0,0,0,0,2026-07-21,2026-04-09,kg,,
GEOMJUNG,4-6,,2026-08-31,97,0,0,0,0,0,97,0,0,0,0,0,2026-07-21,2026-04-09,kg,,
GEOMJUNG,4-7,,2026-08-31,100,0,0,0,0,0,100,0,0,0,0,0,2026-07-21,2026-04-09,kg,,
GEOMJUNG,4-8,,2026-08-31,49,0,0,0,0,0,49,0,0,0,0,0,2026-07-21,2026-04-09,kg,,
GEOMJUNG,5-1,,2026-08-31,100,0,0,0,0,0,100,0,0,0,0,0,2026-08-18,2026-05-14,kg,,
GEOMJUNG,5-2,,2026-08-31,100,0,0,0,0,0,100,0,0,0,0,0,2026-08-18,2026-05-14,kg,,
GEOMJUNG,5-3,,2026-08-31,100,0,0,0,0,0,100,0,0,0,0,0,2026-08-18,2026-05-14,kg,,
GEOMJUNG,5-4,,2026-08-31,100,0,0,0,0,0,100,0,0,0,0,0,2026-08-18,2026-05-14,kg,,
GEOMJUNG,5-5,,2026-08-31,99,0,0,0,0,0,99,0,0,0,0,0,2026-08-04,2026-05-04,kg,,
GEOMJUNG,5-6,,2026-08-31,100,0,0,0,0,0,100,0,0,0,0,0,2026-08-04,2026-05-04,kg,,
GEOMJUNG,5-7,,2026-08-31,100,0,0,0,0,0,100,0,0,0,0,0,2026-08-04,2026-05-04,kg,,
GEOMJUNG,5-8,,2026-08-31,100,0,0,0,0,0,100,0,0,0,0,0,2026-08-04,2026-05-04,kg,,
IMSIN1,,CAND_F,2026-08-31,0,0,0,0,0,0,0,0,0,0,0,0,,,,,
IMSIN1,,PREG,2026-08-31,360,0,0,0,0,0,360,0,0,0,0,0,,,,,
IMSIN1,,STAY_S,2026-08-31,0,0,0,0,0,0,0,0,0,0,0,0,,,,,
IMSIN2,,CAND_F,2026-08-31,0,0,0,0,0,0,0,0,0,0,0,0,,,,,
IMSIN2,,PREG,2026-08-31,344,0,0,0,0,0,344,0,0,0,0,0,,,,,
IMSIN2,,STAY_S,2026-08-31,0,0,0,0,0,0,0,0,0,0,0,0,,,,,
JADON,1-1,,2026-08-31,130,0,0,0,0,0,130,0,0,0,0,0,2026-07-23,2026-07-02,5,암,
JADON,1-10,,2026-08-31,130,0,0,0,0,0,130,0,0,0,0,0,/,2026-07-16,,암,
JADON,1-11,,2026-08-31,130,0,0,0,0,0,130,0,0,0,0,0,,2026-07-16,,암,
JADON,1-12,,2026-08-31,134,0,0,0,0,0,134,0,0,0,0,0,/,2026-07-16,,수,암55
JADON,1-13,,2026-08-31,132,0,0,0,0,0,132,0,0,0,0,0,8-13,2026-07-23,4.92,암,
JADON,1-14,,2026-08-31,132,0,0,0,0,0,132,0,0,0,0,0,/,2026-07-23,,수,
JADON,1-2,,2026-08-31,128,0,0,0,0,0,128,0,0,0,0,0,/,2026-07-02,,수,
JADON,1-3,,2026-08-31,140,0,0,0,0,0,140,0,0,0,0,0,7-30,2026-07-09,4.8,수,
JADON,1-4,,2026-08-31,139,0,0,0,0,0,139,0,0,0,0,0,/,2026-07-09,,암수,수44
JADON,1-5,,2026-08-31,139,0,0,0,0,0,139,0,0,0,0,0,/,2026-07-09,,암,
JADON,1-6,,2026-08-31,126,0,0,0,0,0,126,0,0,0,0,0,/,2026-07-09,,암,
JADON,1-7,,2026-08-31,129,0,0,0,0,0,129,0,0,0,0,0,/,2026-07-09,,수,
JADON,1-8,,2026-08-31,131,0,0,0,0,0,131,0,0,0,0,0,8-6,2026-07-16,4.9,수,
JADON,1-9,,2026-08-31,129,0,0,0,0,0,129,0,0,0,0,0,/,2026-07-16,,암수,암42
JADON,2-1,,2026-08-31,138,0,0,0,0,1,137,0,0,0,0,0,/,2026-07-23,,암수,35암
JADON,2-10,,2026-08-31,194,0,0,0,0,0,194,0,0,0,0,0,/,,,암/수,80암
JADON,2-11,,2026-08-31,195,0,0,0,0,0,195,0,0,0,0,0,/,,,암,
JADON,2-12,,2026-08-31,142,0,0,0,0,0,142,0,0,0,0,0,7-23,2026-07-02,5,암,
JADON,2-13,,2026-08-31,129,0,0,0,0,0,129,0,0,0,0,0,/,2026-07-02,,암,암68
JADON,2-14,,2026-08-31,130,0,0,0,0,0,130,0,0,0,0,0,/,2026-07-02,,암,
JADON,2-2,,2026-08-31,129,0,0,0,0,0,129,0,0,0,0,0,,2026-07-23,,수,
JADON,2-3,,2026-08-31,131,0,0,0,0,0,131,0,0,0,0,0,/,2026-07-23,,암,
JADON,2-4,,2026-08-31,121,0,0,0,0,0,121,0,0,0,0,0,8/20,2026-07-30,5.2,암,
JADON,2-5,,2026-08-31,121,0,0,0,0,0,121,0,0,0,0,0,/,2026-07-30,,암/수,93암
JADON,2-6,,2026-08-31,121,0,0,0,0,0,121,0,0,0,0,0,/,2026-07-30,,수,
JADON,2-7,,2026-08-31,121,0,0,0,0,0,121,0,0,0,0,0,/,,,수,
JADON,2-8,,2026-08-31,121,0,0,0,0,0,121,0,0,0,0,0,/,,,암,
JADON,2-9,,2026-08-31,190,0,0,0,0,0,190,0,0,0,0,0,8/27,2026-08-06,5.52,수,
JONGBU,,BOAR,2026-08-31,0,0,0,0,0,0,0,0,0,0,0,0,,,,,
JONGBU,,CAND_F,2026-08-31,35,0,12,0,0,0,23,0,0,0,0,0,,,,,
JONGBU,,PREG,2026-08-31,208,43,0,0,0,0,251,0,0,0,0,0,,,,,
JONGBU,,STAY_L,2026-08-31,0,0,0,0,0,0,0,0,0,0,0,0,,,,,
JONGBU,,STAY_S,2026-08-31,0,0,0,0,0,0,0,0,0,0,0,0,,,,,
JONGBU,,WEAN_PIG,2026-08-31,52,0,30,0,0,0,22,0,0,0,0,0,,,,,
SUNCHI,,CAND_F,2026-08-31,163,0,0,0,0,0,163,0,0,0,0,0,,,,,
SUNCHI,,CAND_M,2026-08-31,12,0,0,0,0,0,12,0,0,0,0,0,,,,,
SUNCHI,,PREG,2026-08-31,0,0,0,0,0,0,0,0,0,0,0,0,,,,,
SUNCHI,,STAY,2026-08-31,17,0,1,0,0,0,16,0,0,0,0,0,,,,,
SUNCHI,,WEAN_SOW,2026-08-31,4,0,0,0,0,0,4,0,0,0,0,0,,,,,
YUKSUNG,1-1,,2026-08-31,401,0,0,0,0,0,401,0,0,0,0,0,2026-08-10,2026-06-11,kg,수,
YUKSUNG,1-2,,2026-08-31,415,0,0,0,0,0,415,415,0,0,0,0,2026-08-17,2026-06-18,kg,수,
YUKSUNG,1-3,,2026-08-31,408,0,0,0,0,0,408,0,0,0,0,0,2026-08-24,2026-06-25,kg,수,
YUKSUNG,1-4,,2026-08-31,0,0,0,0,0,0,0,0,0,0,0,0,2026-07-13,2026-05-14,kg,수,
YUKSUNG,1-5,,2026-08-31,51,0,0,0,0,0,51,15,0,0,0,0,2026-07-20,2026-05-21,kg,수,
YUKSUNG,1-6,,2026-08-31,409,0,0,0,0,0,409,0,0,0,0,0,2026-07-27,2026-05-28,kg,수,
YUKSUNG,1-7,,2026-08-31,399,0,0,0,0,1,398,0,0,0,0,0,2026-08-03,2026-06-04,kg,수,
YUKSUNG,2-1,,2026-08-31,124,0,0,0,0,0,124,0,0,0,0,0,,,kg,암,
YUKSUNG,2-2,,2026-08-31,267,0,0,0,0,0,267,0,0,0,0,0,2026-08-10,2026-06-11,kg,암,
YUKSUNG,2-3,,2026-08-31,266,0,0,0,0,0,266,0,0,0,0,0,2026-08-17,2026-06-18,kg,암,
YUKSUNG,2-4,,2026-08-31,250,0,0,0,0,0,250,0,0,0,0,0,2026-08-24,2026-06-25,kg,암,
YUKSUNG,2-5,,2026-08-31,0,0,0,0,0,0,0,0,0,0,0,0,,,kg,암,
YUKSUNG,2-6,,2026-08-31,0,0,0,0,0,0,0,0,0,0,0,0,2026-07-20,2026-05-21,kg,암,
YUKSUNG,2-7,,2026-08-31,18,0,0,0,0,0,18,0,0,0,0,0,2026-07-27,2026-05-28,kg,암,
YUKSUNG,2-8,,2026-08-31,225,0,0,0,0,0,225,0,0,0,0,0,2026-08-03,2026-06-04,kg,암,
BIYUK_M,1-1,,2026-09-01,22,0,0,0,0,0,22,0,0,0,0,0,2026-06-02,2026-03-05,kg,,
BIYUK_M,1-2,,2026-09-01,114,0,0,0,0,0,114,0,0,0,0,0,2026-06-02,2026-03-05,kg,,
BIYUK_M,1-3,,2026-09-01,77,0,0,0,0,0,77,0,0,0,0,0,2026-06-09,2026-03-12,kg,,
BIYUK_M,1-4,,2026-09-01,138,0,0,0,0,0,138,0,0,0,0,0,2026-06-09,2026-03-12,kg,,
BIYUK_M,1-5,,2026-09-01,158,0,0,0,0,0,158,0,0,0,0,0,2026-06-15,2026-03-19,kg,,
BIYUK_M,1-6,,2026-09-01,149,0,0,0,0,0,149,0,0,0,0,0,2026-06-15,2026-03-26,kg,,
BIYUK_M,3-1,,2026-09-01,196,0,0,0,0,0,196,0,0,0,0,0,2026-06-23,2026-03-26,kg,,
BIYUK_M,3-2,,2026-09-01,191,0,0,0,0,0,191,0,0,0,0,0,2026-06-23,2026-04-04,kg,,
BIYUK_M,3-3,,2026-09-01,198,0,0,0,0,0,198,0,0,0,0,0,2026-06-30,2026-04-04,kg,,
BIYUK_M,3-4,,2026-09-01,194,0,0,0,0,0,194,0,0,0,0,0,2026-06-30,2026-04-09,kg,,
BIYUK_M,3-5,,2026-09-01,202,0,0,0,0,0,202,0,0,0,0,0,2026-07-15,2026-04-09,kg,,
BIYUK_M,3-6,,2026-09-01,207,0,0,0,0,0,207,0,0,0,0,0,2026-07-15,2026-04-17,kg,,
BIYUK_M,4-1,,2026-09-01,180,0,0,0,0,0,180,0,0,0,0,0,2026-07-21,2026-04-17,kg,,
BIYUK_M,4-2,,2026-09-01,183,0,0,0,0,0,183,0,0,0,0,0,2026-07-21,2026-04-17,kg,,
BIYUK_M,4-3,,2026-09-01,182,0,0,0,0,0,182,0,0,0,0,0,2026-07-28,2026-04-30,kg,,
BIYUK_M,4-4,,2026-09-01,184,0,0,0,0,0,184,0,0,0,0,0,2026-07-28,2026-04-30,kg,,
BIYUK_M,4-5,,2026-09-01,183,0,0,0,0,0,183,0,0,0,0,0,2026-08-04,2026-05-07,kg,,
BIYUK_M,4-6,,2026-09-01,184,0,0,0,0,0,184,0,0,0,0,0,2026-08-04,2026-05-07,kg,,
BIYUK_M,5-1,,2026-09-01,187,0,0,0,0,0,187,0,0,0,0,0,2026-08-18,2026-05-14,kg,,
BIYUK_M,5-2,,2026-09-01,189,0,0,0,0,0,189,0,0,0,0,0,2026-08-18,2026-05-14,kg,,
BIYUK_M,5-3,,2026-09-01,188,0,0,0,0,0,188,0,0,0,0,0,2026-08-25,2026-05-21,kg,,
BIYUK_M,5-4,,2026-09-01,188,0,0,0,0,0,188,0,0,0,0,0,2026-08-25,2026-05-21,kg,,
BIYUK_M,5-5,,2026-09-01,0,0,0,0,0,0,0,0,0,0,0,0,/,,kg,,
BIYUK_M,5-6,,2026-09-01,0,0,0,0,0,0,0,0,0,0,0,0,/,,kg,,
BIYUK_M,6-1,,2026-09-01,0,0,0,0,0,0,0,0,0,0,0,0,2026-05-26,2026-02-26,kg,,
BIYUK_M,6-2,,2026-09-01,0,0,0,0,0,0,0,0,0,0,0,0,2026-05-26,2026-02-26,kg,,
BIYUK_M,6-3,,2026-09-01,0,0,0,0,0,0,0,0,0,0,0,0,2026-05-26,2026-02-26,kg,,
BIYUK_M,6-4,,2026-09-01,0,0,0,0,0,0,0,0,0,0,0,0,2026-05-26,2026-02-26,kg,,
BUNMAN1,1-1,FARROW_WAIT,2026-09-01,12,0,0,0,0,0,12,0,0,0,0,0,2026-08-30,,,,
BUNMAN1,1-10,LACT_SOW,2026-09-01,12,0,0,0,0,0,12,0,0,0,0,0,,,,,
BUNMAN1,1-10,SUCK,2026-09-01,140,0,0,0,0,0,140,0,0,0,0,0,,,,,
BUNMAN1,1-2,FARROW_WAIT,2026-09-01,12,0,0,0,0,0,12,0,0,0,0,0,2026-08-30,,,,
BUNMAN1,1-3,FARROW_WAIT,2026-09-01,12,0,0,0,0,0,12,0,0,0,0,0,2026-08-30,,,,
BUNMAN1,1-4,FARROW_WAIT,2026-09-01,12,0,0,0,0,0,12,0,0,0,0,0,2026-08-30,,,,
BUNMAN1,1-5,FARROW_WAIT,2026-09-01,8,0,0,0,0,0,8,0,0,0,0,0,2026-08-30,,,,
BUNMAN1,1-6,LACT_SOW,2026-09-01,12,0,0,0,0,0,12,0,0,0,0,0,2026-07-09,,,,
BUNMAN1,1-6,SUCK,2026-09-01,131,0,0,0,0,0,131,0,0,0,0,0,2026-07-09,,,,
BUNMAN1,1-7,LACT_SOW,2026-09-01,12,0,0,0,0,0,12,0,0,0,0,0,2026-07-12,,,,
BUNMAN1,1-7,SUCK,2026-09-01,138,0,0,0,0,0,138,0,0,0,0,0,2026-07-12,,,,
BUNMAN1,1-8,LACT_SOW,2026-09-01,12,0,0,0,0,0,12,0,0,0,0,0,,,,,
BUNMAN1,1-8,SUCK,2026-09-01,142,0,0,0,0,0,142,0,0,0,0,0,,,,,
BUNMAN1,1-9,LACT_SOW,2026-09-01,12,0,0,0,0,0,12,0,0,0,0,0,,,,,
BUNMAN1,1-9,SUCK,2026-09-01,147,0,0,0,0,0,147,0,0,0,0,0,,,,,
BUNMAN2,2-1,LACT_SOW,2026-09-01,12,0,0,0,0,0,12,0,0,0,0,0,2026-08-16,,,,
BUNMAN2,2-1,SUCK,2026-09-01,131,0,0,0,0,0,131,0,0,0,0,0,2026-08-16,,,,
BUNMAN2,2-10,FARROW_WAIT,2026-09-01,10,0,0,0,0,0,10,0,0,0,0,0,2026-08-23,,,,
BUNMAN2,2-11,FARROW_WAIT,2026-09-01,12,0,0,0,0,0,12,0,0,0,0,0,2026-08-23,,,,
BUNMAN2,2-2,LACT_SOW,2026-09-01,11,0,0,0,0,0,11,0,0,0,0,0,2026-08-16,,,,
BUNMAN2,2-2,SUCK,2026-09-01,129,0,0,0,0,0,129,0,0,0,0,0,2026-08-16,,,,
BUNMAN2,2-3,LACT_SOW,2026-09-01,12,0,0,0,0,0,12,0,0,0,0,0,2026-08-16,,,,
BUNMAN2,2-3,SUCK,2026-09-01,145,0,0,0,0,0,145,0,0,0,0,0,2026-08-16,,,,
BUNMAN2,2-4,LACT_SOW,2026-09-01,10,0,0,0,0,0,10,0,0,0,0,0,2026-08-16,,,,
BUNMAN2,2-4,SUCK,2026-09-01,137,0,0,0,0,0,137,0,0,0,0,0,2026-08-16,,,,
BUNMAN2,2-5,LACT_SOW,2026-09-01,11,0,0,0,0,0,11,0,0,0,0,0,2026-08-16,,,,
BUNMAN2,2-5,SUCK,2026-09-01,131,0,0,0,0,0,131,0,0,0,0,0,2026-08-16,,,,
BUNMAN2,2-6,LACT_SOW,2026-09-01,12,0,0,0,0,0,12,0,0,0,0,0,2026-08-16,,,,
BUNMAN2,2-6,SUCK,2026-09-01,140,0,0,0,0,0,140,0,0,0,0,0,2026-08-16,,,,
BUNMAN2,2-7,LACT_SOW,2026-09-01,12,0,0,0,0,0,12,0,0,0,0,0,2026-08-23,,,,
BUNMAN2,2-7,SUCK,2026-09-01,154,0,0,0,0,0,154,0,0,0,0,0,2026-08-23,,,,
BUNMAN2,2-8,LACT_SOW,2026-09-01,12,0,0,0,0,0,12,0,0,0,0,0,2026-08-23,,,,
BUNMAN2,2-8,SUCK,2026-09-01,146,0,0,0,0,0,146,0,0,0,0,0,2026-08-23,,,,
BUNMAN2,2-9,LACT_SOW,2026-09-01,11,0,0,0,0,0,11,0,0,0,0,0,2026-08-23,,,,
BUNMAN2,2-9,SUCK,2026-09-01,138,0,0,0,0,0,138,0,0,0,0,0,2026-08-23,,,,
GEOMJUNG,1-1,,2026-09-01,100,0,0,0,0,0,100,0,0,0,0,0,2026-08-25,2026-05-21,kg,,
GEOMJUNG,1-2,,2026-09-01,100,0,0,0,0,0,100,0,0,0,0,0,2026-08-25,2026-05-28,kg,,
GEOMJUNG,1-3,,2026-09-01,100,0,0,0,0,0,100,0,0,0,0,0,2026-08-25,2026-05-28,kg,,
GEOMJUNG,1-4,,2026-09-01,0,0,0,0,0,0,0,0,0,0,0,0,,,kg,,
GEOMJUNG,1-5,,2026-09-01,0,0,0,0,0,0,0,0,0,0,0,0,,,kg,,
GEOMJUNG,1-6,,2026-09-01,0,0,0,0,0,0,0,0,0,0,0,0,2026-05-25,2026-02-13,kg,,
GEOMJUNG,1-7,,2026-09-01,38,0,0,0,0,0,38,0,0,0,0,0,2026-06-14,2026-03-05,kg,,
GEOMJUNG,1-8,,2026-09-01,26,0,0,0,0,0,26,0,0,0,0,0,2026-06-14,2026-03-05,kg,,
GEOMJUNG,2-1,,2026-09-01,50,0,0,0,0,0,50,0,0,0,0,0,2026-06-15,2026-03-12,kg,,
GEOMJUNG,2-2,,2026-09-01,51,0,0,0,0,0,51,0,0,0,0,0,2026-06-15,2026-03-12,kg,,
GEOMJUNG,2-3,,2026-09-01,55,0,0,0,0,0,55,0,0,0,0,0,2026-06-15,2026-03-12,kg,,
GEOMJUNG,2-4,,2026-09-01,48,0,0,0,0,0,48,0,0,0,0,0,2026-06-09,2026-03-05,kg,,
GEOMJUNG,2-5,,2026-09-01,78,0,0,0,0,0,78,0,0,0,0,0,2026-06-09,2026-03-05,kg,,
GEOMJUNG,2-6,,2026-09-01,54,0,0,0,0,0,54,0,0,0,0,0,2026-06-09,2026-03-05,kg,,
GEOMJUNG,2-7,,2026-09-01,33,0,0,0,0,0,33,0,0,0,0,0,2026-06-09,2026-03-05,kg,,
GEOMJUNG,2-8,,2026-09-01,44,0,0,0,0,0,44,0,0,0,0,0,2026-06-09,2026-03-05,kg,,
GEOMJUNG,3-1,,2026-09-01,68,0,0,0,0,0,68,0,0,0,0,0,2026-06-23,2026-03-19,kg,,
GEOMJUNG,3-2,,2026-09-01,59,0,0,0,0,0,59,0,0,0,0,0,2026-06-23,2026-03-26,kg,,
GEOMJUNG,3-3,,2026-09-01,75,0,0,0,0,0,75,0,0,0,0,0,2026-06-23,2026-03-26,kg,,
GEOMJUNG,3-4,,2026-09-01,85,0,0,0,0,0,85,0,0,0,0,0,2026-06-30,2026-03-26,kg,,
GEOMJUNG,3-5,,2026-09-01,85,0,0,0,0,0,85,0,0,0,0,0,2026-06-30,2026-04-04,kg,,
GEOMJUNG,3-6,,2026-09-01,75,0,0,0,0,0,75,0,0,0,0,0,2026-06-30,2026-04-04,kg,,
GEOMJUNG,3-7,,2026-09-01,91,0,0,0,0,0,91,0,0,0,0,0,2026-06-15,2026-04-04,kg,,
GEOMJUNG,3-8,,2026-09-01,48,0,0,0,0,0,48,0,0,0,0,0,2026-06-15,2026-04-09,kg,,
GEOMJUNG,4-1,,2026-09-01,100,0,0,0,0,0,100,0,0,0,0,0,2026-07-28,2026-04-17,kg,,
GEOMJUNG,4-2,,2026-09-01,95,0,0,0,0,0,95,0,0,0,0,0,2026-07-28,2026-04-17,kg,,
GEOMJUNG,4-3,,2026-09-01,99,0,0,0,0,0,99,0,0,0,0,0,2026-07-21,2026-04-17,kg,,
GEOMJUNG,4-4,,2026-09-01,100,0,0,0,0,0,100,0,0,0,0,0,2026-07-21,2026-04-09,kg,,
GEOMJUNG,4-5,,2026-09-01,100,0,0,0,0,0,100,0,0,0,0,0,2026-07-21,2026-04-09,kg,,
GEOMJUNG,4-6,,2026-09-01,97,0,0,0,0,0,97,0,0,0,0,0,2026-07-21,2026-04-09,kg,,
GEOMJUNG,4-7,,2026-09-01,100,0,0,0,0,0,100,0,0,0,0,0,2026-07-21,2026-04-09,kg,,
GEOMJUNG,4-8,,2026-09-01,49,0,0,0,0,0,49,0,0,0,0,0,2026-07-21,2026-04-09,kg,,
GEOMJUNG,5-1,,2026-09-01,100,0,0,0,0,0,100,0,0,0,0,0,2026-08-18,2026-05-14,kg,,
GEOMJUNG,5-2,,2026-09-01,100,0,0,0,0,0,100,0,0,0,0,0,2026-08-18,2026-05-14,kg,,
GEOMJUNG,5-3,,2026-09-01,100,0,0,0,0,0,100,0,0,0,0,0,2026-08-18,2026-05-14,kg,,
GEOMJUNG,5-4,,2026-09-01,100,0,0,0,0,0,100,0,0,0,0,0,2026-08-18,2026-05-14,kg,,
GEOMJUNG,5-5,,2026-09-01,99,0,0,0,0,0,99,0,0,0,0,0,2026-08-04,2026-05-04,kg,,
GEOMJUNG,5-6,,2026-09-01,100,0,0,0,0,0,100,0,0,0,0,0,2026-08-04,2026-05-04,kg,,
GEOMJUNG,5-7,,2026-09-01,100,0,0,0,0,0,100,0,0,0,0,0,2026-08-04,2026-05-04,kg,,
GEOMJUNG,5-8,,2026-09-01,100,0,0,0,0,0,100,0,0,0,0,0,2026-08-04,2026-05-04,kg,,
IMSIN1,,CAND_F,2026-09-01,0,0,0,0,0,0,0,0,0,0,0,0,,,,,
IMSIN1,,PREG,2026-09-01,360,0,0,0,0,0,360,0,0,0,0,0,,,,,
IMSIN1,,STAY_S,2026-09-01,0,0,0,0,0,0,0,0,0,0,0,0,,,,,
IMSIN2,,CAND_F,2026-09-01,0,0,0,0,0,0,0,0,0,0,0,0,,,,,
IMSIN2,,PREG,2026-09-01,344,0,0,0,0,0,344,0,0,0,0,0,,,,,
IMSIN2,,STAY_S,2026-09-01,0,0,0,0,0,0,0,0,0,0,0,0,,,,,
JADON,1-1,,2026-09-01,130,0,0,0,0,0,130,0,0,0,0,0,2026-07-23,2026-07-02,5,암,
JADON,1-10,,2026-09-01,130,0,0,0,0,0,130,0,0,0,0,0,/,2026-07-16,,암,
JADON,1-11,,2026-09-01,130,0,0,0,0,0,130,0,0,0,0,0,,2026-07-16,,암,
JADON,1-12,,2026-09-01,134,0,0,0,0,0,134,0,0,0,0,0,/,2026-07-16,,수,암55
JADON,1-13,,2026-09-01,132,0,0,0,0,0,132,0,0,0,0,0,8-13,2026-07-23,4.92,암,
JADON,1-14,,2026-09-01,132,0,0,0,0,0,132,0,0,0,0,0,/,2026-07-23,,수,
JADON,1-2,,2026-09-01,128,0,0,0,0,0,128,0,0,0,0,0,/,2026-07-02,,수,
JADON,1-3,,2026-09-01,140,0,0,0,0,0,140,0,0,0,0,0,7-30,2026-07-09,4.8,수,
JADON,1-4,,2026-09-01,139,0,0,0,0,0,139,0,0,0,0,0,/,2026-07-09,,암수,수44
JADON,1-5,,2026-09-01,139,0,0,0,0,0,139,0,0,0,0,0,/,2026-07-09,,암,
JADON,1-6,,2026-09-01,126,0,0,0,0,0,126,0,0,0,0,0,/,2026-07-09,,암,
JADON,1-7,,2026-09-01,129,0,0,0,0,0,129,0,0,0,0,0,/,2026-07-09,,수,
JADON,1-8,,2026-09-01,131,0,0,0,0,0,131,0,0,0,0,0,8-6,2026-07-16,4.9,수,
JADON,1-9,,2026-09-01,129,0,0,0,0,0,129,0,0,0,0,0,/,2026-07-16,,암수,암42
JADON,2-1,,2026-09-01,138,0,0,0,0,0,138,0,0,0,0,0,/,2026-07-23,,암수,35암
JADON,2-10,,2026-09-01,194,0,0,0,0,0,194,0,0,0,0,0,/,2026-08-06,,암/수,80암
JADON,2-11,,2026-09-01,195,0,0,0,0,0,195,0,0,0,0,0,/,2026-08-06,,암,
JADON,2-12,,2026-09-01,142,0,0,0,0,0,142,0,0,0,0,0,7-23,2026-07-02,5,암,
JADON,2-13,,2026-09-01,129,0,0,0,0,0,129,0,0,0,0,0,/,2026-07-02,,암,암68
JADON,2-14,,2026-09-01,130,0,0,0,0,0,130,0,0,0,0,0,/,2026-07-02,,암,
JADON,2-2,,2026-09-01,129,0,0,0,0,0,129,0,0,0,0,0,,2026-07-23,,수,
JADON,2-3,,2026-09-01,131,0,0,0,0,0,131,0,0,0,0,0,/,2026-07-23,,암,
JADON,2-4,,2026-09-01,121,0,0,0,0,0,121,0,0,0,0,0,8/20,2026-07-30,5.2,암,
JADON,2-5,,2026-09-01,121,0,0,0,0,0,121,0,0,0,0,0,/,2026-07-30,,암/수,93암
JADON,2-6,,2026-09-01,121,0,0,0,0,0,121,0,0,0,0,0,/,2026-07-30,,수,
JADON,2-7,,2026-09-01,121,0,0,0,0,0,121,0,0,0,0,0,/,2026-07-30,,수,
JADON,2-8,,2026-09-01,121,0,0,0,0,0,121,0,0,0,0,0,/,2026-07-30,,암,
JADON,2-9,,2026-09-01,190,0,0,0,0,0,190,0,0,0,0,0,8/27,2026-08-06,5.52,수,
JONGBU,,BOAR,2026-09-01,0,0,0,0,0,0,0,0,0,0,0,0,,,,,
JONGBU,,CAND_F,2026-09-01,35,0,0,0,0,0,35,0,0,0,0,0,,,,,
JONGBU,,PREG,2026-09-01,208,0,0,0,0,0,208,0,0,0,0,0,,,,,
JONGBU,,STAY_L,2026-09-01,0,0,0,0,0,0,0,0,0,0,0,0,,,,,
JONGBU,,STAY_S,2026-09-01,0,0,0,0,0,0,0,0,0,0,0,0,,,,,
JONGBU,,WEAN_PIG,2026-09-01,52,0,0,0,0,0,52,0,0,0,0,0,,,,,
SUNCHI,,CAND_F,2026-09-01,163,0,0,0,0,0,163,0,0,0,0,0,,,,,
SUNCHI,,CAND_M,2026-09-01,12,0,0,0,0,0,12,0,0,0,0,0,,,,,
SUNCHI,,PREG,2026-09-01,0,0,0,0,0,0,0,0,0,0,0,0,,,,,
SUNCHI,,STAY,2026-09-01,17,0,0,0,0,0,17,0,0,0,0,0,,,,,
SUNCHI,,WEAN_SOW,2026-09-01,4,0,0,0,0,0,4,0,0,0,0,0,,,,,
YUKSUNG,1-1,,2026-09-01,401,0,0,0,0,0,401,0,0,0,0,0,2026-08-10,2026-06-11,kg,수,
YUKSUNG,1-2,,2026-09-01,415,0,0,0,0,0,415,0,0,0,0,0,2026-08-17,2026-06-18,kg,수,
YUKSUNG,1-3,,2026-09-01,408,0,0,0,0,0,408,0,0,0,0,0,2026-08-24,2026-06-25,kg,수,
YUKSUNG,1-4,,2026-09-01,0,0,0,0,0,0,0,0,0,0,0,0,2026-07-13,2026-05-14,kg,수,
YUKSUNG,1-5,,2026-09-01,51,0,0,0,0,0,51,0,0,0,0,0,2026-07-20,2026-05-21,kg,수,
YUKSUNG,1-6,,2026-09-01,409,0,0,0,0,0,409,0,0,0,0,0,2026-07-27,2026-05-28,kg,수,
YUKSUNG,1-7,,2026-09-01,398,0,0,0,0,0,398,0,0,0,0,0,2026-08-03,2026-06-04,kg,수,
YUKSUNG,2-1,,2026-09-01,124,0,0,0,0,0,124,0,0,0,0,0,,,kg,암,
YUKSUNG,2-2,,2026-09-01,267,0,0,0,0,0,267,0,0,0,0,0,2026-08-10,2026-06-11,kg,암,
YUKSUNG,2-3,,2026-09-01,266,0,0,0,0,0,266,0,0,0,0,0,2026-08-17,2026-06-18,kg,암,
YUKSUNG,2-4,,2026-09-01,250,0,0,0,0,0,250,0,0,0,0,0,2026-08-24,2026-06-25,kg,암,
YUKSUNG,2-5,,2026-09-01,0,0,0,0,0,0,0,0,0,0,0,0,,,kg,암,
YUKSUNG,2-6,,2026-09-01,0,0,0,0,0,0,0,0,0,0,0,0,2026-07-20,2026-05-21,kg,암,
YUKSUNG,2-7,,2026-09-01,18,0,0,0,0,0,18,0,0,0,0,0,2026-07-27,2026-05-28,kg,암,
YUKSUNG,2-8,,2026-09-01,225,0,0,0,0,0,225,0,0,0,0,0,2026-08-03,2026-06-04,kg,암,
BIYUK_M,1-1,,2026-09-02,22,0,0,0,0,0,22,0,0,0,0,0,2026-06-02,2026-03-05,kg,,
BIYUK_M,1-2,,2026-09-02,114,0,0,0,0,0,114,0,0,0,0,0,2026-06-02,2026-03-05,kg,,
BIYUK_M,1-3,,2026-09-02,77,0,0,0,0,0,77,0,0,0,0,0,2026-06-09,2026-03-12,kg,,
BIYUK_M,1-4,,2026-09-02,138,0,0,0,0,0,138,0,0,0,0,0,2026-06-09,2026-03-12,kg,,
BIYUK_M,1-5,,2026-09-02,158,0,0,0,0,0,158,0,0,0,0,0,2026-06-15,2026-03-19,kg,,
BIYUK_M,1-6,,2026-09-02,149,0,0,0,0,0,149,0,0,0,0,0,2026-06-15,2026-03-26,kg,,
BIYUK_M,3-1,,2026-09-02,196,0,0,0,0,0,196,0,0,0,0,0,2026-06-23,2026-03-26,kg,,
BIYUK_M,3-2,,2026-09-02,191,0,0,0,0,0,191,0,0,0,0,0,2026-06-23,2026-04-04,kg,,
BIYUK_M,3-3,,2026-09-02,198,0,0,0,0,0,198,0,0,0,0,0,2026-06-30,2026-04-04,kg,,
BIYUK_M,3-4,,2026-09-02,194,0,0,0,0,0,194,0,0,0,0,0,2026-06-30,2026-04-09,kg,,
BIYUK_M,3-5,,2026-09-02,202,0,0,0,0,0,202,0,0,0,0,0,2026-07-15,2026-04-09,kg,,
BIYUK_M,3-6,,2026-09-02,207,0,0,0,0,0,207,0,0,0,0,0,2026-07-15,2026-04-17,kg,,
BIYUK_M,4-1,,2026-09-02,180,0,0,0,0,0,180,0,0,0,0,0,2026-07-21,2026-04-17,kg,,
BIYUK_M,4-2,,2026-09-02,183,0,0,0,0,0,183,0,0,0,0,0,2026-07-21,2026-04-17,kg,,
BIYUK_M,4-3,,2026-09-02,182,0,0,0,0,0,182,0,0,0,0,0,2026-07-28,2026-04-30,kg,,
BIYUK_M,4-4,,2026-09-02,184,0,0,0,0,0,184,0,0,0,0,0,2026-07-28,2026-04-30,kg,,
BIYUK_M,4-5,,2026-09-02,183,0,0,0,0,0,183,0,0,0,0,0,2026-08-04,2026-05-07,kg,,
BIYUK_M,4-6,,2026-09-02,184,0,0,0,0,0,184,0,0,0,0,0,2026-08-04,2026-05-07,kg,,
BIYUK_M,5-1,,2026-09-02,187,0,0,0,0,0,187,0,0,0,0,0,2026-08-18,2026-05-14,kg,,
BIYUK_M,5-2,,2026-09-02,189,0,0,0,0,0,189,0,0,0,0,0,2026-08-18,2026-05-21,kg,,
BIYUK_M,5-3,,2026-09-02,188,0,0,0,0,0,188,0,0,0,0,0,/,,kg,,
BIYUK_M,5-4,,2026-09-02,188,0,0,0,0,0,188,0,0,0,0,0,/,,kg,,
BIYUK_M,5-5,,2026-09-02,0,0,0,0,0,0,0,0,0,0,0,0,/,,kg,,
BIYUK_M,5-6,,2026-09-02,0,0,0,0,0,0,0,0,0,0,0,0,2026-05-19,2026-02-26,kg,,
BIYUK_M,6-1,,2026-09-02,0,0,0,0,0,0,0,0,0,0,0,0,2026-05-26,2026-02-26,kg,,
BIYUK_M,6-2,,2026-09-02,0,0,0,0,0,0,0,0,0,0,0,0,2026-05-26,2026-02-26,kg,,
BIYUK_M,6-3,,2026-09-02,0,0,0,0,0,0,0,0,0,0,0,0,2026-05-26,2026-02-26,kg,,
BIYUK_M,6-4,,2026-09-02,0,0,0,0,0,0,0,0,0,0,0,0,2026-05-26,2026-02-26,kg,,
BUNMAN1,1-1,FARROW_WAIT,2026-09-02,12,0,0,0,0,0,12,0,0,0,0,0,2026-08-30,,,,
BUNMAN1,1-10,LACT_SOW,2026-09-02,12,0,0,0,0,0,12,0,0,0,0,0,,,,,
BUNMAN1,1-10,SUCK,2026-09-02,140,0,0,0,0,0,140,0,0,0,0,0,,,,,
BUNMAN1,1-2,FARROW_WAIT,2026-09-02,12,0,0,0,0,0,12,0,0,0,0,0,2026-08-30,,,,
BUNMAN1,1-3,FARROW_WAIT,2026-09-02,12,0,0,0,0,0,12,0,0,0,0,0,2026-08-30,,,,
BUNMAN1,1-4,FARROW_WAIT,2026-09-02,12,0,0,0,0,0,12,0,0,0,0,0,2026-08-30,,,,
BUNMAN1,1-5,FARROW_WAIT,2026-09-02,8,0,0,0,0,0,8,0,0,0,0,0,2026-08-30,,,,
BUNMAN1,1-6,LACT_SOW,2026-09-02,12,0,0,0,0,0,12,0,0,0,0,0,2026-07-09,,,,
BUNMAN1,1-6,SUCK,2026-09-02,131,0,0,0,0,0,131,0,0,0,0,0,2026-07-09,,,,
BUNMAN1,1-7,LACT_SOW,2026-09-02,12,0,0,0,0,0,12,0,0,0,0,0,2026-07-12,,,,
BUNMAN1,1-7,SUCK,2026-09-02,138,0,0,0,0,0,138,0,0,0,0,0,2026-07-12,,,,
BUNMAN1,1-8,LACT_SOW,2026-09-02,12,0,0,0,0,0,12,0,0,0,0,0,,,,,
BUNMAN1,1-8,SUCK,2026-09-02,142,0,0,0,0,0,142,0,0,0,0,0,,,,,
BUNMAN1,1-9,LACT_SOW,2026-09-02,12,0,0,0,0,0,12,0,0,0,0,0,,,,,
BUNMAN1,1-9,SUCK,2026-09-02,147,0,0,0,0,0,147,0,0,0,0,0,,,,,
BUNMAN2,2-1,LACT_SOW,2026-09-02,12,0,0,0,0,0,12,0,0,0,0,0,2026-08-16,,,,
BUNMAN2,2-1,SUCK,2026-09-02,131,0,0,0,0,0,131,0,0,0,0,0,2026-08-16,,,,
BUNMAN2,2-10,FARROW_WAIT,2026-09-02,10,0,0,0,0,0,10,0,0,0,0,0,2026-08-23,,,,
BUNMAN2,2-11,FARROW_WAIT,2026-09-02,12,0,0,0,0,0,12,0,0,0,0,0,2026-08-23,,,,
BUNMAN2,2-2,LACT_SOW,2026-09-02,11,0,0,0,0,0,11,0,0,0,0,0,2026-08-16,,,,
BUNMAN2,2-2,SUCK,2026-09-02,129,0,0,0,0,0,129,0,0,0,0,0,2026-08-16,,,,
BUNMAN2,2-3,LACT_SOW,2026-09-02,12,0,0,0,0,0,12,0,0,0,0,0,2026-08-16,,,,
BUNMAN2,2-3,SUCK,2026-09-02,145,0,0,0,0,0,145,0,0,0,0,0,2026-08-16,,,,
BUNMAN2,2-4,LACT_SOW,2026-09-02,10,0,0,0,0,0,10,0,0,0,0,0,2026-08-16,,,,
BUNMAN2,2-4,SUCK,2026-09-02,137,0,0,0,0,0,137,0,0,0,0,0,2026-08-16,,,,
BUNMAN2,2-5,LACT_SOW,2026-09-02,11,0,0,0,0,0,11,0,0,0,0,0,2026-08-16,,,,
BUNMAN2,2-5,SUCK,2026-09-02,131,0,0,0,0,0,131,0,0,0,0,0,2026-08-16,,,,
BUNMAN2,2-6,LACT_SOW,2026-09-02,12,0,0,0,0,0,12,0,0,0,0,0,2026-08-16,,,,
BUNMAN2,2-6,SUCK,2026-09-02,140,0,0,0,0,0,140,0,0,0,0,0,2026-08-16,,,,
BUNMAN2,2-7,LACT_SOW,2026-09-02,12,0,0,0,0,0,12,0,0,0,0,0,2026-08-23,,,,
BUNMAN2,2-7,SUCK,2026-09-02,154,0,0,0,0,0,154,0,0,0,0,0,2026-08-23,,,,
BUNMAN2,2-8,LACT_SOW,2026-09-02,12,0,0,0,0,0,12,0,0,0,0,0,2026-08-23,,,,
BUNMAN2,2-8,SUCK,2026-09-02,146,0,0,0,0,0,146,0,0,0,0,0,2026-08-23,,,,
BUNMAN2,2-9,LACT_SOW,2026-09-02,11,0,0,0,0,0,11,0,0,0,0,0,2026-08-23,,,,
BUNMAN2,2-9,SUCK,2026-09-02,138,0,0,0,0,0,138,0,0,0,0,0,2026-08-23,,,,
GEOMJUNG,1-1,,2026-09-02,100,0,0,0,0,0,100,0,0,0,0,0,2026-05-25,2026-02-13,kg,,
GEOMJUNG,1-2,,2026-09-02,100,0,0,0,0,0,100,0,0,0,0,0,2026-05-25,2026-02-13,kg,,
GEOMJUNG,1-3,,2026-09-02,100,0,0,0,0,0,100,0,0,0,0,0,2026-02-25,2026-02-13,kg,,
GEOMJUNG,1-4,,2026-09-02,0,0,0,0,0,0,0,0,0,0,0,0,2026-05-25,2026-02-13,kg,,
GEOMJUNG,1-5,,2026-09-02,0,0,0,0,0,0,0,0,0,0,0,0,2026-05-25,2026-02-13,kg,,
GEOMJUNG,1-6,,2026-09-02,0,0,0,0,0,0,0,0,0,0,0,0,2026-05-25,2026-02-13,kg,,
GEOMJUNG,1-7,,2026-09-02,38,0,0,0,0,0,38,0,0,0,0,0,2026-06-14,2026-03-05,kg,,
GEOMJUNG,1-8,,2026-09-02,26,0,0,0,0,0,26,0,0,0,0,0,2026-06-14,2026-03-05,kg,,
GEOMJUNG,2-1,,2026-09-02,50,0,0,0,0,0,50,0,0,0,0,0,2026-06-15,2026-03-12,kg,,
GEOMJUNG,2-2,,2026-09-02,51,0,0,0,0,0,51,0,0,0,0,0,2026-06-15,2026-03-12,kg,,
GEOMJUNG,2-3,,2026-09-02,55,0,0,0,0,0,55,0,0,0,0,0,2026-06-15,2026-03-12,kg,,
GEOMJUNG,2-4,,2026-09-02,48,0,0,0,0,0,48,0,0,0,0,0,2026-06-09,2026-03-05,kg,,
GEOMJUNG,2-5,,2026-09-02,78,0,0,0,0,0,78,0,0,0,0,0,2026-06-09,2026-03-05,kg,,
GEOMJUNG,2-6,,2026-09-02,54,0,0,0,0,0,54,0,0,0,0,0,2026-06-09,2026-03-05,kg,,
GEOMJUNG,2-7,,2026-09-02,33,0,0,0,0,0,33,0,0,0,0,0,2026-06-09,2026-03-05,kg,,
GEOMJUNG,2-8,,2026-09-02,44,0,0,0,0,0,44,0,0,0,0,0,2026-06-09,2026-03-05,kg,,
GEOMJUNG,3-1,,2026-09-02,68,0,0,0,0,0,68,0,0,0,0,0,2026-06-23,2026-03-19,kg,,
GEOMJUNG,3-2,,2026-09-02,59,0,0,0,0,0,59,0,0,0,0,0,2026-06-23,2026-03-26,kg,,
GEOMJUNG,3-3,,2026-09-02,75,0,0,0,0,0,75,0,0,0,0,0,2026-06-23,2026-03-26,kg,,
GEOMJUNG,3-4,,2026-09-02,85,0,0,0,0,0,85,0,0,0,0,0,2026-06-30,2026-03-26,kg,,
GEOMJUNG,3-5,,2026-09-02,85,0,0,0,0,0,85,0,0,0,0,0,2026-06-30,2026-04-04,kg,,
GEOMJUNG,3-6,,2026-09-02,75,0,0,0,0,0,75,0,0,0,0,0,2026-06-30,2026-04-04,kg,,
GEOMJUNG,3-7,,2026-09-02,91,0,0,0,0,0,91,0,0,0,0,0,2026-06-15,2026-04-04,kg,,
GEOMJUNG,3-8,,2026-09-02,48,0,0,0,0,0,48,0,0,0,0,0,2026-06-15,2026-04-09,kg,,
GEOMJUNG,4-1,,2026-09-02,100,0,0,0,0,0,100,0,0,0,0,0,2026-07-28,2026-04-17,kg,,
GEOMJUNG,4-2,,2026-09-02,95,0,0,0,0,0,95,0,0,0,0,0,2026-07-28,2026-04-17,kg,,
GEOMJUNG,4-3,,2026-09-02,99,0,0,0,0,0,99,0,0,0,0,0,2026-07-21,2026-04-17,kg,,
GEOMJUNG,4-4,,2026-09-02,100,0,0,0,0,0,100,0,0,0,0,0,2026-07-21,2026-04-09,kg,,
GEOMJUNG,4-5,,2026-09-02,100,0,0,0,0,0,100,0,0,0,0,0,2026-07-21,2026-04-09,kg,,
GEOMJUNG,4-6,,2026-09-02,97,0,0,0,0,0,97,0,0,0,0,0,2026-07-21,2026-04-09,kg,,
GEOMJUNG,4-7,,2026-09-02,100,0,0,0,0,0,100,0,0,0,0,0,2026-07-21,2026-04-09,kg,,
GEOMJUNG,4-8,,2026-09-02,49,0,0,0,0,0,49,0,0,0,0,0,2026-07-21,2026-04-09,kg,,
GEOMJUNG,5-1,,2026-09-02,100,0,0,0,0,0,100,0,0,0,0,0,2026-08-18,2026-05-14,kg,,
GEOMJUNG,5-2,,2026-09-02,100,0,0,0,0,0,100,0,0,0,0,0,2026-08-18,2026-05-14,kg,,
GEOMJUNG,5-3,,2026-09-02,100,0,0,0,0,0,100,0,0,0,0,0,2026-08-18,2026-05-14,kg,,
GEOMJUNG,5-4,,2026-09-02,100,0,0,0,0,0,100,0,0,0,0,0,2026-08-18,2026-05-14,kg,,
GEOMJUNG,5-5,,2026-09-02,99,0,0,0,0,0,99,0,0,0,0,0,2026-08-04,2026-05-04,kg,,
GEOMJUNG,5-6,,2026-09-02,100,0,0,0,0,0,100,0,0,0,0,0,2026-08-04,2026-05-04,kg,,
GEOMJUNG,5-7,,2026-09-02,100,0,0,0,0,0,100,0,0,0,0,0,2026-08-04,2026-05-04,kg,,
GEOMJUNG,5-8,,2026-09-02,100,0,0,0,0,0,100,0,0,0,0,0,2026-08-04,2026-05-04,kg,,
IMSIN1,,CAND_F,2026-09-02,0,0,0,0,0,0,0,0,0,0,0,0,,,,,
IMSIN1,,PREG,2026-09-02,360,0,0,0,0,0,360,0,0,0,0,0,,,,,
IMSIN1,,STAY_S,2026-09-02,0,0,0,0,0,0,0,0,0,0,0,0,,,,,
IMSIN2,,CAND_F,2026-09-02,0,0,0,0,0,0,0,0,0,0,0,0,,,,,
IMSIN2,,PREG,2026-09-02,344,47,56,0,0,0,335,0,0,0,0,0,,,,,
IMSIN2,,STAY_S,2026-09-02,0,0,0,0,0,0,0,0,0,0,0,0,,,,,
JADON,1-1,,2026-09-02,130,0,0,0,0,0,130,0,0,0,0,0,2026-07-23,2026-07-02,5,암,
JADON,1-10,,2026-09-02,130,0,0,0,0,0,130,0,0,0,0,0,/,2026-07-16,,암,
JADON,1-11,,2026-09-02,130,0,0,0,0,0,130,0,0,0,0,0,,2026-07-16,5,암,
JADON,1-12,,2026-09-02,134,0,0,0,0,0,134,0,0,0,0,0,/,2026-07-16,,수,암55
JADON,1-13,,2026-09-02,132,0,0,0,0,0,132,0,0,0,0,0,8-13,2026-07-23,,암,
JADON,1-14,,2026-09-02,132,0,0,0,0,0,132,0,0,0,0,0,/,2026-07-23,,수,
JADON,1-2,,2026-09-02,128,0,0,0,0,0,128,0,0,0,0,0,/,2026-07-02,,수,
JADON,1-3,,2026-09-02,140,0,0,0,0,0,140,0,0,0,0,0,7-30,2026-07-09,4.8,수,
JADON,1-4,,2026-09-02,139,0,0,0,0,0,139,0,0,0,0,0,/,2026-07-09,,암수,수44
JADON,1-5,,2026-09-02,139,0,0,0,0,0,139,0,0,0,0,0,/,2026-07-09,,암,
JADON,1-6,,2026-09-02,126,0,0,0,0,0,126,0,0,0,0,0,/,2026-07-09,,암,
JADON,1-7,,2026-09-02,129,0,0,0,0,0,129,0,0,0,0,0,/,2026-07-09,,수,
JADON,1-8,,2026-09-02,131,0,0,0,0,0,131,0,0,0,0,0,8-6,2026-07-16,4.9,수,
JADON,1-9,,2026-09-02,129,0,0,0,0,0,129,0,0,0,0,0,/,2026-07-16,,암수,암85
JADON,2-1,,2026-09-02,138,0,0,0,0,0,138,0,0,0,0,0,/,2026-07-23,,암수,
JADON,2-10,,2026-09-02,194,0,0,0,0,0,194,0,0,0,0,0,/,2026-08-06,,암/수,
JADON,2-11,,2026-09-02,195,0,0,0,0,0,195,0,0,0,0,0,/,2026-08-06,,암,
JADON,2-12,,2026-09-02,142,0,0,0,0,0,142,0,0,0,0,0,7-23,2026-07-02,5,암,
JADON,2-13,,2026-09-02,129,0,0,0,0,0,129,0,0,0,0,0,/,2026-07-02,,암,암68
JADON,2-14,,2026-09-02,130,0,0,0,0,0,130,0,0,0,0,0,/,2026-07-02,,암,
JADON,2-2,,2026-09-02,129,0,0,0,0,0,129,0,0,0,0,0,,2026-07-23,5,수,
JADON,2-3,,2026-09-02,131,0,0,0,0,0,131,0,0,0,0,0,/,2026-07-23,,암,암57
JADON,2-4,,2026-09-02,121,0,0,0,0,0,121,0,0,0,0,0,8/20,2026-07-30,,암,
JADON,2-5,,2026-09-02,121,0,0,0,0,0,121,0,0,0,0,0,/,2026-07-30,,암/수,
JADON,2-6,,2026-09-02,121,0,0,0,0,0,121,0,0,0,0,0,/,2026-07-30,,수,
JADON,2-7,,2026-09-02,121,0,0,0,0,0,121,0,0,0,0,0,/,2026-07-30,5.4,수,
JADON,2-8,,2026-09-02,121,0,0,0,0,0,121,0,0,0,0,0,/,2026-07-30,,암,암68
JADON,2-9,,2026-09-02,190,0,0,0,0,0,190,0,0,0,0,0,8/27,2026-08-06,,수,
JONGBU,,BOAR,2026-09-02,0,0,0,0,0,0,0,0,0,0,0,0,,,,,
JONGBU,,CAND_F,2026-09-02,35,0,0,0,0,0,35,0,0,0,0,0,,,,,
JONGBU,,PREG,2026-09-02,208,1,47,0,0,0,162,0,0,0,0,0,,,,,
JONGBU,,STAY_L,2026-09-02,0,0,0,0,0,0,0,0,0,0,0,0,,,,,
JONGBU,,STAY_S,2026-09-02,0,0,0,0,0,0,0,0,0,0,0,0,,,,,
JONGBU,,WEAN_PIG,2026-09-02,52,52,0,0,0,0,104,0,0,0,0,0,,,,,
SUNCHI,,CAND_F,2026-09-02,163,0,0,0,0,0,163,0,0,0,0,0,,,,,
SUNCHI,,CAND_M,2026-09-02,12,0,0,0,0,0,12,0,0,0,0,0,,,,,
SUNCHI,,PREG,2026-09-02,0,0,0,0,0,0,0,0,0,0,0,0,,,,,
SUNCHI,,STAY,2026-09-02,17,0,1,0,0,0,16,0,0,0,0,0,,,,,
SUNCHI,,WEAN_SOW,2026-09-02,4,0,52,0,0,0,-48,0,0,0,0,0,,,,,
YUKSUNG,1-1,,2026-09-02,401,0,0,0,0,0,401,0,0,0,0,0,2026-08-10,2026-06-11,kg,수,
YUKSUNG,1-2,,2026-09-02,415,0,0,0,0,0,415,0,0,0,0,0,2026-08-17,2026-06-18,kg,수,
YUKSUNG,1-3,,2026-09-02,408,0,0,0,0,0,408,0,0,0,0,0,,,kg,수,
YUKSUNG,1-4,,2026-09-02,0,0,0,0,0,0,0,0,0,0,0,0,2026-07-13,2026-05-14,kg,수,
YUKSUNG,1-5,,2026-09-02,51,0,0,0,0,0,51,0,0,0,0,0,2026-07-20,2026-05-21,kg,수,
YUKSUNG,1-6,,2026-09-02,409,0,0,0,0,0,409,0,0,0,0,0,2026-07-27,2026-05-28,kg,수,
YUKSUNG,1-7,,2026-09-02,398,0,0,0,0,0,398,0,0,0,0,0,2026-08-03,2026-06-04,kg,수,
YUKSUNG,2-1,,2026-09-02,124,0,0,0,0,0,124,0,0,0,0,0,,,kg,암,
YUKSUNG,2-2,,2026-09-02,267,0,0,0,0,0,267,0,0,0,0,0,2026-08-10,2026-06-11,kg,암,
YUKSUNG,2-3,,2026-09-02,266,0,0,0,0,0,266,0,0,0,0,0,2026-08-17,2026-06-18,kg,암,
YUKSUNG,2-4,,2026-09-02,250,0,0,0,0,0,250,0,0,0,0,0,2026-07-14,2026-05-14,kg,암,
YUKSUNG,2-5,,2026-09-02,0,0,0,0,0,0,0,0,0,0,0,0,,,kg,암,
YUKSUNG,2-6,,2026-09-02,0,0,0,0,0,0,0,0,0,0,0,0,2026-07-20,2026-05-21,kg,암,
YUKSUNG,2-7,,2026-09-02,18,0,0,0,0,0,18,0,0,0,0,0,2026-07-27,2026-05-28,kg,암,
YUKSUNG,2-8,,2026-09-02,225,0,0,0,0,0,225,0,0,0,0,0,2026-08-03,2026-06-04,kg,암,
BIYUK_M,1-1,,2026-09-03,22,0,0,0,0,0,22,0,0,0,0,0,2026-06-02,2026-03-05,kg,,
BIYUK_M,1-2,,2026-09-03,114,0,0,0,0,0,114,0,0,0,0,0,2026-06-02,2026-03-05,kg,,
BIYUK_M,1-3,,2026-09-03,77,0,0,0,0,0,77,0,0,0,0,0,2026-06-09,2026-03-12,kg,,
BIYUK_M,1-4,,2026-09-03,138,0,0,0,0,0,138,0,0,0,0,0,2026-06-09,2026-03-12,kg,,
BIYUK_M,1-5,,2026-09-03,158,0,0,0,0,0,158,0,0,0,0,0,2026-06-15,2026-03-19,kg,,
BIYUK_M,1-6,,2026-09-03,149,0,0,0,0,0,149,0,0,0,0,0,2026-06-15,2026-03-26,kg,,
BIYUK_M,3-1,,2026-09-03,196,0,0,0,0,0,196,0,0,0,0,0,2026-06-23,2026-03-26,kg,,
BIYUK_M,3-2,,2026-09-03,191,0,0,0,0,0,191,0,0,0,0,0,2026-06-23,2026-04-04,kg,,
BIYUK_M,3-3,,2026-09-03,198,0,0,0,0,0,198,0,0,0,0,0,2026-06-30,2026-04-04,kg,,
BIYUK_M,3-4,,2026-09-03,194,0,0,0,0,0,194,0,0,0,0,0,2026-06-30,2026-04-09,kg,,
BIYUK_M,3-5,,2026-09-03,202,0,0,0,0,0,202,0,0,0,0,0,2026-07-15,2026-04-09,kg,,
BIYUK_M,3-6,,2026-09-03,207,0,0,0,0,0,207,0,0,0,0,0,2026-07-15,2026-04-17,kg,,
BIYUK_M,4-1,,2026-09-03,180,0,0,0,0,0,180,0,0,0,0,0,2026-07-21,2026-04-17,kg,,
BIYUK_M,4-2,,2026-09-03,183,0,0,0,0,0,183,0,0,0,0,0,2026-07-21,2026-04-17,kg,,
BIYUK_M,4-3,,2026-09-03,182,0,0,0,0,0,182,0,0,0,0,0,2026-07-28,2026-04-30,kg,,
BIYUK_M,4-4,,2026-09-03,184,0,0,0,0,0,184,0,0,0,0,0,2026-07-28,2026-04-30,kg,,
BIYUK_M,4-5,,2026-09-03,183,0,0,0,0,0,183,0,0,0,0,0,2026-08-04,2026-05-07,kg,,
BIYUK_M,4-6,,2026-09-03,184,0,0,0,0,0,184,0,0,0,0,0,2026-08-04,2026-05-07,kg,,
BIYUK_M,5-1,,2026-09-03,187,0,0,0,0,0,187,0,0,0,0,0,2026-08-18,2026-05-14,kg,,
BIYUK_M,5-2,,2026-09-03,189,0,0,0,0,0,189,0,0,0,0,0,2026-08-18,2026-05-21,kg,,
BIYUK_M,5-3,,2026-09-03,188,0,0,0,0,0,188,0,0,0,0,0,/,,kg,,
BIYUK_M,5-4,,2026-09-03,188,0,0,0,0,0,188,0,0,0,0,0,/,,kg,,
BIYUK_M,5-5,,2026-09-03,0,0,0,0,0,0,0,0,0,0,0,0,/,,kg,,
BIYUK_M,5-6,,2026-09-03,0,0,0,0,0,0,0,0,0,0,0,0,2026-05-19,2026-02-26,kg,,
BIYUK_M,6-1,,2026-09-03,0,0,0,0,0,0,0,0,0,0,0,0,2026-05-26,2026-02-26,kg,,
BIYUK_M,6-2,,2026-09-03,0,0,0,0,0,0,0,0,0,0,0,0,2026-05-26,2026-02-26,kg,,
BIYUK_M,6-3,,2026-09-03,0,0,0,0,0,0,0,0,0,0,0,0,2026-05-26,2026-02-26,kg,,
BIYUK_M,6-4,,2026-09-03,0,0,0,0,0,0,0,0,0,0,0,0,2026-05-26,2026-02-26,kg,,
